# Authored winter river; Wavefront CCW faces are converted by Godot's OBJ importer.
o river_banks
v -3.478668 0.000000 -72.000000
v -3.829716 0.000000 -71.000000
v -2.829716 -0.090000 -71.000000
v -3.478668 0.000000 -72.000000
v -2.829716 -0.090000 -71.000000
v -2.478668 -0.090000 -72.000000
v -2.478668 -0.090000 -72.000000
v -2.829716 -0.090000 -71.000000
v -2.289716 -0.370000 -71.000000
v -2.478668 -0.090000 -72.000000
v -2.289716 -0.370000 -71.000000
v -1.938668 -0.370000 -72.000000
v 15.260214 0.000000 -72.000000
v 13.796393 -0.090000 -71.000000
v 14.796393 0.000000 -71.000000
v 15.260214 0.000000 -72.000000
v 14.260214 -0.090000 -72.000000
v 13.796393 -0.090000 -71.000000
v 14.260214 -0.090000 -72.000000
v 13.256393 -0.370000 -71.000000
v 13.796393 -0.090000 -71.000000
v 14.260214 -0.090000 -72.000000
v 13.720214 -0.370000 -72.000000
v 13.256393 -0.370000 -71.000000
v -3.829716 0.000000 -71.000000
v -4.144381 0.000000 -70.000000
v -3.144381 -0.090000 -70.000000
v -3.829716 0.000000 -71.000000
v -3.144381 -0.090000 -70.000000
v -2.829716 -0.090000 -71.000000
v -2.829716 -0.090000 -71.000000
v -3.144381 -0.090000 -70.000000
v -2.604381 -0.370000 -70.000000
v -2.829716 -0.090000 -71.000000
v -2.604381 -0.370000 -70.000000
v -2.289716 -0.370000 -71.000000
v 14.796393 0.000000 -71.000000
v 13.366702 -0.090000 -70.000000
v 14.366702 0.000000 -70.000000
v 14.796393 0.000000 -71.000000
v 13.796393 -0.090000 -71.000000
v 13.366702 -0.090000 -70.000000
v 13.796393 -0.090000 -71.000000
v 12.826702 -0.370000 -70.000000
v 13.366702 -0.090000 -70.000000
v 13.796393 -0.090000 -71.000000
v 13.256393 -0.370000 -71.000000
v 12.826702 -0.370000 -70.000000
v -4.144381 0.000000 -70.000000
v -4.422445 0.000000 -69.000000
v -3.422445 -0.090000 -69.000000
v -4.144381 0.000000 -70.000000
v -3.422445 -0.090000 -69.000000
v -3.144381 -0.090000 -70.000000
v -3.144381 -0.090000 -70.000000
v -3.422445 -0.090000 -69.000000
v -2.882445 -0.370000 -69.000000
v -3.144381 -0.090000 -70.000000
v -2.882445 -0.370000 -69.000000
v -2.604381 -0.370000 -70.000000
v 14.366702 0.000000 -70.000000
v 12.971772 -0.090000 -69.000000
v 13.971772 0.000000 -69.000000
v 14.366702 0.000000 -70.000000
v 13.366702 -0.090000 -70.000000
v 12.971772 -0.090000 -69.000000
v 13.366702 -0.090000 -70.000000
v 12.431772 -0.370000 -69.000000
v 12.971772 -0.090000 -69.000000
v 13.366702 -0.090000 -70.000000
v 12.826702 -0.370000 -70.000000
v 12.431772 -0.370000 -69.000000
v -4.422445 0.000000 -69.000000
v -4.664126 0.000000 -68.000000
v -3.664126 -0.090000 -68.000000
v -4.422445 0.000000 -69.000000
v -3.664126 -0.090000 -68.000000
v -3.422445 -0.090000 -69.000000
v -3.422445 -0.090000 -69.000000
v -3.664126 -0.090000 -68.000000
v -3.124126 -0.370000 -68.000000
v -3.422445 -0.090000 -69.000000
v -3.124126 -0.370000 -68.000000
v -2.882445 -0.370000 -69.000000
v 13.971772 0.000000 -69.000000
v 12.611806 -0.090000 -68.000000
v 13.611806 0.000000 -68.000000
v 13.971772 0.000000 -69.000000
v 12.971772 -0.090000 -69.000000
v 12.611806 -0.090000 -68.000000
v 12.971772 -0.090000 -69.000000
v 12.071806 -0.370000 -68.000000
v 12.611806 -0.090000 -68.000000
v 12.971772 -0.090000 -69.000000
v 12.431772 -0.370000 -69.000000
v 12.071806 -0.370000 -68.000000
v -4.664126 0.000000 -68.000000
v -4.870068 0.000000 -67.000000
v -3.870068 -0.090000 -67.000000
v -4.664126 0.000000 -68.000000
v -3.870068 -0.090000 -67.000000
v -3.664126 -0.090000 -68.000000
v -3.664126 -0.090000 -68.000000
v -3.870068 -0.090000 -67.000000
v -3.330068 -0.370000 -67.000000
v -3.664126 -0.090000 -68.000000
v -3.330068 -0.370000 -67.000000
v -3.124126 -0.370000 -68.000000
v 13.611806 0.000000 -68.000000
v 12.286586 -0.090000 -67.000000
v 13.286586 0.000000 -67.000000
v 13.611806 0.000000 -68.000000
v 12.611806 -0.090000 -68.000000
v 12.286586 -0.090000 -67.000000
v 12.611806 -0.090000 -68.000000
v 11.746586 -0.370000 -67.000000
v 12.286586 -0.090000 -67.000000
v 12.611806 -0.090000 -68.000000
v 12.071806 -0.370000 -68.000000
v 11.746586 -0.370000 -67.000000
v -4.870068 0.000000 -67.000000
v -5.041329 0.000000 -66.000000
v -4.041329 -0.090000 -66.000000
v -4.870068 0.000000 -67.000000
v -4.041329 -0.090000 -66.000000
v -3.870068 -0.090000 -67.000000
v -3.870068 -0.090000 -67.000000
v -4.041329 -0.090000 -66.000000
v -3.501329 -0.370000 -66.000000
v -3.870068 -0.090000 -67.000000
v -3.501329 -0.370000 -66.000000
v -3.330068 -0.370000 -67.000000
v 13.286586 0.000000 -67.000000
v 11.995483 -0.090000 -66.000000
v 12.995483 0.000000 -66.000000
v 13.286586 0.000000 -67.000000
v 12.286586 -0.090000 -67.000000
v 11.995483 -0.090000 -66.000000
v 12.286586 -0.090000 -67.000000
v 11.455483 -0.370000 -66.000000
v 11.995483 -0.090000 -66.000000
v 12.286586 -0.090000 -67.000000
v 11.746586 -0.370000 -67.000000
v 11.455483 -0.370000 -66.000000
v -5.041329 0.000000 -66.000000
v -5.179361 0.000000 -65.000000
v -4.179361 -0.090000 -65.000000
v -5.041329 0.000000 -66.000000
v -4.179361 -0.090000 -65.000000
v -4.041329 -0.090000 -66.000000
v -4.041329 -0.090000 -66.000000
v -4.179361 -0.090000 -65.000000
v -3.639361 -0.370000 -65.000000
v -4.041329 -0.090000 -66.000000
v -3.639361 -0.370000 -65.000000
v -3.501329 -0.370000 -66.000000
v 12.995483 0.000000 -66.000000
v 11.737478 -0.090000 -65.000000
v 12.737478 0.000000 -65.000000
v 12.995483 0.000000 -66.000000
v 11.995483 -0.090000 -66.000000
v 11.737478 -0.090000 -65.000000
v 11.995483 -0.090000 -66.000000
v 11.197478 -0.370000 -65.000000
v 11.737478 -0.090000 -65.000000
v 11.995483 -0.090000 -66.000000
v 11.455483 -0.370000 -66.000000
v 11.197478 -0.370000 -65.000000
v -5.179361 0.000000 -65.000000
v -5.285984 0.000000 -64.000000
v -4.285984 -0.090000 -64.000000
v -5.179361 0.000000 -65.000000
v -4.285984 -0.090000 -64.000000
v -4.179361 -0.090000 -65.000000
v -4.179361 -0.090000 -65.000000
v -4.285984 -0.090000 -64.000000
v -3.745984 -0.370000 -64.000000
v -4.179361 -0.090000 -65.000000
v -3.745984 -0.370000 -64.000000
v -3.639361 -0.370000 -65.000000
v 12.737478 0.000000 -65.000000
v 11.511180 -0.090000 -64.000000
v 12.511180 0.000000 -64.000000
v 12.737478 0.000000 -65.000000
v 11.737478 -0.090000 -65.000000
v 11.511180 -0.090000 -64.000000
v 11.737478 -0.090000 -65.000000
v 10.971180 -0.370000 -64.000000
v 11.511180 -0.090000 -64.000000
v 11.737478 -0.090000 -65.000000
v 11.197478 -0.370000 -65.000000
v 10.971180 -0.370000 -64.000000
v -5.285984 0.000000 -64.000000
v -5.363360 0.000000 -63.000000
v -4.363360 -0.090000 -63.000000
v -5.285984 0.000000 -64.000000
v -4.363360 -0.090000 -63.000000
v -4.285984 -0.090000 -64.000000
v -4.285984 -0.090000 -64.000000
v -4.363360 -0.090000 -63.000000
v -3.823360 -0.370000 -63.000000
v -4.285984 -0.090000 -64.000000
v -3.823360 -0.370000 -63.000000
v -3.745984 -0.370000 -64.000000
v 12.511180 0.000000 -64.000000
v 11.314860 -0.090000 -63.000000
v 12.314860 0.000000 -63.000000
v 12.511180 0.000000 -64.000000
v 11.511180 -0.090000 -64.000000
v 11.314860 -0.090000 -63.000000
v 11.511180 -0.090000 -64.000000
v 10.774860 -0.370000 -63.000000
v 11.314860 -0.090000 -63.000000
v 11.511180 -0.090000 -64.000000
v 10.971180 -0.370000 -64.000000
v 10.774860 -0.370000 -63.000000
v -5.363360 0.000000 -63.000000
v -5.413962 0.000000 -62.000000
v -4.413962 -0.090000 -62.000000
v -5.363360 0.000000 -63.000000
v -4.413962 -0.090000 -62.000000
v -4.363360 -0.090000 -63.000000
v -4.363360 -0.090000 -63.000000
v -4.413962 -0.090000 -62.000000
v -3.873962 -0.370000 -62.000000
v -4.363360 -0.090000 -63.000000
v -3.873962 -0.370000 -62.000000
v -3.823360 -0.370000 -63.000000
v 12.314860 0.000000 -63.000000
v 11.146471 -0.090000 -62.000000
v 12.146471 0.000000 -62.000000
v 12.314860 0.000000 -63.000000
v 11.314860 -0.090000 -63.000000
v 11.146471 -0.090000 -62.000000
v 11.314860 -0.090000 -63.000000
v 10.606471 -0.370000 -62.000000
v 11.146471 -0.090000 -62.000000
v 11.314860 -0.090000 -63.000000
v 10.774860 -0.370000 -63.000000
v 10.606471 -0.370000 -62.000000
v -5.413962 0.000000 -62.000000
v -5.440534 0.000000 -61.000000
v -4.440534 -0.090000 -61.000000
v -5.413962 0.000000 -62.000000
v -4.440534 -0.090000 -61.000000
v -4.413962 -0.090000 -62.000000
v -4.413962 -0.090000 -62.000000
v -4.440534 -0.090000 -61.000000
v -3.900534 -0.370000 -61.000000
v -4.413962 -0.090000 -62.000000
v -3.900534 -0.370000 -61.000000
v -3.873962 -0.370000 -62.000000
v 12.146471 0.000000 -62.000000
v 11.003695 -0.090000 -61.000000
v 12.003695 0.000000 -61.000000
v 12.146471 0.000000 -62.000000
v 11.146471 -0.090000 -62.000000
v 11.003695 -0.090000 -61.000000
v 11.146471 -0.090000 -62.000000
v 10.463695 -0.370000 -61.000000
v 11.003695 -0.090000 -61.000000
v 11.146471 -0.090000 -62.000000
v 10.606471 -0.370000 -62.000000
v 10.463695 -0.370000 -61.000000
v -5.440534 0.000000 -61.000000
v -5.446055 0.000000 -60.000000
v -4.446055 -0.090000 -60.000000
v -5.440534 0.000000 -61.000000
v -4.446055 -0.090000 -60.000000
v -4.440534 -0.090000 -61.000000
v -4.440534 -0.090000 -61.000000
v -4.446055 -0.090000 -60.000000
v -3.906055 -0.370000 -60.000000
v -4.440534 -0.090000 -61.000000
v -3.906055 -0.370000 -60.000000
v -3.900534 -0.370000 -61.000000
v 12.003695 0.000000 -61.000000
v 10.883969 -0.090000 -60.000000
v 11.883969 0.000000 -60.000000
v 12.003695 0.000000 -61.000000
v 11.003695 -0.090000 -61.000000
v 10.883969 -0.090000 -60.000000
v 11.003695 -0.090000 -61.000000
v 10.343969 -0.370000 -60.000000
v 10.883969 -0.090000 -60.000000
v 11.003695 -0.090000 -61.000000
v 10.463695 -0.370000 -61.000000
v 10.343969 -0.370000 -60.000000
v -5.446055 0.000000 -60.000000
v -5.433697 0.000000 -59.000000
v -4.433697 -0.090000 -59.000000
v -5.446055 0.000000 -60.000000
v -4.433697 -0.090000 -59.000000
v -4.446055 -0.090000 -60.000000
v -4.446055 -0.090000 -60.000000
v -4.433697 -0.090000 -59.000000
v -3.893697 -0.370000 -59.000000
v -4.446055 -0.090000 -60.000000
v -3.893697 -0.370000 -59.000000
v -3.906055 -0.370000 -60.000000
v 11.883969 0.000000 -60.000000
v 10.784534 -0.090000 -59.000000
v 11.784534 0.000000 -59.000000
v 11.883969 0.000000 -60.000000
v 10.883969 -0.090000 -60.000000
v 10.784534 -0.090000 -59.000000
v 10.883969 -0.090000 -60.000000
v 10.244534 -0.370000 -59.000000
v 10.784534 -0.090000 -59.000000
v 10.883969 -0.090000 -60.000000
v 10.343969 -0.370000 -60.000000
v 10.244534 -0.370000 -59.000000
v -5.433697 0.000000 -59.000000
v -5.406778 0.000000 -58.000000
v -4.406778 -0.090000 -58.000000
v -5.433697 0.000000 -59.000000
v -4.406778 -0.090000 -58.000000
v -4.433697 -0.090000 -59.000000
v -4.433697 -0.090000 -59.000000
v -4.406778 -0.090000 -58.000000
v -3.866778 -0.370000 -58.000000
v -4.433697 -0.090000 -59.000000
v -3.866778 -0.370000 -58.000000
v -3.893697 -0.370000 -59.000000
v 11.784534 0.000000 -59.000000
v 10.702473 -0.090000 -58.000000
v 11.702473 0.000000 -58.000000
v 11.784534 0.000000 -59.000000
v 10.784534 -0.090000 -59.000000
v 10.702473 -0.090000 -58.000000
v 10.784534 -0.090000 -59.000000
v 10.162473 -0.370000 -58.000000
v 10.702473 -0.090000 -58.000000
v 10.784534 -0.090000 -59.000000
v 10.244534 -0.370000 -59.000000
v 10.162473 -0.370000 -58.000000
v -5.406778 0.000000 -58.000000
v -5.368719 0.000000 -57.000000
v -4.368719 -0.090000 -57.000000
v -5.406778 0.000000 -58.000000
v -4.368719 -0.090000 -57.000000
v -4.406778 -0.090000 -58.000000
v -4.406778 -0.090000 -58.000000
v -4.368719 -0.090000 -57.000000
v -3.828719 -0.370000 -57.000000
v -4.406778 -0.090000 -58.000000
v -3.828719 -0.370000 -57.000000
v -3.866778 -0.370000 -58.000000
v 11.702473 0.000000 -58.000000
v 10.634757 -0.090000 -57.000000
v 11.634757 0.000000 -57.000000
v 11.702473 0.000000 -58.000000
v 10.702473 -0.090000 -58.000000
v 10.634757 -0.090000 -57.000000
v 10.702473 -0.090000 -58.000000
v 10.094757 -0.370000 -57.000000
v 10.634757 -0.090000 -57.000000
v 10.702473 -0.090000 -58.000000
v 10.162473 -0.370000 -58.000000
v 10.094757 -0.370000 -57.000000
v -5.368719 0.000000 -57.000000
v -5.322998 0.000000 -56.000000
v -4.322998 -0.090000 -56.000000
v -5.368719 0.000000 -57.000000
v -4.322998 -0.090000 -56.000000
v -4.368719 -0.090000 -57.000000
v -4.368719 -0.090000 -57.000000
v -4.322998 -0.090000 -56.000000
v -3.782998 -0.370000 -56.000000
v -4.368719 -0.090000 -57.000000
v -3.782998 -0.370000 -56.000000
v -3.828719 -0.370000 -57.000000
v 11.634757 0.000000 -57.000000
v 10.578291 -0.090000 -56.000000
v 11.578291 0.000000 -56.000000
v 11.634757 0.000000 -57.000000
v 10.634757 -0.090000 -57.000000
v 10.578291 -0.090000 -56.000000
v 10.634757 -0.090000 -57.000000
v 10.038291 -0.370000 -56.000000
v 10.578291 -0.090000 -56.000000
v 10.634757 -0.090000 -57.000000
v 10.094757 -0.370000 -57.000000
v 10.038291 -0.370000 -56.000000
v -5.322998 0.000000 -56.000000
v -5.273099 0.000000 -55.000000
v -4.273099 -0.090000 -55.000000
v -5.322998 0.000000 -56.000000
v -4.273099 -0.090000 -55.000000
v -4.322998 -0.090000 -56.000000
v -4.322998 -0.090000 -56.000000
v -4.273099 -0.090000 -55.000000
v -3.733099 -0.370000 -55.000000
v -4.322998 -0.090000 -56.000000
v -3.733099 -0.370000 -55.000000
v -3.782998 -0.370000 -56.000000
v 11.578291 0.000000 -56.000000
v 10.529957 -0.090000 -55.000000
v 11.529957 0.000000 -55.000000
v 11.578291 0.000000 -56.000000
v 10.578291 -0.090000 -56.000000
v 10.529957 -0.090000 -55.000000
v 10.578291 -0.090000 -56.000000
v 9.989957 -0.370000 -55.000000
v 10.529957 -0.090000 -55.000000
v 10.578291 -0.090000 -56.000000
v 10.038291 -0.370000 -56.000000
v 9.989957 -0.370000 -55.000000
v -5.273099 0.000000 -55.000000
v -5.222467 0.000000 -54.000000
v -4.222467 -0.090000 -54.000000
v -5.273099 0.000000 -55.000000
v -4.222467 -0.090000 -54.000000
v -4.273099 -0.090000 -55.000000
v -4.273099 -0.090000 -55.000000
v -4.222467 -0.090000 -54.000000
v -3.682467 -0.370000 -54.000000
v -4.273099 -0.090000 -55.000000
v -3.682467 -0.370000 -54.000000
v -3.733099 -0.370000 -55.000000
v 11.529957 0.000000 -55.000000
v 10.486663 -0.090000 -54.000000
v 11.486663 0.000000 -54.000000
v 11.529957 0.000000 -55.000000
v 10.529957 -0.090000 -55.000000
v 10.486663 -0.090000 -54.000000
v 10.529957 -0.090000 -55.000000
v 9.946663 -0.370000 -54.000000
v 10.486663 -0.090000 -54.000000
v 10.529957 -0.090000 -55.000000
v 9.989957 -0.370000 -55.000000
v 9.946663 -0.370000 -54.000000
v -5.222467 0.000000 -54.000000
v -5.174460 0.000000 -53.000000
v -4.174460 -0.090000 -53.000000
v -5.222467 0.000000 -54.000000
v -4.174460 -0.090000 -53.000000
v -4.222467 -0.090000 -54.000000
v -4.222467 -0.090000 -54.000000
v -4.174460 -0.090000 -53.000000
v -3.634460 -0.370000 -53.000000
v -4.222467 -0.090000 -54.000000
v -3.634460 -0.370000 -53.000000
v -3.682467 -0.370000 -54.000000
v 11.486663 0.000000 -54.000000
v 10.445390 -0.090000 -53.000000
v 11.445390 0.000000 -53.000000
v 11.486663 0.000000 -54.000000
v 10.486663 -0.090000 -54.000000
v 10.445390 -0.090000 -53.000000
v 10.486663 -0.090000 -54.000000
v 9.905390 -0.370000 -53.000000
v 10.445390 -0.090000 -53.000000
v 10.486663 -0.090000 -54.000000
v 9.946663 -0.370000 -54.000000
v 9.905390 -0.370000 -53.000000
v -5.174460 0.000000 -53.000000
v -5.132305 0.000000 -52.000000
v -4.132305 -0.090000 -52.000000
v -5.174460 0.000000 -53.000000
v -4.132305 -0.090000 -52.000000
v -4.174460 -0.090000 -53.000000
v -4.174460 -0.090000 -53.000000
v -4.132305 -0.090000 -52.000000
v -3.592305 -0.370000 -52.000000
v -4.174460 -0.090000 -53.000000
v -3.592305 -0.370000 -52.000000
v -3.634460 -0.370000 -53.000000
v 11.445390 0.000000 -53.000000
v 10.403232 -0.090000 -52.000000
v 11.403232 0.000000 -52.000000
v 11.445390 0.000000 -53.000000
v 10.445390 -0.090000 -53.000000
v 10.403232 -0.090000 -52.000000
v 10.445390 -0.090000 -53.000000
v 9.863232 -0.370000 -52.000000
v 10.403232 -0.090000 -52.000000
v 10.445390 -0.090000 -53.000000
v 9.905390 -0.370000 -53.000000
v 9.863232 -0.370000 -52.000000
v -5.132305 0.000000 -52.000000
v -5.099054 0.000000 -51.000000
v -4.099054 -0.090000 -51.000000
v -5.132305 0.000000 -52.000000
v -4.099054 -0.090000 -51.000000
v -4.132305 -0.090000 -52.000000
v -4.132305 -0.090000 -52.000000
v -4.099054 -0.090000 -51.000000
v -3.559054 -0.370000 -51.000000
v -4.132305 -0.090000 -52.000000
v -3.559054 -0.370000 -51.000000
v -3.592305 -0.370000 -52.000000
v 11.403232 0.000000 -52.000000
v 10.357441 -0.090000 -51.000000
v 11.357441 0.000000 -51.000000
v 11.403232 0.000000 -52.000000
v 10.403232 -0.090000 -52.000000
v 10.357441 -0.090000 -51.000000
v 10.403232 -0.090000 -52.000000
v 9.817441 -0.370000 -51.000000
v 10.357441 -0.090000 -51.000000
v 10.403232 -0.090000 -52.000000
v 9.863232 -0.370000 -52.000000
v 9.817441 -0.370000 -51.000000
v -5.099054 0.000000 -51.000000
v -5.077541 0.000000 -50.000000
v -4.077541 -0.090000 -50.000000
v -5.099054 0.000000 -51.000000
v -4.077541 -0.090000 -50.000000
v -4.099054 -0.090000 -51.000000
v -4.099054 -0.090000 -51.000000
v -4.077541 -0.090000 -50.000000
v -3.537541 -0.370000 -50.000000
v -4.099054 -0.090000 -51.000000
v -3.537541 -0.370000 -50.000000
v -3.559054 -0.370000 -51.000000
v 11.357441 0.000000 -51.000000
v 10.305466 -0.090000 -50.000000
v 11.305466 0.000000 -50.000000
v 11.357441 0.000000 -51.000000
v 10.357441 -0.090000 -51.000000
v 10.305466 -0.090000 -50.000000
v 10.357441 -0.090000 -51.000000
v 9.765466 -0.370000 -50.000000
v 10.305466 -0.090000 -50.000000
v 10.357441 -0.090000 -51.000000
v 9.817441 -0.370000 -51.000000
v 9.765466 -0.370000 -50.000000
v -5.077541 0.000000 -50.000000
v -5.070346 0.000000 -49.000000
v -4.070346 -0.090000 -49.000000
v -5.077541 0.000000 -50.000000
v -4.070346 -0.090000 -49.000000
v -4.077541 -0.090000 -50.000000
v -4.077541 -0.090000 -50.000000
v -4.070346 -0.090000 -49.000000
v -3.530346 -0.370000 -49.000000
v -4.077541 -0.090000 -50.000000
v -3.530346 -0.370000 -49.000000
v -3.537541 -0.370000 -50.000000
v 11.305466 0.000000 -50.000000
v 10.244993 -0.090000 -49.000000
v 11.244993 0.000000 -49.000000
v 11.305466 0.000000 -50.000000
v 10.305466 -0.090000 -50.000000
v 10.244993 -0.090000 -49.000000
v 10.305466 -0.090000 -50.000000
v 9.704993 -0.370000 -49.000000
v 10.244993 -0.090000 -49.000000
v 10.305466 -0.090000 -50.000000
v 9.765466 -0.370000 -50.000000
v 9.704993 -0.370000 -49.000000
v -5.070346 0.000000 -49.000000
v -5.079755 0.000000 -48.000000
v -4.079755 -0.090000 -48.000000
v -5.070346 0.000000 -49.000000
v -4.079755 -0.090000 -48.000000
v -4.070346 -0.090000 -49.000000
v -4.070346 -0.090000 -49.000000
v -4.079755 -0.090000 -48.000000
v -3.539755 -0.370000 -48.000000
v -4.070346 -0.090000 -49.000000
v -3.539755 -0.370000 -48.000000
v -3.530346 -0.370000 -49.000000
v 11.244993 0.000000 -49.000000
v 10.173979 -0.090000 -48.000000
v 11.173979 0.000000 -48.000000
v 11.244993 0.000000 -49.000000
v 10.244993 -0.090000 -49.000000
v 10.173979 -0.090000 -48.000000
v 10.244993 -0.090000 -49.000000
v 9.633979 -0.370000 -48.000000
v 10.173979 -0.090000 -48.000000
v 10.244993 -0.090000 -49.000000
v 9.704993 -0.370000 -49.000000
v 9.633979 -0.370000 -48.000000
v -7.914702 0.000000 -32.000000
v -8.193344 0.000000 -31.000000
v -7.193344 -0.090000 -31.000000
v -7.914702 0.000000 -32.000000
v -7.193344 -0.090000 -31.000000
v -6.914702 -0.090000 -32.000000
v -6.914702 -0.090000 -32.000000
v -7.193344 -0.090000 -31.000000
v -6.653344 -0.370000 -31.000000
v -6.914702 -0.090000 -32.000000
v -6.653344 -0.370000 -31.000000
v -6.374702 -0.370000 -32.000000
v 8.285097 0.000000 -32.000000
v 7.061945 -0.090000 -31.000000
v 8.061945 0.000000 -31.000000
v 8.285097 0.000000 -32.000000
v 7.285097 -0.090000 -32.000000
v 7.061945 -0.090000 -31.000000
v 7.285097 -0.090000 -32.000000
v 6.521945 -0.370000 -31.000000
v 7.061945 -0.090000 -31.000000
v 7.285097 -0.090000 -32.000000
v 6.745097 -0.370000 -32.000000
v 6.521945 -0.370000 -31.000000
v -8.193344 0.000000 -31.000000
v -8.466802 0.000000 -30.000000
v -7.466802 -0.090000 -30.000000
v -8.193344 0.000000 -31.000000
v -7.466802 -0.090000 -30.000000
v -7.193344 -0.090000 -31.000000
v -7.193344 -0.090000 -31.000000
v -7.466802 -0.090000 -30.000000
v -6.926802 -0.370000 -30.000000
v -7.193344 -0.090000 -31.000000
v -6.926802 -0.370000 -30.000000
v -6.653344 -0.370000 -31.000000
v 8.061945 0.000000 -31.000000
v 6.850256 -0.090000 -30.000000
v 7.850256 0.000000 -30.000000
v 8.061945 0.000000 -31.000000
v 7.061945 -0.090000 -31.000000
v 6.850256 -0.090000 -30.000000
v 7.061945 -0.090000 -31.000000
v 6.310256 -0.370000 -30.000000
v 6.850256 -0.090000 -30.000000
v 7.061945 -0.090000 -31.000000
v 6.521945 -0.370000 -31.000000
v 6.310256 -0.370000 -30.000000
v -8.466802 0.000000 -30.000000
v -8.731229 0.000000 -29.000000
v -7.731229 -0.090000 -29.000000
v -8.466802 0.000000 -30.000000
v -7.731229 -0.090000 -29.000000
v -7.466802 -0.090000 -30.000000
v -7.466802 -0.090000 -30.000000
v -7.731229 -0.090000 -29.000000
v -7.191229 -0.370000 -29.000000
v -7.466802 -0.090000 -30.000000
v -7.191229 -0.370000 -29.000000
v -6.926802 -0.370000 -30.000000
v 7.850256 0.000000 -30.000000
v 6.653655 -0.090000 -29.000000
v 7.653655 0.000000 -29.000000
v 7.850256 0.000000 -30.000000
v 6.850256 -0.090000 -30.000000
v 6.653655 -0.090000 -29.000000
v 6.850256 -0.090000 -30.000000
v 6.113655 -0.370000 -29.000000
v 6.653655 -0.090000 -29.000000
v 6.850256 -0.090000 -30.000000
v 6.310256 -0.370000 -30.000000
v 6.113655 -0.370000 -29.000000
v -8.731229 0.000000 -29.000000
v -8.982735 0.000000 -28.000000
v -7.982735 -0.090000 -28.000000
v -8.731229 0.000000 -29.000000
v -7.982735 -0.090000 -28.000000
v -7.731229 -0.090000 -29.000000
v -7.731229 -0.090000 -29.000000
v -7.982735 -0.090000 -28.000000
v -7.442735 -0.370000 -28.000000
v -7.731229 -0.090000 -29.000000
v -7.442735 -0.370000 -28.000000
v -7.191229 -0.370000 -29.000000
v 7.653655 0.000000 -29.000000
v 6.475787 -0.090000 -28.000000
v 7.475787 0.000000 -28.000000
v 7.653655 0.000000 -29.000000
v 6.653655 -0.090000 -29.000000
v 6.475787 -0.090000 -28.000000
v 6.653655 -0.090000 -29.000000
v 5.935787 -0.370000 -28.000000
v 6.475787 -0.090000 -28.000000
v 6.653655 -0.090000 -29.000000
v 6.113655 -0.370000 -29.000000
v 5.935787 -0.370000 -28.000000
v -8.982735 0.000000 -28.000000
v -9.217434 0.000000 -27.000000
v -8.217434 -0.090000 -27.000000
v -8.982735 0.000000 -28.000000
v -8.217434 -0.090000 -27.000000
v -7.982735 -0.090000 -28.000000
v -7.982735 -0.090000 -28.000000
v -8.217434 -0.090000 -27.000000
v -7.677434 -0.370000 -27.000000
v -7.982735 -0.090000 -28.000000
v -7.677434 -0.370000 -27.000000
v -7.442735 -0.370000 -28.000000
v 7.475787 0.000000 -28.000000
v 6.320274 -0.090000 -27.000000
v 7.320274 0.000000 -27.000000
v 7.475787 0.000000 -28.000000
v 6.475787 -0.090000 -28.000000
v 6.320274 -0.090000 -27.000000
v 6.475787 -0.090000 -28.000000
v 5.780274 -0.370000 -27.000000
v 6.320274 -0.090000 -27.000000
v 6.475787 -0.090000 -28.000000
v 5.935787 -0.370000 -28.000000
v 5.780274 -0.370000 -27.000000
v -9.217434 0.000000 -27.000000
v -9.431492 0.000000 -26.000000
v -8.431492 -0.090000 -26.000000
v -9.217434 0.000000 -27.000000
v -8.431492 -0.090000 -26.000000
v -8.217434 -0.090000 -27.000000
v -8.217434 -0.090000 -27.000000
v -8.431492 -0.090000 -26.000000
v -7.891492 -0.370000 -26.000000
v -8.217434 -0.090000 -27.000000
v -7.891492 -0.370000 -26.000000
v -7.677434 -0.370000 -27.000000
v 7.320274 0.000000 -27.000000
v 6.190665 -0.090000 -26.000000
v 7.190665 0.000000 -26.000000
v 7.320274 0.000000 -27.000000
v 6.320274 -0.090000 -27.000000
v 6.190665 -0.090000 -26.000000
v 6.320274 -0.090000 -27.000000
v 5.650665 -0.370000 -26.000000
v 6.190665 -0.090000 -26.000000
v 6.320274 -0.090000 -27.000000
v 5.780274 -0.370000 -27.000000
v 5.650665 -0.370000 -26.000000
v -9.431492 0.000000 -26.000000
v -9.621174 0.000000 -25.000000
v -8.621174 -0.090000 -25.000000
v -9.431492 0.000000 -26.000000
v -8.621174 -0.090000 -25.000000
v -8.431492 -0.090000 -26.000000
v -8.431492 -0.090000 -26.000000
v -8.621174 -0.090000 -25.000000
v -8.081174 -0.370000 -25.000000
v -8.431492 -0.090000 -26.000000
v -8.081174 -0.370000 -25.000000
v -7.891492 -0.370000 -26.000000
v 7.190665 0.000000 -26.000000
v 6.090391 -0.090000 -25.000000
v 7.090391 0.000000 -25.000000
v 7.190665 0.000000 -26.000000
v 6.190665 -0.090000 -26.000000
v 6.090391 -0.090000 -25.000000
v 6.190665 -0.090000 -26.000000
v 5.550391 -0.370000 -25.000000
v 6.090391 -0.090000 -25.000000
v 6.190665 -0.090000 -26.000000
v 5.650665 -0.370000 -26.000000
v 5.550391 -0.370000 -25.000000
v -9.621174 0.000000 -25.000000
v -9.782893 0.000000 -24.000000
v -8.782893 -0.090000 -24.000000
v -9.621174 0.000000 -25.000000
v -8.782893 -0.090000 -24.000000
v -8.621174 -0.090000 -25.000000
v -8.621174 -0.090000 -25.000000
v -8.782893 -0.090000 -24.000000
v -8.242893 -0.370000 -24.000000
v -8.621174 -0.090000 -25.000000
v -8.242893 -0.370000 -24.000000
v -8.081174 -0.370000 -25.000000
v 7.090391 0.000000 -25.000000
v 6.022716 -0.090000 -24.000000
v 7.022716 0.000000 -24.000000
v 7.090391 0.000000 -25.000000
v 6.090391 -0.090000 -25.000000
v 6.022716 -0.090000 -24.000000
v 6.090391 -0.090000 -25.000000
v 5.482716 -0.370000 -24.000000
v 6.022716 -0.090000 -24.000000
v 6.090391 -0.090000 -25.000000
v 5.550391 -0.370000 -25.000000
v 5.482716 -0.370000 -24.000000
v -9.782893 0.000000 -24.000000
v -9.913254 0.000000 -23.000000
v -8.913254 -0.090000 -23.000000
v -9.782893 0.000000 -24.000000
v -8.913254 -0.090000 -23.000000
v -8.782893 -0.090000 -24.000000
v -8.782893 -0.090000 -24.000000
v -8.913254 -0.090000 -23.000000
v -8.373254 -0.370000 -23.000000
v -8.782893 -0.090000 -24.000000
v -8.373254 -0.370000 -23.000000
v -8.242893 -0.370000 -24.000000
v 7.022716 0.000000 -24.000000
v 5.990698 -0.090000 -23.000000
v 6.990698 0.000000 -23.000000
v 7.022716 0.000000 -24.000000
v 6.022716 -0.090000 -24.000000
v 5.990698 -0.090000 -23.000000
v 6.022716 -0.090000 -24.000000
v 5.450698 -0.370000 -23.000000
v 5.990698 -0.090000 -23.000000
v 6.022716 -0.090000 -24.000000
v 5.482716 -0.370000 -24.000000
v 5.450698 -0.370000 -23.000000
v -9.913254 0.000000 -23.000000
v -10.009097 0.000000 -22.000000
v -9.009097 -0.090000 -22.000000
v -9.913254 0.000000 -23.000000
v -9.009097 -0.090000 -22.000000
v -8.913254 -0.090000 -23.000000
v -8.913254 -0.090000 -23.000000
v -9.009097 -0.090000 -22.000000
v -8.469097 -0.370000 -22.000000
v -8.913254 -0.090000 -23.000000
v -8.469097 -0.370000 -22.000000
v -8.373254 -0.370000 -23.000000
v 6.990698 0.000000 -23.000000
v 5.997142 -0.090000 -22.000000
v 6.997142 0.000000 -22.000000
v 6.990698 0.000000 -23.000000
v 5.990698 -0.090000 -23.000000
v 5.997142 -0.090000 -22.000000
v 5.990698 -0.090000 -23.000000
v 5.457142 -0.370000 -22.000000
v 5.997142 -0.090000 -22.000000
v 5.990698 -0.090000 -23.000000
v 5.450698 -0.370000 -23.000000
v 5.457142 -0.370000 -22.000000
v -10.009097 0.000000 -22.000000
v -10.067540 0.000000 -21.000000
v -9.067540 -0.090000 -21.000000
v -10.009097 0.000000 -22.000000
v -9.067540 -0.090000 -21.000000
v -9.009097 -0.090000 -22.000000
v -9.009097 -0.090000 -22.000000
v -9.067540 -0.090000 -21.000000
v -8.527540 -0.370000 -21.000000
v -9.009097 -0.090000 -22.000000
v -8.527540 -0.370000 -21.000000
v -8.469097 -0.370000 -22.000000
v 6.997142 0.000000 -22.000000
v 6.044564 -0.090000 -21.000000
v 7.044564 0.000000 -21.000000
v 6.997142 0.000000 -22.000000
v 5.997142 -0.090000 -22.000000
v 6.044564 -0.090000 -21.000000
v 5.997142 -0.090000 -22.000000
v 5.504564 -0.370000 -21.000000
v 6.044564 -0.090000 -21.000000
v 5.997142 -0.090000 -22.000000
v 5.457142 -0.370000 -22.000000
v 5.504564 -0.370000 -21.000000
v -10.067540 0.000000 -21.000000
v -10.086013 0.000000 -20.000000
v -9.086013 -0.090000 -20.000000
v -10.067540 0.000000 -21.000000
v -9.086013 -0.090000 -20.000000
v -9.067540 -0.090000 -21.000000
v -9.067540 -0.090000 -21.000000
v -9.086013 -0.090000 -20.000000
v -8.546013 -0.370000 -20.000000
v -9.067540 -0.090000 -21.000000
v -8.546013 -0.370000 -20.000000
v -8.527540 -0.370000 -21.000000
v 7.044564 0.000000 -21.000000
v 6.135150 -0.090000 -20.000000
v 7.135150 0.000000 -20.000000
v 7.044564 0.000000 -21.000000
v 6.044564 -0.090000 -21.000000
v 6.135150 -0.090000 -20.000000
v 6.044564 -0.090000 -21.000000
v 5.595150 -0.370000 -20.000000
v 6.135150 -0.090000 -20.000000
v 6.044564 -0.090000 -21.000000
v 5.504564 -0.370000 -21.000000
v 5.595150 -0.370000 -20.000000
v -10.086013 0.000000 -20.000000
v -10.062295 0.000000 -19.000000
v -9.062295 -0.090000 -19.000000
v -10.086013 0.000000 -20.000000
v -9.062295 -0.090000 -19.000000
v -9.086013 -0.090000 -20.000000
v -9.086013 -0.090000 -20.000000
v -9.062295 -0.090000 -19.000000
v -8.522295 -0.370000 -19.000000
v -9.086013 -0.090000 -20.000000
v -8.522295 -0.370000 -19.000000
v -8.546013 -0.370000 -20.000000
v 7.135150 0.000000 -20.000000
v 6.270731 -0.090000 -19.000000
v 7.270731 0.000000 -19.000000
v 7.135150 0.000000 -20.000000
v 6.135150 -0.090000 -20.000000
v 6.270731 -0.090000 -19.000000
v 6.135150 -0.090000 -20.000000
v 5.730731 -0.370000 -19.000000
v 6.270731 -0.090000 -19.000000
v 6.135150 -0.090000 -20.000000
v 5.595150 -0.370000 -20.000000
v 5.730731 -0.370000 -19.000000
v -10.062295 0.000000 -19.000000
v -9.994543 0.000000 -18.000000
v -8.994543 -0.090000 -18.000000
v -10.062295 0.000000 -19.000000
v -8.994543 -0.090000 -18.000000
v -9.062295 -0.090000 -19.000000
v -9.062295 -0.090000 -19.000000
v -8.994543 -0.090000 -18.000000
v -8.454543 -0.370000 -18.000000
v -9.062295 -0.090000 -19.000000
v -8.454543 -0.370000 -18.000000
v -8.522295 -0.370000 -19.000000
v 7.270731 0.000000 -19.000000
v 6.452746 -0.090000 -18.000000
v 7.452746 0.000000 -18.000000
v 7.270731 0.000000 -19.000000
v 6.270731 -0.090000 -19.000000
v 6.452746 -0.090000 -18.000000
v 6.270731 -0.090000 -19.000000
v 5.912746 -0.370000 -18.000000
v 6.452746 -0.090000 -18.000000
v 6.270731 -0.090000 -19.000000
v 5.730731 -0.370000 -19.000000
v 5.912746 -0.370000 -18.000000
v -9.994543 0.000000 -18.000000
v -9.881318 0.000000 -17.000000
v -8.881318 -0.090000 -17.000000
v -9.994543 0.000000 -18.000000
v -8.881318 -0.090000 -17.000000
v -8.994543 -0.090000 -18.000000
v -8.994543 -0.090000 -18.000000
v -8.881318 -0.090000 -17.000000
v -8.341318 -0.370000 -17.000000
v -8.994543 -0.090000 -18.000000
v -8.341318 -0.370000 -17.000000
v -8.454543 -0.370000 -18.000000
v 7.452746 0.000000 -18.000000
v 6.682223 -0.090000 -17.000000
v 7.682223 0.000000 -17.000000
v 7.452746 0.000000 -18.000000
v 6.452746 -0.090000 -18.000000
v 6.682223 -0.090000 -17.000000
v 6.452746 -0.090000 -18.000000
v 6.142223 -0.370000 -17.000000
v 6.682223 -0.090000 -17.000000
v 6.452746 -0.090000 -18.000000
v 5.912746 -0.370000 -18.000000
v 6.142223 -0.370000 -17.000000
v -9.881318 0.000000 -17.000000
v -9.721607 0.000000 -16.000000
v -8.721607 -0.090000 -16.000000
v -9.881318 0.000000 -17.000000
v -8.721607 -0.090000 -16.000000
v -8.881318 -0.090000 -17.000000
v -8.881318 -0.090000 -17.000000
v -8.721607 -0.090000 -16.000000
v -8.181607 -0.370000 -16.000000
v -8.881318 -0.090000 -17.000000
v -8.181607 -0.370000 -16.000000
v -8.341318 -0.370000 -17.000000
v 7.682223 0.000000 -17.000000
v 6.959757 -0.090000 -16.000000
v 7.959757 0.000000 -16.000000
v 7.682223 0.000000 -17.000000
v 6.682223 -0.090000 -17.000000
v 6.959757 -0.090000 -16.000000
v 6.682223 -0.090000 -17.000000
v 6.419757 -0.370000 -16.000000
v 6.959757 -0.090000 -16.000000
v 6.682223 -0.090000 -17.000000
v 6.142223 -0.370000 -17.000000
v 6.419757 -0.370000 -16.000000
v -9.721607 0.000000 -16.000000
v -9.514838 0.000000 -15.000000
v -8.514838 -0.090000 -15.000000
v -9.721607 0.000000 -16.000000
v -8.514838 -0.090000 -15.000000
v -8.721607 -0.090000 -16.000000
v -8.721607 -0.090000 -16.000000
v -8.514838 -0.090000 -15.000000
v -7.974838 -0.370000 -15.000000
v -8.721607 -0.090000 -16.000000
v -7.974838 -0.370000 -15.000000
v -8.181607 -0.370000 -16.000000
v 7.959757 0.000000 -16.000000
v 7.285496 -0.090000 -15.000000
v 8.285496 0.000000 -15.000000
v 7.959757 0.000000 -16.000000
v 6.959757 -0.090000 -16.000000
v 7.285496 -0.090000 -15.000000
v 6.959757 -0.090000 -16.000000
v 6.745496 -0.370000 -15.000000
v 7.285496 -0.090000 -15.000000
v 6.959757 -0.090000 -16.000000
v 6.419757 -0.370000 -16.000000
v 6.745496 -0.370000 -15.000000
v -9.514838 0.000000 -15.000000
v -9.260891 0.000000 -14.000000
v -8.260891 -0.090000 -14.000000
v -9.514838 0.000000 -15.000000
v -8.260891 -0.090000 -14.000000
v -8.514838 -0.090000 -15.000000
v -8.514838 -0.090000 -15.000000
v -8.260891 -0.090000 -14.000000
v -7.720891 -0.370000 -14.000000
v -8.514838 -0.090000 -15.000000
v -7.720891 -0.370000 -14.000000
v -7.974838 -0.370000 -15.000000
v 8.285496 0.000000 -15.000000
v 7.659130 -0.090000 -14.000000
v 8.659130 0.000000 -14.000000
v 8.285496 0.000000 -15.000000
v 7.285496 -0.090000 -15.000000
v 7.659130 -0.090000 -14.000000
v 7.285496 -0.090000 -15.000000
v 7.119130 -0.370000 -14.000000
v 7.659130 -0.090000 -14.000000
v 7.285496 -0.090000 -15.000000
v 6.745496 -0.370000 -15.000000
v 7.119130 -0.370000 -14.000000
v -9.260891 0.000000 -14.000000
v -8.960107 0.000000 -13.000000
v -7.960107 -0.090000 -13.000000
v -9.260891 0.000000 -14.000000
v -7.960107 -0.090000 -13.000000
v -8.260891 -0.090000 -14.000000
v -8.260891 -0.090000 -14.000000
v -7.960107 -0.090000 -13.000000
v -7.420107 -0.370000 -13.000000
v -8.260891 -0.090000 -14.000000
v -7.420107 -0.370000 -13.000000
v -7.720891 -0.370000 -14.000000
v 8.659130 0.000000 -14.000000
v 8.079891 -0.090000 -13.000000
v 9.079891 0.000000 -13.000000
v 8.659130 0.000000 -14.000000
v 7.659130 -0.090000 -14.000000
v 8.079891 -0.090000 -13.000000
v 7.659130 -0.090000 -14.000000
v 7.539891 -0.370000 -13.000000
v 8.079891 -0.090000 -13.000000
v 7.659130 -0.090000 -14.000000
v 7.119130 -0.370000 -14.000000
v 7.539891 -0.370000 -13.000000
v -8.960107 0.000000 -13.000000
v -8.613284 0.000000 -12.000000
v -7.613284 -0.090000 -12.000000
v -8.960107 0.000000 -13.000000
v -7.613284 -0.090000 -12.000000
v -7.960107 -0.090000 -13.000000
v -7.960107 -0.090000 -13.000000
v -7.613284 -0.090000 -12.000000
v -7.073284 -0.370000 -12.000000
v -7.960107 -0.090000 -13.000000
v -7.073284 -0.370000 -12.000000
v -7.420107 -0.370000 -13.000000
v 9.079891 0.000000 -13.000000
v 8.546545 -0.090000 -12.000000
v 9.546545 0.000000 -12.000000
v 9.079891 0.000000 -13.000000
v 8.079891 -0.090000 -13.000000
v 8.546545 -0.090000 -12.000000
v 8.079891 -0.090000 -13.000000
v 8.006545 -0.370000 -12.000000
v 8.546545 -0.090000 -12.000000
v 8.079891 -0.090000 -13.000000
v 7.539891 -0.370000 -13.000000
v 8.006545 -0.370000 -12.000000
v -8.613284 0.000000 -12.000000
v -8.221676 0.000000 -11.000000
v -7.221676 -0.090000 -11.000000
v -8.613284 0.000000 -12.000000
v -7.221676 -0.090000 -11.000000
v -7.613284 -0.090000 -12.000000
v -7.613284 -0.090000 -12.000000
v -7.221676 -0.090000 -11.000000
v -6.681676 -0.370000 -11.000000
v -7.613284 -0.090000 -12.000000
v -6.681676 -0.370000 -11.000000
v -7.073284 -0.370000 -12.000000
v 9.546545 0.000000 -12.000000
v 9.057410 -0.090000 -11.000000
v 10.057410 0.000000 -11.000000
v 9.546545 0.000000 -12.000000
v 8.546545 -0.090000 -12.000000
v 9.057410 -0.090000 -11.000000
v 8.546545 -0.090000 -12.000000
v 8.517410 -0.370000 -11.000000
v 9.057410 -0.090000 -11.000000
v 8.546545 -0.090000 -12.000000
v 8.006545 -0.370000 -12.000000
v 8.517410 -0.370000 -11.000000
v -8.221676 0.000000 -11.000000
v -7.786981 0.000000 -10.000000
v -6.786981 -0.090000 -10.000000
v -8.221676 0.000000 -11.000000
v -6.786981 -0.090000 -10.000000
v -7.221676 -0.090000 -11.000000
v -7.221676 -0.090000 -11.000000
v -6.786981 -0.090000 -10.000000
v -6.246981 -0.370000 -10.000000
v -7.221676 -0.090000 -11.000000
v -6.246981 -0.370000 -10.000000
v -6.681676 -0.370000 -11.000000
v 10.057410 0.000000 -11.000000
v 9.610357 -0.090000 -10.000000
v 10.610357 0.000000 -10.000000
v 10.057410 0.000000 -11.000000
v 9.057410 -0.090000 -11.000000
v 9.610357 -0.090000 -10.000000
v 9.057410 -0.090000 -11.000000
v 9.070357 -0.370000 -10.000000
v 9.610357 -0.090000 -10.000000
v 9.057410 -0.090000 -11.000000
v 8.517410 -0.370000 -11.000000
v 9.070357 -0.370000 -10.000000
v -7.786981 0.000000 -10.000000
v -7.311327 0.000000 -9.000000
v -6.311327 -0.090000 -9.000000
v -7.786981 0.000000 -10.000000
v -6.311327 -0.090000 -9.000000
v -6.786981 -0.090000 -10.000000
v -6.786981 -0.090000 -10.000000
v -6.311327 -0.090000 -9.000000
v -5.771327 -0.370000 -9.000000
v -6.786981 -0.090000 -10.000000
v -5.771327 -0.370000 -9.000000
v -6.246981 -0.370000 -10.000000
v 10.610357 0.000000 -10.000000
v 10.202834 -0.090000 -9.000000
v 11.202834 0.000000 -9.000000
v 10.610357 0.000000 -10.000000
v 9.610357 -0.090000 -10.000000
v 10.202834 -0.090000 -9.000000
v 9.610357 -0.090000 -10.000000
v 9.662834 -0.370000 -9.000000
v 10.202834 -0.090000 -9.000000
v 9.610357 -0.090000 -10.000000
v 9.070357 -0.370000 -10.000000
v 9.662834 -0.370000 -9.000000
v -7.311327 0.000000 -9.000000
v -6.797251 0.000000 -8.000000
v -5.797251 -0.090000 -8.000000
v -7.311327 0.000000 -9.000000
v -5.797251 -0.090000 -8.000000
v -6.311327 -0.090000 -9.000000
v -6.311327 -0.090000 -9.000000
v -5.797251 -0.090000 -8.000000
v -5.257251 -0.370000 -8.000000
v -6.311327 -0.090000 -9.000000
v -5.257251 -0.370000 -8.000000
v -5.771327 -0.370000 -9.000000
v 11.202834 0.000000 -9.000000
v 10.831882 -0.090000 -8.000000
v 11.831882 0.000000 -8.000000
v 11.202834 0.000000 -9.000000
v 10.202834 -0.090000 -9.000000
v 10.831882 -0.090000 -8.000000
v 10.202834 -0.090000 -9.000000
v 10.291882 -0.370000 -8.000000
v 10.831882 -0.090000 -8.000000
v 10.202834 -0.090000 -9.000000
v 9.662834 -0.370000 -9.000000
v 10.291882 -0.370000 -8.000000
v 3.524669 0.000000 8.000000
v 4.080762 0.000000 9.000000
v 5.080762 -0.090000 9.000000
v 3.524669 0.000000 8.000000
v 5.080762 -0.090000 9.000000
v 4.524669 -0.090000 8.000000
v 4.524669 -0.090000 8.000000
v 5.080762 -0.090000 9.000000
v 5.620762 -0.370000 9.000000
v 4.524669 -0.090000 8.000000
v 5.620762 -0.370000 9.000000
v 5.064669 -0.370000 8.000000
v 23.440701 0.000000 8.000000
v 23.027731 -0.090000 9.000000
v 24.027731 0.000000 9.000000
v 23.440701 0.000000 8.000000
v 22.440701 -0.090000 8.000000
v 23.027731 -0.090000 9.000000
v 22.440701 -0.090000 8.000000
v 22.487731 -0.370000 9.000000
v 23.027731 -0.090000 9.000000
v 22.440701 -0.090000 8.000000
v 21.900701 -0.370000 8.000000
v 22.487731 -0.370000 9.000000
v 4.080762 0.000000 9.000000
v 4.602862 0.000000 10.000000
v 5.602862 -0.090000 10.000000
v 4.080762 0.000000 9.000000
v 5.602862 -0.090000 10.000000
v 5.080762 -0.090000 9.000000
v 5.080762 -0.090000 9.000000
v 5.602862 -0.090000 10.000000
v 6.142862 -0.370000 10.000000
v 5.080762 -0.090000 9.000000
v 6.142862 -0.370000 10.000000
v 5.620762 -0.370000 9.000000
v 24.027731 0.000000 9.000000
v 23.573762 -0.090000 10.000000
v 24.573762 0.000000 10.000000
v 24.027731 0.000000 9.000000
v 23.027731 -0.090000 9.000000
v 23.573762 -0.090000 10.000000
v 23.027731 -0.090000 9.000000
v 23.033762 -0.370000 10.000000
v 23.573762 -0.090000 10.000000
v 23.027731 -0.090000 9.000000
v 22.487731 -0.370000 9.000000
v 23.033762 -0.370000 10.000000
v 4.602862 0.000000 10.000000
v 5.088265 0.000000 11.000000
v 6.088265 -0.090000 11.000000
v 4.602862 0.000000 10.000000
v 6.088265 -0.090000 11.000000
v 5.602862 -0.090000 10.000000
v 5.602862 -0.090000 10.000000
v 6.088265 -0.090000 11.000000
v 6.628265 -0.370000 11.000000
v 5.602862 -0.090000 10.000000
v 6.628265 -0.370000 11.000000
v 6.142862 -0.370000 10.000000
v 24.573762 0.000000 10.000000
v 24.076001 -0.090000 11.000000
v 25.076001 0.000000 11.000000
v 24.573762 0.000000 10.000000
v 23.573762 -0.090000 10.000000
v 24.076001 -0.090000 11.000000
v 23.573762 -0.090000 10.000000
v 23.536001 -0.370000 11.000000
v 24.076001 -0.090000 11.000000
v 23.573762 -0.090000 10.000000
v 23.033762 -0.370000 10.000000
v 23.536001 -0.370000 11.000000
v 5.088265 0.000000 11.000000
v 5.534659 0.000000 12.000000
v 6.534659 -0.090000 12.000000
v 5.088265 0.000000 11.000000
v 6.534659 -0.090000 12.000000
v 6.088265 -0.090000 11.000000
v 6.088265 -0.090000 11.000000
v 6.534659 -0.090000 12.000000
v 7.074659 -0.370000 12.000000
v 6.088265 -0.090000 11.000000
v 7.074659 -0.370000 12.000000
v 6.628265 -0.370000 11.000000
v 25.076001 0.000000 11.000000
v 24.532079 -0.090000 12.000000
v 25.532079 0.000000 12.000000
v 25.076001 0.000000 11.000000
v 24.076001 -0.090000 11.000000
v 24.532079 -0.090000 12.000000
v 24.076001 -0.090000 11.000000
v 23.992079 -0.370000 12.000000
v 24.532079 -0.090000 12.000000
v 24.076001 -0.090000 11.000000
v 23.536001 -0.370000 11.000000
v 23.992079 -0.370000 12.000000
v 5.534659 0.000000 12.000000
v 5.940150 0.000000 13.000000
v 6.940150 -0.090000 13.000000
v 5.534659 0.000000 12.000000
v 6.940150 -0.090000 13.000000
v 6.534659 -0.090000 12.000000
v 6.534659 -0.090000 12.000000
v 6.940150 -0.090000 13.000000
v 7.480150 -0.370000 13.000000
v 6.534659 -0.090000 12.000000
v 7.480150 -0.370000 13.000000
v 7.074659 -0.370000 12.000000
v 25.532079 0.000000 12.000000
v 24.940066 -0.090000 13.000000
v 25.940066 0.000000 13.000000
v 25.532079 0.000000 12.000000
v 24.532079 -0.090000 12.000000
v 24.940066 -0.090000 13.000000
v 24.532079 -0.090000 12.000000
v 24.400066 -0.370000 13.000000
v 24.940066 -0.090000 13.000000
v 24.532079 -0.090000 12.000000
v 23.992079 -0.370000 12.000000
v 24.400066 -0.370000 13.000000
v 5.940150 0.000000 13.000000
v 6.303274 0.000000 14.000000
v 7.303274 -0.090000 14.000000
v 5.940150 0.000000 13.000000
v 7.303274 -0.090000 14.000000
v 6.940150 -0.090000 13.000000
v 6.940150 -0.090000 13.000000
v 7.303274 -0.090000 14.000000
v 7.843274 -0.370000 14.000000
v 6.940150 -0.090000 13.000000
v 7.843274 -0.370000 14.000000
v 7.480150 -0.370000 13.000000
v 25.940066 0.000000 13.000000
v 25.298487 -0.090000 14.000000
v 26.298487 0.000000 14.000000
v 25.940066 0.000000 13.000000
v 24.940066 -0.090000 13.000000
v 25.298487 -0.090000 14.000000
v 24.940066 -0.090000 13.000000
v 24.758487 -0.370000 14.000000
v 25.298487 -0.090000 14.000000
v 24.940066 -0.090000 13.000000
v 24.400066 -0.370000 13.000000
v 24.758487 -0.370000 14.000000
v 6.303274 0.000000 14.000000
v 6.623006 0.000000 15.000000
v 7.623006 -0.090000 15.000000
v 6.303274 0.000000 14.000000
v 7.623006 -0.090000 15.000000
v 7.303274 -0.090000 14.000000
v 7.303274 -0.090000 14.000000
v 7.623006 -0.090000 15.000000
v 8.163006 -0.370000 15.000000
v 7.303274 -0.090000 14.000000
v 8.163006 -0.370000 15.000000
v 7.843274 -0.370000 14.000000
v 26.298487 0.000000 14.000000
v 25.606336 -0.090000 15.000000
v 26.606336 0.000000 15.000000
v 26.298487 0.000000 14.000000
v 25.298487 -0.090000 14.000000
v 25.606336 -0.090000 15.000000
v 25.298487 -0.090000 14.000000
v 25.066336 -0.370000 15.000000
v 25.606336 -0.090000 15.000000
v 25.298487 -0.090000 14.000000
v 24.758487 -0.370000 14.000000
v 25.066336 -0.370000 15.000000
v 6.623006 0.000000 15.000000
v 6.898771 0.000000 16.000000
v 7.898771 -0.090000 16.000000
v 6.623006 0.000000 15.000000
v 7.898771 -0.090000 16.000000
v 7.623006 -0.090000 15.000000
v 7.623006 -0.090000 15.000000
v 7.898771 -0.090000 16.000000
v 8.438771 -0.370000 16.000000
v 7.623006 -0.090000 15.000000
v 8.438771 -0.370000 16.000000
v 8.163006 -0.370000 15.000000
v 26.606336 0.000000 15.000000
v 25.863079 -0.090000 16.000000
v 26.863079 0.000000 16.000000
v 26.606336 0.000000 15.000000
v 25.606336 -0.090000 15.000000
v 25.863079 -0.090000 16.000000
v 25.606336 -0.090000 15.000000
v 25.323079 -0.370000 16.000000
v 25.863079 -0.090000 16.000000
v 25.606336 -0.090000 15.000000
v 25.066336 -0.370000 15.000000
v 25.323079 -0.370000 16.000000
v 6.898771 0.000000 16.000000
v 7.130438 0.000000 17.000000
v 8.130438 -0.090000 17.000000
v 6.898771 0.000000 16.000000
v 8.130438 -0.090000 17.000000
v 7.898771 -0.090000 16.000000
v 7.898771 -0.090000 16.000000
v 8.130438 -0.090000 17.000000
v 8.670438 -0.370000 17.000000
v 7.898771 -0.090000 16.000000
v 8.670438 -0.370000 17.000000
v 8.438771 -0.370000 16.000000
v 26.863079 0.000000 16.000000
v 26.068657 -0.090000 17.000000
v 27.068657 0.000000 17.000000
v 26.863079 0.000000 16.000000
v 25.863079 -0.090000 16.000000
v 26.068657 -0.090000 17.000000
v 25.863079 -0.090000 16.000000
v 25.528657 -0.370000 17.000000
v 26.068657 -0.090000 17.000000
v 25.863079 -0.090000 16.000000
v 25.323079 -0.370000 16.000000
v 25.528657 -0.370000 17.000000
v 7.130438 0.000000 17.000000
v 7.318322 0.000000 18.000000
v 8.318322 -0.090000 18.000000
v 7.130438 0.000000 17.000000
v 8.318322 -0.090000 18.000000
v 8.130438 -0.090000 17.000000
v 8.130438 -0.090000 17.000000
v 8.318322 -0.090000 18.000000
v 8.858322 -0.370000 18.000000
v 8.130438 -0.090000 17.000000
v 8.858322 -0.370000 18.000000
v 8.670438 -0.370000 17.000000
v 27.068657 0.000000 17.000000
v 26.223475 -0.090000 18.000000
v 27.223475 0.000000 18.000000
v 27.068657 0.000000 17.000000
v 26.068657 -0.090000 17.000000
v 26.223475 -0.090000 18.000000
v 26.068657 -0.090000 17.000000
v 25.683475 -0.370000 18.000000
v 26.223475 -0.090000 18.000000
v 26.068657 -0.090000 17.000000
v 25.528657 -0.370000 17.000000
v 25.683475 -0.370000 18.000000
v 7.318322 0.000000 18.000000
v 7.463167 0.000000 19.000000
v 8.463167 -0.090000 19.000000
v 7.318322 0.000000 18.000000
v 8.463167 -0.090000 19.000000
v 8.318322 -0.090000 18.000000
v 8.318322 -0.090000 18.000000
v 8.463167 -0.090000 19.000000
v 9.003167 -0.370000 19.000000
v 8.318322 -0.090000 18.000000
v 9.003167 -0.370000 19.000000
v 8.858322 -0.370000 18.000000
v 27.223475 0.000000 18.000000
v 26.328397 -0.090000 19.000000
v 27.328397 0.000000 19.000000
v 27.223475 0.000000 18.000000
v 26.223475 -0.090000 18.000000
v 26.328397 -0.090000 19.000000
v 26.223475 -0.090000 18.000000
v 25.788397 -0.370000 19.000000
v 26.328397 -0.090000 19.000000
v 26.223475 -0.090000 18.000000
v 25.683475 -0.370000 18.000000
v 25.788397 -0.370000 19.000000
v 7.463167 0.000000 19.000000
v 7.566134 0.000000 20.000000
v 8.566134 -0.090000 20.000000
v 7.463167 0.000000 19.000000
v 8.566134 -0.090000 20.000000
v 8.463167 -0.090000 19.000000
v 8.463167 -0.090000 19.000000
v 8.566134 -0.090000 20.000000
v 9.106134 -0.370000 20.000000
v 8.463167 -0.090000 19.000000
v 9.106134 -0.370000 20.000000
v 9.003167 -0.370000 19.000000
v 27.328397 0.000000 19.000000
v 26.384729 -0.090000 20.000000
v 27.384729 0.000000 20.000000
v 27.328397 0.000000 19.000000
v 26.328397 -0.090000 19.000000
v 26.384729 -0.090000 20.000000
v 26.328397 -0.090000 19.000000
v 25.844729 -0.370000 20.000000
v 26.384729 -0.090000 20.000000
v 26.328397 -0.090000 19.000000
v 25.788397 -0.370000 19.000000
v 25.844729 -0.370000 20.000000
v 7.566134 0.000000 20.000000
v 7.628781 0.000000 21.000000
v 8.628781 -0.090000 21.000000
v 7.566134 0.000000 20.000000
v 8.628781 -0.090000 21.000000
v 8.566134 -0.090000 20.000000
v 8.566134 -0.090000 20.000000
v 8.628781 -0.090000 21.000000
v 9.168781 -0.370000 21.000000
v 8.566134 -0.090000 20.000000
v 9.168781 -0.370000 21.000000
v 9.106134 -0.370000 20.000000
v 27.384729 0.000000 20.000000
v 26.394196 -0.090000 21.000000
v 27.394196 0.000000 21.000000
v 27.384729 0.000000 20.000000
v 26.384729 -0.090000 20.000000
v 26.394196 -0.090000 21.000000
v 26.384729 -0.090000 20.000000
v 25.854196 -0.370000 21.000000
v 26.394196 -0.090000 21.000000
v 26.384729 -0.090000 20.000000
v 25.844729 -0.370000 20.000000
v 25.854196 -0.370000 21.000000
v 7.628781 0.000000 21.000000
v 7.653037 0.000000 22.000000
v 8.653037 -0.090000 22.000000
v 7.628781 0.000000 21.000000
v 8.653037 -0.090000 22.000000
v 8.628781 -0.090000 21.000000
v 8.628781 -0.090000 21.000000
v 8.653037 -0.090000 22.000000
v 9.193037 -0.370000 22.000000
v 8.628781 -0.090000 21.000000
v 9.193037 -0.370000 22.000000
v 9.168781 -0.370000 21.000000
v 27.394196 0.000000 21.000000
v 26.358918 -0.090000 22.000000
v 27.358918 0.000000 22.000000
v 27.394196 0.000000 21.000000
v 26.394196 -0.090000 21.000000
v 26.358918 -0.090000 22.000000
v 26.394196 -0.090000 21.000000
v 25.818918 -0.370000 22.000000
v 26.358918 -0.090000 22.000000
v 26.394196 -0.090000 21.000000
v 25.854196 -0.370000 21.000000
v 25.818918 -0.370000 22.000000
v 7.653037 0.000000 22.000000
v 7.641174 0.000000 23.000000
v 8.641174 -0.090000 23.000000
v 7.653037 0.000000 22.000000
v 8.641174 -0.090000 23.000000
v 8.653037 -0.090000 22.000000
v 8.653037 -0.090000 22.000000
v 8.641174 -0.090000 23.000000
v 9.181174 -0.370000 23.000000
v 8.653037 -0.090000 22.000000
v 9.181174 -0.370000 23.000000
v 9.193037 -0.370000 22.000000
v 27.358918 0.000000 22.000000
v 26.281382 -0.090000 23.000000
v 27.281382 0.000000 23.000000
v 27.358918 0.000000 22.000000
v 26.358918 -0.090000 22.000000
v 26.281382 -0.090000 23.000000
v 26.358918 -0.090000 22.000000
v 25.741382 -0.370000 23.000000
v 26.281382 -0.090000 23.000000
v 26.358918 -0.090000 22.000000
v 25.818918 -0.370000 22.000000
v 25.741382 -0.370000 23.000000
v 7.641174 0.000000 23.000000
v 7.595772 0.000000 24.000000
v 8.595772 -0.090000 24.000000
v 7.641174 0.000000 23.000000
v 8.595772 -0.090000 24.000000
v 8.641174 -0.090000 23.000000
v 8.641174 -0.090000 23.000000
v 8.595772 -0.090000 24.000000
v 9.135772 -0.370000 24.000000
v 8.641174 -0.090000 23.000000
v 9.135772 -0.370000 24.000000
v 9.181174 -0.370000 23.000000
v 27.281382 0.000000 23.000000
v 26.164404 -0.090000 24.000000
v 27.164404 0.000000 24.000000
v 27.281382 0.000000 23.000000
v 26.281382 -0.090000 23.000000
v 26.164404 -0.090000 24.000000
v 26.281382 -0.090000 23.000000
v 25.624404 -0.370000 24.000000
v 26.164404 -0.090000 24.000000
v 26.281382 -0.090000 23.000000
v 25.741382 -0.370000 23.000000
v 25.624404 -0.370000 24.000000
v 7.595772 0.000000 24.000000
v 7.519686 0.000000 25.000000
v 8.519686 -0.090000 25.000000
v 7.595772 0.000000 24.000000
v 8.519686 -0.090000 25.000000
v 8.595772 -0.090000 24.000000
v 8.595772 -0.090000 24.000000
v 8.519686 -0.090000 25.000000
v 9.059686 -0.370000 25.000000
v 8.595772 -0.090000 24.000000
v 9.059686 -0.370000 25.000000
v 9.135772 -0.370000 24.000000
v 27.164404 0.000000 24.000000
v 26.011097 -0.090000 25.000000
v 27.011097 0.000000 25.000000
v 27.164404 0.000000 24.000000
v 26.164404 -0.090000 24.000000
v 26.011097 -0.090000 25.000000
v 26.164404 -0.090000 24.000000
v 25.471097 -0.370000 25.000000
v 26.011097 -0.090000 25.000000
v 26.164404 -0.090000 24.000000
v 25.624404 -0.370000 24.000000
v 25.471097 -0.370000 25.000000
v 7.519686 0.000000 25.000000
v 7.416002 0.000000 26.000000
v 8.416002 -0.090000 26.000000
v 7.519686 0.000000 25.000000
v 8.416002 -0.090000 26.000000
v 8.519686 -0.090000 25.000000
v 8.519686 -0.090000 25.000000
v 8.416002 -0.090000 26.000000
v 8.956002 -0.370000 26.000000
v 8.519686 -0.090000 25.000000
v 8.956002 -0.370000 26.000000
v 9.059686 -0.370000 25.000000
v 27.011097 0.000000 25.000000
v 25.824824 -0.090000 26.000000
v 26.824824 0.000000 26.000000
v 27.011097 0.000000 25.000000
v 26.011097 -0.090000 25.000000
v 25.824824 -0.090000 26.000000
v 26.011097 -0.090000 25.000000
v 25.284824 -0.370000 26.000000
v 25.824824 -0.090000 26.000000
v 26.011097 -0.090000 25.000000
v 25.471097 -0.370000 25.000000
v 25.284824 -0.370000 26.000000
v 7.416002 0.000000 26.000000
v 7.287999 0.000000 27.000000
v 8.287999 -0.090000 27.000000
v 7.416002 0.000000 26.000000
v 8.287999 -0.090000 27.000000
v 8.416002 -0.090000 26.000000
v 8.416002 -0.090000 26.000000
v 8.287999 -0.090000 27.000000
v 8.827999 -0.370000 27.000000
v 8.416002 -0.090000 26.000000
v 8.827999 -0.370000 27.000000
v 8.956002 -0.370000 26.000000
v 26.824824 0.000000 26.000000
v 25.609161 -0.090000 27.000000
v 26.609161 0.000000 27.000000
v 26.824824 0.000000 26.000000
v 25.824824 -0.090000 26.000000
v 25.609161 -0.090000 27.000000
v 25.824824 -0.090000 26.000000
v 25.069161 -0.370000 27.000000
v 25.609161 -0.090000 27.000000
v 25.824824 -0.090000 26.000000
v 25.284824 -0.370000 26.000000
v 25.069161 -0.370000 27.000000
v 7.287999 0.000000 27.000000
v 7.139100 0.000000 28.000000
v 8.139100 -0.090000 28.000000
v 7.287999 0.000000 27.000000
v 8.139100 -0.090000 28.000000
v 8.287999 -0.090000 27.000000
v 8.287999 -0.090000 27.000000
v 8.139100 -0.090000 28.000000
v 8.679100 -0.370000 28.000000
v 8.287999 -0.090000 27.000000
v 8.679100 -0.370000 28.000000
v 8.827999 -0.370000 27.000000
v 26.609161 0.000000 27.000000
v 25.367848 -0.090000 28.000000
v 26.367848 0.000000 28.000000
v 26.609161 0.000000 27.000000
v 25.609161 -0.090000 27.000000
v 25.367848 -0.090000 28.000000
v 25.609161 -0.090000 27.000000
v 24.827848 -0.370000 28.000000
v 25.367848 -0.090000 28.000000
v 25.609161 -0.090000 27.000000
v 25.069161 -0.370000 27.000000
v 24.827848 -0.370000 28.000000
v 7.139100 0.000000 28.000000
v 6.972831 0.000000 29.000000
v 7.972831 -0.090000 29.000000
v 7.139100 0.000000 28.000000
v 7.972831 -0.090000 29.000000
v 8.139100 -0.090000 28.000000
v 8.139100 -0.090000 28.000000
v 7.972831 -0.090000 29.000000
v 8.512831 -0.370000 29.000000
v 8.139100 -0.090000 28.000000
v 8.512831 -0.370000 29.000000
v 8.679100 -0.370000 28.000000
v 26.367848 0.000000 28.000000
v 25.104744 -0.090000 29.000000
v 26.104744 0.000000 29.000000
v 26.367848 0.000000 28.000000
v 25.367848 -0.090000 28.000000
v 25.104744 -0.090000 29.000000
v 25.367848 -0.090000 28.000000
v 24.564744 -0.370000 29.000000
v 25.104744 -0.090000 29.000000
v 25.367848 -0.090000 28.000000
v 24.827848 -0.370000 28.000000
v 24.564744 -0.370000 29.000000
v 6.972831 0.000000 29.000000
v 6.792772 0.000000 30.000000
v 7.792772 -0.090000 30.000000
v 6.972831 0.000000 29.000000
v 7.792772 -0.090000 30.000000
v 7.972831 -0.090000 29.000000
v 7.972831 -0.090000 29.000000
v 7.792772 -0.090000 30.000000
v 8.332772 -0.370000 30.000000
v 7.972831 -0.090000 29.000000
v 8.332772 -0.370000 30.000000
v 8.512831 -0.370000 29.000000
v 26.104744 0.000000 29.000000
v 24.823775 -0.090000 30.000000
v 25.823775 0.000000 30.000000
v 26.104744 0.000000 29.000000
v 25.104744 -0.090000 29.000000
v 24.823775 -0.090000 30.000000
v 25.104744 -0.090000 29.000000
v 24.283775 -0.370000 30.000000
v 24.823775 -0.090000 30.000000
v 25.104744 -0.090000 29.000000
v 24.564744 -0.370000 29.000000
v 24.283775 -0.370000 30.000000
v 6.792772 0.000000 30.000000
v 6.602509 0.000000 31.000000
v 7.602509 -0.090000 31.000000
v 6.792772 0.000000 30.000000
v 7.602509 -0.090000 31.000000
v 7.792772 -0.090000 30.000000
v 7.792772 -0.090000 30.000000
v 7.602509 -0.090000 31.000000
v 8.142509 -0.370000 31.000000
v 7.792772 -0.090000 30.000000
v 8.142509 -0.370000 31.000000
v 8.332772 -0.370000 30.000000
v 25.823775 0.000000 30.000000
v 24.528891 -0.090000 31.000000
v 25.528891 0.000000 31.000000
v 25.823775 0.000000 30.000000
v 24.823775 -0.090000 30.000000
v 24.528891 -0.090000 31.000000
v 24.823775 -0.090000 30.000000
v 23.988891 -0.370000 31.000000
v 24.528891 -0.090000 31.000000
v 24.823775 -0.090000 30.000000
v 24.283775 -0.370000 30.000000
v 23.988891 -0.370000 31.000000
v 6.602509 0.000000 31.000000
v 6.405588 0.000000 32.000000
v 7.405588 -0.090000 32.000000
v 6.602509 0.000000 31.000000
v 7.405588 -0.090000 32.000000
v 7.602509 -0.090000 31.000000
v 7.602509 -0.090000 31.000000
v 7.405588 -0.090000 32.000000
v 7.945588 -0.370000 32.000000
v 7.602509 -0.090000 31.000000
v 7.945588 -0.370000 32.000000
v 8.142509 -0.370000 31.000000
v 25.528891 0.000000 31.000000
v 24.224016 -0.090000 32.000000
v 25.224016 0.000000 32.000000
v 25.528891 0.000000 31.000000
v 24.528891 -0.090000 31.000000
v 24.224016 -0.090000 32.000000
v 24.528891 -0.090000 31.000000
v 23.684016 -0.370000 32.000000
v 24.224016 -0.090000 32.000000
v 24.528891 -0.090000 31.000000
v 23.988891 -0.370000 31.000000
v 23.684016 -0.370000 32.000000
v 4.465657 0.000000 48.000000
v 4.476004 0.000000 49.000000
v 5.476004 -0.090000 49.000000
v 4.465657 0.000000 48.000000
v 5.476004 -0.090000 49.000000
v 5.465657 -0.090000 48.000000
v 5.465657 -0.090000 48.000000
v 5.476004 -0.090000 49.000000
v 6.016004 -0.370000 49.000000
v 5.465657 -0.090000 48.000000
v 6.016004 -0.370000 49.000000
v 6.005657 -0.370000 48.000000
v 21.440119 0.000000 48.000000
v 20.349349 -0.090000 49.000000
v 21.349349 0.000000 49.000000
v 21.440119 0.000000 48.000000
v 20.440119 -0.090000 48.000000
v 20.349349 -0.090000 49.000000
v 20.440119 -0.090000 48.000000
v 19.809349 -0.370000 49.000000
v 20.349349 -0.090000 49.000000
v 20.440119 -0.090000 48.000000
v 19.900119 -0.370000 48.000000
v 19.809349 -0.370000 49.000000
v 4.476004 0.000000 49.000000
v 4.497896 0.000000 50.000000
v 5.497896 -0.090000 50.000000
v 4.476004 0.000000 49.000000
v 5.497896 -0.090000 50.000000
v 5.476004 -0.090000 49.000000
v 5.476004 -0.090000 49.000000
v 5.497896 -0.090000 50.000000
v 6.037896 -0.370000 50.000000
v 5.476004 -0.090000 49.000000
v 6.037896 -0.370000 50.000000
v 6.016004 -0.370000 49.000000
v 21.349349 0.000000 49.000000
v 20.274180 -0.090000 50.000000
v 21.274180 0.000000 50.000000
v 21.349349 0.000000 49.000000
v 20.349349 -0.090000 49.000000
v 20.274180 -0.090000 50.000000
v 20.349349 -0.090000 49.000000
v 19.734180 -0.370000 50.000000
v 20.274180 -0.090000 50.000000
v 20.349349 -0.090000 49.000000
v 19.809349 -0.370000 49.000000
v 19.734180 -0.370000 50.000000
v 4.497896 0.000000 50.000000
v 4.528993 0.000000 51.000000
v 5.528993 -0.090000 51.000000
v 4.497896 0.000000 50.000000
v 5.528993 -0.090000 51.000000
v 5.497896 -0.090000 50.000000
v 5.497896 -0.090000 50.000000
v 5.528993 -0.090000 51.000000
v 6.068993 -0.370000 51.000000
v 5.497896 -0.090000 50.000000
v 6.068993 -0.370000 51.000000
v 6.037896 -0.370000 50.000000
v 21.274180 0.000000 50.000000
v 20.212620 -0.090000 51.000000
v 21.212620 0.000000 51.000000
v 21.274180 0.000000 50.000000
v 20.274180 -0.090000 50.000000
v 20.212620 -0.090000 51.000000
v 20.274180 -0.090000 50.000000
v 19.672620 -0.370000 51.000000
v 20.212620 -0.090000 51.000000
v 20.274180 -0.090000 50.000000
v 19.734180 -0.370000 50.000000
v 19.672620 -0.370000 51.000000
v 4.528993 0.000000 51.000000
v 4.566683 0.000000 52.000000
v 5.566683 -0.090000 52.000000
v 4.528993 0.000000 51.000000
v 5.566683 -0.090000 52.000000
v 5.528993 -0.090000 51.000000
v 5.528993 -0.090000 51.000000
v 5.566683 -0.090000 52.000000
v 6.106683 -0.370000 52.000000
v 5.528993 -0.090000 51.000000
v 6.106683 -0.370000 52.000000
v 6.068993 -0.370000 51.000000
v 21.212620 0.000000 51.000000
v 20.162390 -0.090000 52.000000
v 21.162390 0.000000 52.000000
v 21.212620 0.000000 51.000000
v 20.212620 -0.090000 51.000000
v 20.162390 -0.090000 52.000000
v 20.212620 -0.090000 51.000000
v 19.622390 -0.370000 52.000000
v 20.162390 -0.090000 52.000000
v 20.212620 -0.090000 51.000000
v 19.672620 -0.370000 51.000000
v 19.622390 -0.370000 52.000000
v 4.566683 0.000000 52.000000
v 4.608114 0.000000 53.000000
v 5.608114 -0.090000 53.000000
v 4.566683 0.000000 52.000000
v 5.608114 -0.090000 53.000000
v 5.566683 -0.090000 52.000000
v 5.566683 -0.090000 52.000000
v 5.608114 -0.090000 53.000000
v 6.148114 -0.370000 53.000000
v 5.566683 -0.090000 52.000000
v 6.148114 -0.370000 53.000000
v 6.106683 -0.370000 52.000000
v 21.162390 0.000000 52.000000
v 20.120955 -0.090000 53.000000
v 21.120955 0.000000 53.000000
v 21.162390 0.000000 52.000000
v 20.162390 -0.090000 52.000000
v 20.120955 -0.090000 53.000000
v 20.162390 -0.090000 52.000000
v 19.580955 -0.370000 53.000000
v 20.120955 -0.090000 53.000000
v 20.162390 -0.090000 52.000000
v 19.622390 -0.370000 52.000000
v 19.580955 -0.370000 53.000000
v 4.608114 0.000000 53.000000
v 4.650238 0.000000 54.000000
v 5.650238 -0.090000 54.000000
v 4.608114 0.000000 53.000000
v 5.650238 -0.090000 54.000000
v 5.608114 -0.090000 53.000000
v 5.608114 -0.090000 53.000000
v 5.650238 -0.090000 54.000000
v 6.190238 -0.370000 54.000000
v 5.608114 -0.090000 53.000000
v 6.190238 -0.370000 54.000000
v 6.148114 -0.370000 53.000000
v 21.120955 0.000000 53.000000
v 20.085566 -0.090000 54.000000
v 21.085566 0.000000 54.000000
v 21.120955 0.000000 53.000000
v 20.120955 -0.090000 53.000000
v 20.085566 -0.090000 54.000000
v 20.120955 -0.090000 53.000000
v 19.545566 -0.370000 54.000000
v 20.085566 -0.090000 54.000000
v 20.120955 -0.090000 53.000000
v 19.580955 -0.370000 53.000000
v 19.545566 -0.370000 54.000000
v 4.650238 0.000000 54.000000
v 4.689848 0.000000 55.000000
v 5.689848 -0.090000 55.000000
v 4.650238 0.000000 54.000000
v 5.689848 -0.090000 55.000000
v 5.650238 -0.090000 54.000000
v 5.650238 -0.090000 54.000000
v 5.689848 -0.090000 55.000000
v 6.229848 -0.370000 55.000000
v 5.650238 -0.090000 54.000000
v 6.229848 -0.370000 55.000000
v 6.190238 -0.370000 54.000000
v 21.085566 0.000000 54.000000
v 20.053294 -0.090000 55.000000
v 21.053294 0.000000 55.000000
v 21.085566 0.000000 54.000000
v 20.085566 -0.090000 54.000000
v 20.053294 -0.090000 55.000000
v 20.085566 -0.090000 54.000000
v 19.513294 -0.370000 55.000000
v 20.053294 -0.090000 55.000000
v 20.085566 -0.090000 54.000000
v 19.545566 -0.370000 54.000000
v 19.513294 -0.370000 55.000000
v 4.689848 0.000000 55.000000
v 4.723627 0.000000 56.000000
v 5.723627 -0.090000 56.000000
v 4.689848 0.000000 55.000000
v 5.723627 -0.090000 56.000000
v 5.689848 -0.090000 55.000000
v 5.689848 -0.090000 55.000000
v 5.723627 -0.090000 56.000000
v 6.263627 -0.370000 56.000000
v 5.689848 -0.090000 55.000000
v 6.263627 -0.370000 56.000000
v 6.229848 -0.370000 55.000000
v 21.053294 0.000000 55.000000
v 20.021080 -0.090000 56.000000
v 21.021080 0.000000 56.000000
v 21.053294 0.000000 55.000000
v 20.053294 -0.090000 55.000000
v 20.021080 -0.090000 56.000000
v 20.053294 -0.090000 55.000000
v 19.481080 -0.370000 56.000000
v 20.021080 -0.090000 56.000000
v 20.053294 -0.090000 55.000000
v 19.513294 -0.370000 55.000000
v 19.481080 -0.370000 56.000000
v 4.723627 0.000000 56.000000
v 4.748187 0.000000 57.000000
v 5.748187 -0.090000 57.000000
v 4.723627 0.000000 56.000000
v 5.748187 -0.090000 57.000000
v 5.723627 -0.090000 56.000000
v 5.723627 -0.090000 56.000000
v 5.748187 -0.090000 57.000000
v 6.288187 -0.370000 57.000000
v 5.723627 -0.090000 56.000000
v 6.288187 -0.370000 57.000000
v 6.263627 -0.370000 56.000000
v 21.021080 0.000000 56.000000
v 19.985775 -0.090000 57.000000
v 20.985775 0.000000 57.000000
v 21.021080 0.000000 56.000000
v 20.021080 -0.090000 56.000000
v 19.985775 -0.090000 57.000000
v 20.021080 -0.090000 56.000000
v 19.445775 -0.370000 57.000000
v 19.985775 -0.090000 57.000000
v 20.021080 -0.090000 56.000000
v 19.481080 -0.370000 56.000000
v 19.445775 -0.370000 57.000000
v 4.748187 0.000000 57.000000
v 4.760119 0.000000 58.000000
v 5.760119 -0.090000 58.000000
v 4.748187 0.000000 57.000000
v 5.760119 -0.090000 58.000000
v 5.748187 -0.090000 57.000000
v 5.748187 -0.090000 57.000000
v 5.760119 -0.090000 58.000000
v 6.300119 -0.370000 58.000000
v 5.748187 -0.090000 57.000000
v 6.300119 -0.370000 58.000000
v 6.288187 -0.370000 57.000000
v 20.985775 0.000000 57.000000
v 19.944185 -0.090000 58.000000
v 20.944185 0.000000 58.000000
v 20.985775 0.000000 57.000000
v 19.985775 -0.090000 57.000000
v 19.944185 -0.090000 58.000000
v 19.985775 -0.090000 57.000000
v 19.404185 -0.370000 58.000000
v 19.944185 -0.090000 58.000000
v 19.985775 -0.090000 57.000000
v 19.445775 -0.370000 57.000000
v 19.404185 -0.370000 58.000000
v 4.760119 0.000000 58.000000
v 4.756042 0.000000 59.000000
v 5.756042 -0.090000 59.000000
v 4.760119 0.000000 58.000000
v 5.756042 -0.090000 59.000000
v 5.760119 -0.090000 58.000000
v 5.760119 -0.090000 58.000000
v 5.756042 -0.090000 59.000000
v 6.296042 -0.370000 59.000000
v 5.760119 -0.090000 58.000000
v 6.296042 -0.370000 59.000000
v 6.300119 -0.370000 58.000000
v 20.944185 0.000000 58.000000
v 19.893120 -0.090000 59.000000
v 20.893120 0.000000 59.000000
v 20.944185 0.000000 58.000000
v 19.944185 -0.090000 58.000000
v 19.893120 -0.090000 59.000000
v 19.944185 -0.090000 58.000000
v 19.353120 -0.370000 59.000000
v 19.893120 -0.090000 59.000000
v 19.944185 -0.090000 58.000000
v 19.404185 -0.370000 58.000000
v 19.353120 -0.370000 59.000000
v 4.756042 0.000000 59.000000
v 4.732645 0.000000 60.000000
v 5.732645 -0.090000 60.000000
v 4.756042 0.000000 59.000000
v 5.732645 -0.090000 60.000000
v 5.756042 -0.090000 59.000000
v 5.756042 -0.090000 59.000000
v 5.732645 -0.090000 60.000000
v 6.272645 -0.370000 60.000000
v 5.756042 -0.090000 59.000000
v 6.272645 -0.370000 60.000000
v 6.296042 -0.370000 59.000000
v 20.893120 0.000000 59.000000
v 19.829441 -0.090000 60.000000
v 20.829441 0.000000 60.000000
v 20.893120 0.000000 59.000000
v 19.893120 -0.090000 59.000000
v 19.829441 -0.090000 60.000000
v 19.893120 -0.090000 59.000000
v 19.289441 -0.370000 60.000000
v 19.829441 -0.090000 60.000000
v 19.893120 -0.090000 59.000000
v 19.353120 -0.370000 59.000000
v 19.289441 -0.370000 60.000000
v 4.732645 0.000000 60.000000
v 4.686738 0.000000 61.000000
v 5.686738 -0.090000 61.000000
v 4.732645 0.000000 60.000000
v 5.686738 -0.090000 61.000000
v 5.732645 -0.090000 60.000000
v 5.732645 -0.090000 60.000000
v 5.686738 -0.090000 61.000000
v 6.226738 -0.370000 61.000000
v 5.732645 -0.090000 60.000000
v 6.226738 -0.370000 61.000000
v 6.272645 -0.370000 60.000000
v 20.829441 0.000000 60.000000
v 19.750101 -0.090000 61.000000
v 20.750101 0.000000 61.000000
v 20.829441 0.000000 60.000000
v 19.829441 -0.090000 60.000000
v 19.750101 -0.090000 61.000000
v 19.829441 -0.090000 60.000000
v 19.210101 -0.370000 61.000000
v 19.750101 -0.090000 61.000000
v 19.829441 -0.090000 60.000000
v 19.289441 -0.370000 60.000000
v 19.210101 -0.370000 61.000000
v 4.686738 0.000000 61.000000
v 4.615295 0.000000 62.000000
v 5.615295 -0.090000 62.000000
v 4.686738 0.000000 61.000000
v 5.615295 -0.090000 62.000000
v 5.686738 -0.090000 61.000000
v 5.686738 -0.090000 61.000000
v 5.615295 -0.090000 62.000000
v 6.155295 -0.370000 62.000000
v 5.686738 -0.090000 61.000000
v 6.155295 -0.370000 62.000000
v 6.226738 -0.370000 61.000000
v 20.750101 0.000000 61.000000
v 19.652195 -0.090000 62.000000
v 20.652195 0.000000 62.000000
v 20.750101 0.000000 61.000000
v 19.750101 -0.090000 61.000000
v 19.652195 -0.090000 62.000000
v 19.750101 -0.090000 61.000000
v 19.112195 -0.370000 62.000000
v 19.652195 -0.090000 62.000000
v 19.750101 -0.090000 61.000000
v 19.210101 -0.370000 61.000000
v 19.112195 -0.370000 62.000000
v 4.615295 0.000000 62.000000
v 4.515500 0.000000 63.000000
v 5.515500 -0.090000 63.000000
v 4.615295 0.000000 62.000000
v 5.515500 -0.090000 63.000000
v 5.615295 -0.090000 62.000000
v 5.615295 -0.090000 62.000000
v 5.515500 -0.090000 63.000000
v 6.055500 -0.370000 63.000000
v 5.615295 -0.090000 62.000000
v 6.055500 -0.370000 63.000000
v 6.155295 -0.370000 62.000000
v 20.652195 0.000000 62.000000
v 19.533001 -0.090000 63.000000
v 20.533001 0.000000 63.000000
v 20.652195 0.000000 62.000000
v 19.652195 -0.090000 62.000000
v 19.533001 -0.090000 63.000000
v 19.652195 -0.090000 62.000000
v 18.993001 -0.370000 63.000000
v 19.533001 -0.090000 63.000000
v 19.652195 -0.090000 62.000000
v 19.112195 -0.370000 62.000000
v 18.993001 -0.370000 63.000000
v 4.515500 0.000000 63.000000
v 4.384783 0.000000 64.000000
v 5.384783 -0.090000 64.000000
v 4.515500 0.000000 63.000000
v 5.384783 -0.090000 64.000000
v 5.515500 -0.090000 63.000000
v 5.515500 -0.090000 63.000000
v 5.384783 -0.090000 64.000000
v 5.924783 -0.370000 64.000000
v 5.515500 -0.090000 63.000000
v 5.924783 -0.370000 64.000000
v 6.055500 -0.370000 63.000000
v 20.533001 0.000000 63.000000
v 19.390020 -0.090000 64.000000
v 20.390020 0.000000 64.000000
v 20.533001 0.000000 63.000000
v 19.533001 -0.090000 63.000000
v 19.390020 -0.090000 64.000000
v 19.533001 -0.090000 63.000000
v 18.850020 -0.370000 64.000000
v 19.390020 -0.090000 64.000000
v 19.533001 -0.090000 63.000000
v 18.993001 -0.370000 63.000000
v 18.850020 -0.370000 64.000000
v 4.384783 0.000000 64.000000
v 4.220865 0.000000 65.000000
v 5.220865 -0.090000 65.000000
v 4.384783 0.000000 64.000000
v 5.220865 -0.090000 65.000000
v 5.384783 -0.090000 64.000000
v 5.384783 -0.090000 64.000000
v 5.220865 -0.090000 65.000000
v 5.760865 -0.370000 65.000000
v 5.384783 -0.090000 64.000000
v 5.760865 -0.370000 65.000000
v 5.924783 -0.370000 64.000000
v 20.390020 0.000000 64.000000
v 19.221018 -0.090000 65.000000
v 20.221018 0.000000 65.000000
v 20.390020 0.000000 64.000000
v 19.390020 -0.090000 64.000000
v 19.221018 -0.090000 65.000000
v 19.390020 -0.090000 64.000000
v 18.681018 -0.370000 65.000000
v 19.221018 -0.090000 65.000000
v 19.390020 -0.090000 64.000000
v 18.850020 -0.370000 64.000000
v 18.681018 -0.370000 65.000000
v 4.220865 0.000000 65.000000
v 4.021790 0.000000 66.000000
v 5.021790 -0.090000 66.000000
v 4.220865 0.000000 65.000000
v 5.021790 -0.090000 66.000000
v 5.220865 -0.090000 65.000000
v 5.220865 -0.090000 65.000000
v 5.021790 -0.090000 66.000000
v 5.561790 -0.370000 66.000000
v 5.220865 -0.090000 65.000000
v 5.561790 -0.370000 66.000000
v 5.760865 -0.370000 65.000000
v 20.221018 0.000000 65.000000
v 19.024056 -0.090000 66.000000
v 20.024056 0.000000 66.000000
v 20.221018 0.000000 65.000000
v 19.221018 -0.090000 65.000000
v 19.024056 -0.090000 66.000000
v 19.221018 -0.090000 65.000000
v 18.484056 -0.370000 66.000000
v 19.024056 -0.090000 66.000000
v 19.221018 -0.090000 65.000000
v 18.681018 -0.370000 65.000000
v 18.484056 -0.370000 66.000000
v 4.021790 0.000000 66.000000
v 3.785957 0.000000 67.000000
v 4.785957 -0.090000 67.000000
v 4.021790 0.000000 66.000000
v 4.785957 -0.090000 67.000000
v 5.021790 -0.090000 66.000000
v 5.021790 -0.090000 66.000000
v 4.785957 -0.090000 67.000000
v 5.325957 -0.370000 67.000000
v 5.021790 -0.090000 66.000000
v 5.325957 -0.370000 67.000000
v 5.561790 -0.370000 66.000000
v 20.024056 0.000000 66.000000
v 18.797525 -0.090000 67.000000
v 19.797525 0.000000 67.000000
v 20.024056 0.000000 66.000000
v 19.024056 -0.090000 66.000000
v 18.797525 -0.090000 67.000000
v 19.024056 -0.090000 66.000000
v 18.257525 -0.370000 67.000000
v 18.797525 -0.090000 67.000000
v 19.024056 -0.090000 66.000000
v 18.484056 -0.370000 66.000000
v 18.257525 -0.370000 67.000000
v 3.785957 0.000000 67.000000
v 3.512146 0.000000 68.000000
v 4.512146 -0.090000 68.000000
v 3.785957 0.000000 67.000000
v 4.512146 -0.090000 68.000000
v 4.785957 -0.090000 67.000000
v 4.785957 -0.090000 67.000000
v 4.512146 -0.090000 68.000000
v 5.052146 -0.370000 68.000000
v 4.785957 -0.090000 67.000000
v 5.052146 -0.370000 68.000000
v 5.325957 -0.370000 67.000000
v 19.797525 0.000000 67.000000
v 18.540174 -0.090000 68.000000
v 19.540174 0.000000 68.000000
v 19.797525 0.000000 67.000000
v 18.797525 -0.090000 67.000000
v 18.540174 -0.090000 68.000000
v 18.797525 -0.090000 67.000000
v 18.000174 -0.370000 68.000000
v 18.540174 -0.090000 68.000000
v 18.797525 -0.090000 67.000000
v 18.257525 -0.370000 67.000000
v 18.000174 -0.370000 68.000000
v 3.512146 0.000000 68.000000
v 3.199545 0.000000 69.000000
v 4.199545 -0.090000 69.000000
v 3.512146 0.000000 68.000000
v 4.199545 -0.090000 69.000000
v 4.512146 -0.090000 68.000000
v 4.512146 -0.090000 68.000000
v 4.199545 -0.090000 69.000000
v 4.739545 -0.370000 69.000000
v 4.512146 -0.090000 68.000000
v 4.739545 -0.370000 69.000000
v 5.052146 -0.370000 68.000000
v 19.540174 0.000000 68.000000
v 18.251128 -0.090000 69.000000
v 19.251128 0.000000 69.000000
v 19.540174 0.000000 68.000000
v 18.540174 -0.090000 68.000000
v 18.251128 -0.090000 69.000000
v 18.540174 -0.090000 68.000000
v 17.711128 -0.370000 69.000000
v 18.251128 -0.090000 69.000000
v 18.540174 -0.090000 68.000000
v 18.000174 -0.370000 68.000000
v 17.711128 -0.370000 69.000000
v 3.199545 0.000000 69.000000
v 2.847764 0.000000 70.000000
v 3.847764 -0.090000 70.000000
v 3.199545 0.000000 69.000000
v 3.847764 -0.090000 70.000000
v 4.199545 -0.090000 69.000000
v 4.199545 -0.090000 69.000000
v 3.847764 -0.090000 70.000000
v 4.387764 -0.370000 70.000000
v 4.199545 -0.090000 69.000000
v 4.387764 -0.370000 70.000000
v 4.739545 -0.370000 69.000000
v 19.251128 0.000000 69.000000
v 17.929915 -0.090000 70.000000
v 18.929915 0.000000 70.000000
v 19.251128 0.000000 69.000000
v 18.251128 -0.090000 69.000000
v 17.929915 -0.090000 70.000000
v 18.251128 -0.090000 69.000000
v 17.389915 -0.370000 70.000000
v 17.929915 -0.090000 70.000000
v 18.251128 -0.090000 69.000000
v 17.711128 -0.370000 69.000000
v 17.389915 -0.370000 70.000000
v 2.847764 0.000000 70.000000
v 2.456850 0.000000 71.000000
v 3.456850 -0.090000 71.000000
v 2.847764 0.000000 70.000000
v 3.456850 -0.090000 71.000000
v 3.847764 -0.090000 70.000000
v 3.847764 -0.090000 70.000000
v 3.456850 -0.090000 71.000000
v 3.996850 -0.370000 71.000000
v 3.847764 -0.090000 70.000000
v 3.996850 -0.370000 71.000000
v 4.387764 -0.370000 70.000000
v 18.929915 0.000000 70.000000
v 17.576472 -0.090000 71.000000
v 18.576472 0.000000 71.000000
v 18.929915 0.000000 70.000000
v 17.929915 -0.090000 70.000000
v 17.576472 -0.090000 71.000000
v 17.929915 -0.090000 70.000000
v 17.036472 -0.370000 71.000000
v 17.576472 -0.090000 71.000000
v 17.929915 -0.090000 70.000000
v 17.389915 -0.370000 70.000000
v 17.036472 -0.370000 71.000000
v 2.456850 0.000000 71.000000
v 2.027298 0.000000 72.000000
v 3.027298 -0.090000 72.000000
v 2.456850 0.000000 71.000000
v 3.027298 -0.090000 72.000000
v 3.456850 -0.090000 71.000000
v 3.456850 -0.090000 71.000000
v 3.027298 -0.090000 72.000000
v 3.567298 -0.370000 72.000000
v 3.456850 -0.090000 71.000000
v 3.567298 -0.370000 72.000000
v 3.996850 -0.370000 71.000000
v 18.576472 0.000000 71.000000
v 17.191157 -0.090000 72.000000
v 18.191157 0.000000 72.000000
v 18.576472 0.000000 71.000000
v 17.576472 -0.090000 71.000000
v 17.191157 -0.090000 72.000000
v 17.576472 -0.090000 71.000000
v 16.651157 -0.370000 72.000000
v 17.191157 -0.090000 72.000000
v 17.576472 -0.090000 71.000000
v 17.036472 -0.370000 71.000000
v 16.651157 -0.370000 72.000000
vn 0.089593 0.995482 0.031452
vn 0.089593 0.995482 0.031452
vn 0.454422 0.876386 0.159524
vn 0.454422 0.876386 0.159524
vn -0.089560 0.995115 -0.041540
vn -0.089560 0.995115 -0.041540
vn -0.450171 0.868187 -0.208799
vn -0.450171 0.868187 -0.208799
vn 0.089602 0.995578 0.028195
vn 0.089602 0.995578 0.028195
vn 0.455563 0.878586 0.143350
vn 0.455563 0.878586 0.143350
vn -0.089571 0.995236 -0.038488
vn -0.089571 0.995236 -0.038488
vn -0.451569 0.870882 -0.194035
vn -0.451569 0.870882 -0.194035
vn 0.089610 0.995665 0.024917
vn 0.089610 0.995665 0.024917
vn 0.456592 0.880570 0.126962
vn 0.456592 0.880570 0.126962
vn -0.089582 0.995351 -0.035378
vn -0.089582 0.995351 -0.035378
vn -0.452894 0.873439 -0.178862
vn -0.452894 0.873439 -0.178862
vn 0.089617 0.995741 0.021659
vn 0.089617 0.995741 0.021659
vn 0.457495 0.882311 0.110568
vn 0.457495 0.882311 0.110568
vn -0.089591 0.995456 -0.032250
vn -0.089591 0.995456 -0.032250
vn -0.454125 0.875813 -0.163469
vn -0.454125 0.875813 -0.163469
vn 0.089622 0.995805 0.018457
vn 0.089622 0.995805 0.018457
vn 0.458263 0.883792 0.094376
vn 0.458263 0.883792 0.094376
vn -0.089600 0.995552 -0.029140
vn -0.089600 0.995552 -0.029140
vn -0.455244 0.877971 -0.148055
vn -0.455244 0.877971 -0.148055
vn 0.089627 0.995857 0.015350
vn 0.089627 0.995857 0.015350
vn 0.458893 0.885009 0.078591
vn 0.458893 0.885009 0.078591
vn -0.089607 0.995636 -0.026085
vn -0.089607 0.995636 -0.026085
vn -0.456239 0.879890 -0.132813
vn -0.456239 0.879890 -0.132813
vn 0.089631 0.995898 0.012372
vn 0.089631 0.995898 0.012372
vn 0.459391 0.885968 0.063410
vn 0.459391 0.885968 0.063410
vn -0.089614 0.995708 -0.023121
vn -0.089614 0.995708 -0.023121
vn -0.457105 0.881559 -0.117936
vn -0.457105 0.881559 -0.117936
vn 0.089634 0.995929 0.009557
vn 0.089634 0.995929 0.009557
vn 0.459764 0.886687 0.049021
vn 0.459764 0.886687 0.049021
vn -0.089619 0.995770 -0.020281
vn -0.089619 0.995770 -0.020281
vn -0.457840 0.882977 -0.103608
vn -0.457840 0.882977 -0.103608
vn 0.089636 0.995950 0.006936
vn 0.089636 0.995950 0.006936
vn 0.460025 0.887192 0.035595
vn 0.460025 0.887192 0.035595
vn -0.089624 0.995820 -0.017595
vn -0.089624 0.995820 -0.017595
vn -0.458449 0.884152 -0.090003
vn -0.458449 0.884152 -0.090003
vn 0.089637 0.995964 0.004536
vn 0.089637 0.995964 0.004536
vn 0.460192 0.887514 0.023287
vn 0.460192 0.887514 0.023287
vn -0.089627 0.995861 -0.015092
vn -0.089627 0.995861 -0.015092
vn -0.458941 0.885100 -0.077280
vn -0.458941 0.885100 -0.077280
vn 0.089637 0.995972 0.002382
vn 0.089637 0.995972 0.002382
vn 0.460283 0.887688 0.012231
vn 0.460283 0.887688 0.012231
vn -0.089630 0.995893 -0.012797
vn -0.089630 0.995893 -0.012797
vn -0.459326 0.885843 -0.065581
vn -0.459326 0.885843 -0.065581
vn 0.089638 0.995974 0.000495
vn 0.089638 0.995974 0.000495
vn 0.460316 0.887752 0.002542
vn 0.460316 0.887752 0.002542
vn -0.089633 0.995917 -0.010731
vn -0.089633 0.995917 -0.010731
vn -0.459620 0.886409 -0.055028
vn -0.459620 0.886409 -0.055028
vn 0.089638 0.995974 -0.001108
vn 0.089638 0.995974 -0.001108
vn 0.460310 0.887740 -0.005689
vn 0.460310 0.887740 -0.005689
vn -0.089634 0.995935 -0.008913
vn -0.089634 0.995935 -0.008913
vn -0.459836 0.886826 -0.045724
vn -0.459836 0.886826 -0.045724
vn 0.089637 0.995972 -0.002413
vn 0.089637 0.995972 -0.002413
vn 0.460282 0.887686 -0.012390
vn 0.460282 0.887686 -0.012390
vn -0.089635 0.995947 -0.007356
vn -0.089635 0.995947 -0.007356
vn -0.459989 0.887122 -0.037747
vn -0.459989 0.887122 -0.037747
vn 0.089637 0.995969 -0.003411
vn 0.089637 0.995969 -0.003411
vn 0.460247 0.887618 -0.017516
vn 0.460247 0.887618 -0.017516
vn -0.089636 0.995956 -0.006070
vn -0.089636 0.995956 -0.006070
vn -0.460094 0.887324 -0.031156
vn -0.460094 0.887324 -0.031156
vn 0.089637 0.995966 -0.004098
vn 0.089637 0.995966 -0.004098
vn 0.460215 0.887558 -0.021041
vn 0.460215 0.887558 -0.021041
vn -0.089637 0.995962 -0.005061
vn -0.089637 0.995962 -0.005061
vn -0.460162 0.887455 -0.025984
vn -0.460162 0.887455 -0.025984
vn 0.089637 0.995964 -0.004473
vn 0.089637 0.995964 -0.004473
vn 0.460196 0.887520 -0.022963
vn 0.460196 0.887520 -0.022963
vn -0.089637 0.995965 -0.004333
vn -0.089637 0.995965 -0.004333
vn -0.460203 0.887535 -0.022244
vn -0.460203 0.887535 -0.022244
vn 0.089637 0.995964 -0.004539
vn 0.089637 0.995964 -0.004539
vn 0.460192 0.887514 -0.023301
vn 0.460192 0.887514 -0.023301
vn -0.089637 0.995967 -0.003881
vn -0.089637 0.995967 -0.003881
vn -0.460226 0.887578 -0.019925
vn -0.460226 0.887578 -0.019925
vn 0.089637 0.995965 -0.004303
vn 0.089637 0.995965 -0.004303
vn 0.460205 0.887538 -0.022093
vn 0.460205 0.887538 -0.022093
vn -0.089637 0.995968 -0.003700
vn -0.089637 0.995968 -0.003700
vn -0.460234 0.887594 -0.018995
vn -0.460234 0.887594 -0.018995
vn 0.089637 0.995967 -0.003779
vn 0.089637 0.995967 -0.003779
vn 0.460231 0.887587 -0.019401
vn 0.460231 0.887587 -0.019401
vn -0.089637 0.995967 -0.003779
vn -0.089637 0.995967 -0.003779
vn -0.460231 0.887587 -0.019402
vn -0.460231 0.887587 -0.019402
vn 0.089637 0.995970 -0.002981
vn 0.089637 0.995970 -0.002981
vn 0.460263 0.887651 -0.015304
vn 0.460263 0.887651 -0.015304
vn -0.089637 0.995966 -0.004105
vn -0.089637 0.995966 -0.004105
vn -0.460215 0.887557 -0.021074
vn -0.460215 0.887557 -0.021074
vn 0.089638 0.995973 -0.001928
vn 0.089638 0.995973 -0.001928
vn 0.460295 0.887711 -0.009902
vn 0.460295 0.887711 -0.009902
vn -0.089637 0.995964 -0.004659
vn -0.089637 0.995964 -0.004659
vn -0.460185 0.887501 -0.023918
vn -0.460185 0.887501 -0.023918
vn 0.089638 0.995974 -0.000645
vn 0.089638 0.995974 -0.000645
vn 0.460315 0.887750 -0.003312
vn 0.460315 0.887750 -0.003312
vn -0.089636 0.995960 -0.005421
vn -0.089636 0.995960 -0.005421
vn -0.460139 0.887411 -0.027826
vn -0.460139 0.887411 -0.027826
vn 0.089638 0.995974 0.000843
vn 0.089638 0.995974 0.000843
vn 0.460313 0.887746 0.004331
vn 0.460313 0.887746 0.004331
vn -0.089636 0.995954 -0.006365
vn -0.089636 0.995954 -0.006365
vn -0.460071 0.887281 -0.032672
vn -0.460071 0.887281 -0.032672
vn 0.089610 0.995664 0.024969
vn 0.089610 0.995664 0.024969
vn 0.456577 0.880541 0.127222
vn 0.456577 0.880541 0.127222
vn -0.089620 0.995775 -0.019999
vn -0.089620 0.995775 -0.019999
vn -0.457908 0.883108 -0.102183
vn -0.457908 0.883108 -0.102183
vn 0.089611 0.995675 0.024505
vn 0.089611 0.995675 0.024505
vn 0.456713 0.880804 0.124892
vn 0.456713 0.880804 0.124892
vn -0.089622 0.995795 -0.018972
vn -0.089622 0.995795 -0.018972
vn -0.458147 0.883570 -0.096985
vn -0.458147 0.883570 -0.096985
vn 0.089613 0.995695 0.023696
vn 0.089613 0.995695 0.023696
vn 0.456945 0.881250 0.120829
vn 0.456945 0.881250 0.120829
vn -0.089624 0.995820 -0.017620
vn -0.089624 0.995820 -0.017620
vn -0.458444 0.884141 -0.090131
vn -0.458444 0.884141 -0.090131
vn 0.089615 0.995721 0.022539
vn 0.089615 0.995721 0.022539
vn 0.457263 0.881864 0.115004
vn 0.457263 0.881864 0.115004
vn -0.089626 0.995848 -0.015942
vn -0.089626 0.995848 -0.015942
vn -0.458782 0.884794 -0.081602
vn -0.458782 0.884794 -0.081602
vn 0.089618 0.995754 0.021033
vn 0.089618 0.995754 0.021033
vn 0.457654 0.882619 0.107411
vn 0.457654 0.882619 0.107411
vn -0.089629 0.995878 -0.013938
vn -0.089629 0.995878 -0.013938
vn -0.459142 0.885489 -0.071402
vn -0.459142 0.885489 -0.071402
vn 0.089621 0.995791 0.019184
vn 0.089621 0.995791 0.019184
vn 0.458099 0.883476 0.098059
vn 0.458099 0.883476 0.098059
vn -0.089632 0.995907 -0.011617
vn -0.089632 0.995907 -0.011617
vn -0.459500 0.886179 -0.059555
vn -0.459500 0.886179 -0.059555
vn 0.089625 0.995831 0.017000
vn 0.089625 0.995831 0.017000
vn 0.458572 0.884390 0.086983
vn 0.458572 0.884390 0.086983
vn -0.089634 0.995934 -0.008988
vn -0.089634 0.995934 -0.008988
vn -0.459828 0.886810 -0.046109
vn -0.459828 0.886810 -0.046109
vn 0.089628 0.995870 0.014495
vn 0.089628 0.995870 0.014495
vn 0.459047 0.885305 0.074237
vn 0.459047 0.885305 0.074237
vn -0.089636 0.995956 -0.006066
vn -0.089636 0.995956 -0.006066
vn -0.460094 0.887324 -0.031137
vn -0.460094 0.887324 -0.031137
vn 0.089632 0.995906 0.011684
vn 0.089632 0.995906 0.011684
vn 0.459491 0.886160 0.059900
vn 0.459491 0.886160 0.059900
vn -0.089637 0.995970 -0.002870
vn -0.089637 0.995970 -0.002870
vn -0.460267 0.887658 -0.014737
vn -0.460267 0.887658 -0.014737
vn 0.089634 0.995938 0.008591
vn 0.089634 0.995938 0.008591
vn 0.459870 0.886892 0.044076
vn 0.459870 0.886892 0.044076
vn -0.089638 0.995974 0.000578
vn -0.089638 0.995974 0.000578
vn -0.460315 0.887751 0.002966
vn -0.460315 0.887751 0.002966
vn 0.089636 0.995961 0.005239
vn 0.089636 0.995961 0.005239
vn 0.460151 0.887433 0.026893
vn 0.460151 0.887433 0.026893
vn -0.089637 0.995965 0.004251
vn -0.089637 0.995965 0.004251
vn -0.460208 0.887543 0.021824
vn -0.460208 0.887543 0.021824
vn 0.089638 0.995973 0.001656
vn 0.089638 0.995973 0.001656
vn 0.460301 0.887722 0.008503
vn 0.460301 0.887722 0.008503
vn -0.089635 0.995942 0.008120
vn -0.089635 0.995942 0.008120
vn -0.459917 0.886984 0.041662
vn -0.459917 0.886984 0.041662
vn 0.089637 0.995972 -0.002126
vn 0.089637 0.995972 -0.002126
vn 0.460290 0.887702 -0.010917
vn 0.460290 0.887702 -0.010917
vn -0.089631 0.995901 0.012152
vn -0.089631 0.995901 0.012152
vn -0.459423 0.886031 0.062289
vn -0.459423 0.886031 0.062289
vn 0.089636 0.995956 -0.006073
vn 0.089636 0.995956 -0.006073
vn 0.460093 0.887323 -0.031172
vn 0.460093 0.887323 -0.031172
vn -0.089626 0.995842 0.016313
vn -0.089626 0.995842 0.016313
vn -0.458710 0.884655 0.083492
vn -0.458710 0.884655 0.083492
vn 0.089633 0.995923 -0.010149
vn 0.089633 0.995923 -0.010149
vn 0.459693 0.886551 -0.052049
vn 0.459693 0.886551 -0.052049
vn -0.089619 0.995764 0.020565
vn -0.089619 0.995764 0.020565
vn -0.457770 0.882843 0.105048
vn -0.457770 0.882843 0.105048
vn 0.089629 0.995872 -0.014315
vn 0.089629 0.995872 -0.014315
vn 0.459078 0.885365 -0.073320
vn 0.459078 0.885365 -0.073320
vn -0.089610 0.995666 0.024870
vn -0.089610 0.995666 0.024870
vn -0.456606 0.880598 0.126724
vn -0.456606 0.880598 0.126724
vn 0.089622 0.995803 -0.018531
vn 0.089622 0.995803 -0.018531
vn 0.458246 0.883761 -0.094751
vn 0.458246 0.883761 -0.094751
vn -0.089600 0.995550 0.029186
vn -0.089600 0.995550 0.029186
vn -0.455228 0.877940 0.148286
vn -0.455228 0.877940 0.148286
vn 0.089614 0.995717 -0.022757
vn 0.089614 0.995717 -0.022757
vn 0.457204 0.881751 -0.116105
vn 0.457204 0.881751 -0.116105
vn -0.089587 0.995416 0.033473
vn -0.089587 0.995416 0.033473
vn -0.453656 0.874909 0.169502
vn -0.453656 0.874909 0.169502
vn 0.089605 0.995613 -0.026952
vn 0.089605 0.995613 -0.026952
vn 0.455967 0.879366 -0.137148
vn 0.455967 0.879366 -0.137148
vn -0.089574 0.995267 0.037689
vn -0.089574 0.995267 0.037689
vn -0.451919 0.871558 0.190149
vn -0.451919 0.871558 0.190149
vn 0.089594 0.995493 -0.031073
vn 0.089594 0.995493 -0.031073
vn 0.454561 0.876653 -0.157652
vn 0.454561 0.876653 -0.157652
vn -0.089559 0.995104 0.041793
vn -0.089559 0.995104 0.041793
vn -0.450051 0.867955 0.210018
vn -0.450051 0.867955 0.210018
vn 0.089583 0.995361 -0.035081
vn 0.089583 0.995361 -0.035081
vn 0.453016 0.873673 -0.177405
vn 0.453016 0.873673 -0.177405
vn -0.089544 0.994932 0.045745
vn -0.089544 0.994932 0.045745
vn -0.448094 0.864181 0.228915
vn -0.448094 0.864181 0.228915
vn 0.089570 0.995219 -0.038935
vn 0.089570 0.995219 -0.038935
vn 0.451370 0.870499 -0.196208
vn 0.451370 0.870499 -0.196208
vn -0.089528 0.994753 0.049504
vn -0.089528 0.994753 0.049504
vn -0.446094 0.860323 0.246666
vn -0.446094 0.860323 0.246666
vn 0.089556 0.995070 -0.042598
vn 0.089556 0.995070 -0.042598
vn 0.449665 0.867211 -0.213885
vn 0.449665 0.867211 -0.213885
vn -0.089512 0.994573 0.053033
vn -0.089512 0.994573 0.053033
vn -0.444097 0.856474 0.263117
vn -0.444097 0.856474 0.263117
vn 0.089543 0.994919 -0.046032
vn 0.089543 0.994919 -0.046032
vn 0.447946 0.863896 -0.230278
vn 0.447946 0.863896 -0.230278
vn -0.089496 0.994395 0.056297
vn -0.089496 0.994395 0.056297
vn -0.442154 0.852725 0.278136
vn -0.442154 0.852725 0.278136
vn 0.089527 0.994739 -0.049785
vn 0.089527 0.994739 -0.049785
vn 0.445939 0.860025 -0.247984
vn 0.445939 0.860025 -0.247984
vn -0.089514 0.994598 0.052547
vn -0.089514 0.994598 0.052547
vn -0.444379 0.857017 0.260864
vn -0.444379 0.857017 0.260864
vn 0.089540 0.994886 -0.046749
vn 0.089540 0.994886 -0.046749
vn 0.447573 0.863176 -0.233678
vn 0.447573 0.863176 -0.233678
vn -0.089531 0.994784 0.048886
vn -0.089531 0.994784 0.048886
vn -0.446431 0.860975 0.243765
vn -0.446431 0.860975 0.243765
vn 0.089553 0.995033 -0.043469
vn 0.089553 0.995033 -0.043469
vn 0.449240 0.866391 -0.218062
vn 0.449240 0.866391 -0.218062
vn -0.089547 0.994967 0.044974
vn -0.089547 0.994967 0.044974
vn -0.448488 0.864940 0.225248
vn -0.448488 0.864940 0.225248
vn 0.089566 0.995178 -0.039982
vn 0.089566 0.995178 -0.039982
vn 0.450896 0.869586 -0.201278
vn 0.450896 0.869586 -0.201278
vn -0.089563 0.995143 0.040848
vn -0.089563 0.995143 0.040848
vn -0.450496 0.868814 0.205462
vn -0.450496 0.868814 0.205462
vn 0.089579 0.995317 -0.036323
vn 0.089579 0.995317 -0.036323
vn 0.452502 0.872683 -0.183486
vn 0.452502 0.872683 -0.183486
vn -0.089578 0.995309 0.036547
vn -0.089578 0.995309 0.036547
vn -0.452408 0.872501 0.184576
vn -0.452408 0.872501 0.184576
vn 0.089590 0.995447 -0.032532
vn 0.089590 0.995447 -0.032532
vn 0.454018 0.875607 -0.164865
vn 0.454018 0.875607 -0.164865
vn -0.089591 0.995461 0.032111
vn -0.089591 0.995461 0.032111
vn -0.454177 0.875913 0.162787
vn -0.454177 0.875913 0.162787
vn 0.089601 0.995566 -0.028648
vn 0.089601 0.995566 -0.028648
vn 0.455411 0.878293 -0.145610
vn 0.455411 0.878293 -0.145610
vn -0.089604 0.995595 0.027584
vn -0.089604 0.995595 0.027584
vn -0.455764 0.878973 0.140306
vn -0.455764 0.878973 0.140306
vn 0.089610 0.995670 -0.024711
vn 0.089610 0.995670 -0.024711
vn 0.456653 0.880687 -0.125929
vn 0.456653 0.880687 -0.125929
vn -0.089614 0.995711 0.023008
vn -0.089614 0.995711 0.023008
vn -0.457136 0.881619 0.117367
vn -0.457136 0.881619 0.117367
vn 0.089618 0.995760 -0.020762
vn 0.089618 0.995760 -0.020762
vn 0.457722 0.882749 -0.106039
vn 0.457722 0.882749 -0.106039
vn -0.089622 0.995805 0.018424
vn -0.089622 0.995805 0.018424
vn -0.458270 0.883806 0.094210
vn -0.458270 0.883806 0.094210
vn 0.089625 0.995833 -0.016839
vn 0.089625 0.995833 -0.016839
vn 0.458605 0.884453 -0.086165
vn 0.458605 0.884453 -0.086165
vn -0.089629 0.995879 0.013876
vn -0.089629 0.995879 0.013876
vn -0.459153 0.885509 0.071085
vn -0.459153 0.885509 0.071085
vn 0.089630 0.995891 -0.012982
vn 0.089630 0.995891 -0.012982
vn 0.459297 0.885788 -0.066527
vn 0.459297 0.885788 -0.066527
vn -0.089634 0.995930 0.009405
vn -0.089634 0.995930 0.009405
vn -0.459781 0.886721 0.048241
vn -0.459781 0.886721 0.048241
vn 0.089634 0.995932 -0.009229
vn 0.089634 0.995932 -0.009229
vn 0.459801 0.886759 -0.047344
vn 0.459801 0.886759 -0.047344
vn -0.089637 0.995962 0.005049
vn -0.089637 0.995962 0.005049
vn -0.460162 0.887456 0.025922
vn -0.460162 0.887456 0.025922
vn 0.089636 0.995959 -0.005615
vn 0.089636 0.995959 -0.005615
vn 0.460126 0.887386 -0.028825
vn 0.460126 0.887386 -0.028825
vn -0.089638 0.995974 0.000849
vn -0.089638 0.995974 0.000849
vn -0.460313 0.887746 0.004358
vn -0.460313 0.887746 0.004358
vn 0.089637 0.995972 -0.002174
vn 0.089637 0.995972 -0.002174
vn 0.460288 0.887699 -0.011165
vn 0.460288 0.887699 -0.011165
vn -0.089637 0.995969 -0.003162
vn -0.089637 0.995969 -0.003162
vn -0.460256 0.887638 -0.016237
vn -0.460256 0.887638 -0.016237
vn 0.089638 0.995974 0.001063
vn 0.089638 0.995974 0.001063
vn 0.460310 0.887741 0.005461
vn 0.460310 0.887741 0.005461
vn -0.089636 0.995950 -0.006950
vn -0.089636 0.995950 -0.006950
vn -0.460024 0.887190 -0.035669
vn -0.460024 0.887190 -0.035669
vn 0.089637 0.995966 0.004070
vn 0.089637 0.995966 0.004070
vn 0.460217 0.887561 0.020895
vn 0.460217 0.887561 0.020895
vn -0.089633 0.995920 -0.010485
vn -0.089633 0.995920 -0.010485
vn -0.459651 0.886470 -0.053769
vn -0.459651 0.886470 -0.053769
vn 0.089636 0.995951 0.006820
vn 0.089636 0.995951 0.006820
vn 0.460035 0.887211 0.035002
vn 0.460035 0.887211 0.035002
vn -0.089629 0.995880 -0.013741
vn -0.089629 0.995880 -0.013741
vn -0.459175 0.885552 -0.070395
vn -0.459175 0.885552 -0.070395
vn 0.089634 0.995931 0.009294
vn 0.089634 0.995931 0.009294
vn 0.459794 0.886745 0.047673
vn 0.459794 0.886745 0.047673
vn -0.089625 0.995836 -0.016695
vn -0.089625 0.995836 -0.016695
vn -0.458634 0.884509 -0.085431
vn -0.458634 0.884509 -0.085431
vn 0.089632 0.995909 0.011473
vn 0.089632 0.995909 0.011473
vn 0.459520 0.886217 0.058820
vn 0.459520 0.886217 0.058820
vn -0.089621 0.995788 -0.019328
vn -0.089621 0.995788 -0.019328
vn -0.458066 0.883412 -0.098788
vn -0.458066 0.883412 -0.098788
vn 0.089630 0.995886 0.013346
vn 0.089630 0.995886 0.013346
vn 0.459240 0.885677 0.068380
vn 0.459240 0.885677 0.068380
vn -0.089617 0.995742 -0.021626
vn -0.089617 0.995742 -0.021626
vn -0.457503 0.882328 -0.110401
vn -0.457503 0.882328 -0.110401
vn 0.089628 0.995864 0.014902
vn 0.089628 0.995864 0.014902
vn 0.458975 0.885166 0.076313
vn 0.458975 0.885166 0.076313
vn -0.089613 0.995698 -0.023578
vn -0.089613 0.995698 -0.023578
vn -0.456978 0.881314 -0.120233
vn -0.456978 0.881314 -0.120233
vn 0.089626 0.995845 0.016138
vn 0.089626 0.995845 0.016138
vn 0.458744 0.884721 0.082601
vn 0.458744 0.884721 0.082601
vn -0.089609 0.995659 -0.025177
vn -0.089609 0.995659 -0.025177
vn -0.456515 0.880421 -0.128267
vn -0.456515 0.880421 -0.128267
vn 0.089625 0.995830 0.017052
vn 0.089625 0.995830 0.017052
vn 0.458562 0.884369 0.087247
vn 0.458562 0.884369 0.087247
vn -0.089606 0.995627 -0.026423
vn -0.089606 0.995627 -0.026423
vn -0.456134 0.879687 -0.134506
vn -0.456134 0.879687 -0.134506
vn 0.089624 0.995819 0.017649
vn 0.089624 0.995819 0.017649
vn 0.458438 0.884130 0.090276
vn 0.458438 0.884130 0.090276
vn -0.089604 0.995603 -0.027318
vn -0.089604 0.995603 -0.027318
vn -0.455850 0.879139 -0.138977
vn -0.455850 0.879139 -0.138977
vn 0.089638 0.995974 -0.000927
vn 0.089638 0.995974 -0.000927
vn 0.460312 0.887744 -0.004763
vn 0.460312 0.887744 -0.004763
vn -0.089635 0.995941 -0.008136
vn -0.089635 0.995941 -0.008136
vn -0.459916 0.886981 -0.041746
vn -0.459916 0.886981 -0.041746
vn 0.089638 0.995973 -0.001962
vn 0.089638 0.995973 -0.001962
vn 0.460294 0.887709 -0.010077
vn 0.460294 0.887709 -0.010077
vn -0.089636 0.995952 -0.006738
vn -0.089636 0.995952 -0.006738
vn -0.460042 0.887224 -0.034581
vn -0.460042 0.887224 -0.034581
vn 0.089637 0.995971 -0.002787
vn 0.089637 0.995971 -0.002787
vn 0.460270 0.887664 -0.014313
vn 0.460270 0.887664 -0.014313
vn -0.089636 0.995959 -0.005518
vn -0.089636 0.995959 -0.005518
vn -0.460132 0.887398 -0.028326
vn -0.460132 0.887398 -0.028326
vn 0.089637 0.995969 -0.003378
vn 0.089637 0.995969 -0.003378
vn 0.460248 0.887621 -0.017347
vn 0.460248 0.887621 -0.017347
vn -0.089637 0.995964 -0.004502
vn -0.089637 0.995964 -0.004502
vn -0.460194 0.887517 -0.023116
vn -0.460194 0.887517 -0.023116
vn 0.089637 0.995968 -0.003714
vn 0.089637 0.995968 -0.003714
vn 0.460233 0.887593 -0.019068
vn 0.460233 0.887593 -0.019068
vn -0.089637 0.995968 -0.003714
vn -0.089637 0.995968 -0.003714
vn -0.460233 0.887593 -0.019070
vn -0.460233 0.887593 -0.019070
vn 0.089637 0.995967 -0.003776
vn 0.089637 0.995967 -0.003776
vn 0.460231 0.887588 -0.019387
vn 0.460231 0.887588 -0.019387
vn -0.089637 0.995969 -0.003172
vn -0.089637 0.995969 -0.003172
vn -0.460256 0.887637 -0.016288
vn -0.460256 0.887637 -0.016288
vn 0.089637 0.995968 -0.003551
vn 0.089637 0.995968 -0.003551
vn 0.460241 0.887607 -0.018231
vn 0.460241 0.887607 -0.018231
vn -0.089637 0.995970 -0.002893
vn -0.089637 0.995970 -0.002893
vn -0.460266 0.887657 -0.014854
vn -0.460266 0.887657 -0.014854
vn 0.089637 0.995970 -0.003028
vn 0.089637 0.995970 -0.003028
vn 0.460262 0.887647 -0.015547
vn 0.460262 0.887647 -0.015547
vn -0.089637 0.995970 -0.002888
vn -0.089637 0.995970 -0.002888
vn -0.460267 0.887657 -0.014827
vn -0.460267 0.887657 -0.014827
vn 0.089637 0.995972 -0.002201
vn 0.089637 0.995972 -0.002201
vn 0.460288 0.887698 -0.011305
vn 0.460288 0.887698 -0.011305
vn -0.089637 0.995969 -0.003165
vn -0.089637 0.995969 -0.003165
vn -0.460256 0.887637 -0.016250
vn -0.460256 0.887637 -0.016250
vn 0.089638 0.995974 -0.001070
vn 0.089638 0.995974 -0.001070
vn 0.460310 0.887741 -0.005493
vn 0.460310 0.887741 -0.005493
vn -0.089637 0.995968 -0.003728
vn -0.089637 0.995968 -0.003728
vn -0.460233 0.887592 -0.019141
vn -0.460233 0.887592 -0.019141
vn 0.089638 0.995974 0.000365
vn 0.089638 0.995974 0.000365
vn 0.460316 0.887753 0.001877
vn 0.460316 0.887753 0.001877
vn -0.089637 0.995964 -0.004577
vn -0.089637 0.995964 -0.004577
vn -0.460190 0.887509 -0.023499
vn -0.460190 0.887509 -0.023499
vn 0.089638 0.995972 0.002097
vn 0.089638 0.995972 0.002097
vn 0.460290 0.887703 0.010769
vn 0.460290 0.887703 0.010769
vn -0.089636 0.995958 -0.005708
vn -0.089636 0.995958 -0.005708
vn -0.460120 0.887373 -0.029300
vn -0.460120 0.887373 -0.029300
vn 0.089637 0.995966 0.004115
vn 0.089637 0.995966 0.004115
vn 0.460214 0.887556 0.021127
vn 0.460214 0.887556 0.021127
vn -0.089635 0.995949 -0.007112
vn -0.089635 0.995949 -0.007112
vn -0.460010 0.887163 -0.036497
vn -0.460010 0.887163 -0.036497
vn 0.089636 0.995954 0.006404
vn 0.089636 0.995954 0.006404
vn 0.460068 0.887275 0.032869
vn 0.460068 0.887275 0.032869
vn -0.089634 0.995936 -0.008776
vn -0.089634 0.995936 -0.008776
vn -0.459850 0.886854 -0.045022
vn -0.459850 0.886854 -0.045022
vn 0.089634 0.995935 0.008945
vn 0.089634 0.995935 0.008945
vn 0.459832 0.886819 0.045889
vn 0.459832 0.886819 0.045889
vn -0.089633 0.995918 -0.010684
vn -0.089633 0.995918 -0.010684
vn -0.459626 0.886421 -0.054785
vn -0.459626 0.886421 -0.054785
vn 0.089632 0.995906 0.011716
vn 0.089632 0.995906 0.011716
vn 0.459486 0.886152 0.060063
vn 0.459486 0.886152 0.060063
vn -0.089630 0.995893 -0.012815
vn -0.089630 0.995893 -0.012815
vn -0.459323 0.885838 -0.065674
vn -0.459323 0.885838 -0.065674
vn 0.089628 0.995867 0.014692
vn 0.089628 0.995867 0.014692
vn 0.459012 0.885238 0.075240
vn 0.459012 0.885238 0.075240
vn -0.089627 0.995860 -0.015147
vn -0.089627 0.995860 -0.015147
vn -0.458931 0.885080 -0.077560
vn -0.458931 0.885080 -0.077560
vn 0.089623 0.995816 0.017842
vn 0.089623 0.995816 0.017842
vn 0.458397 0.884050 0.091255
vn 0.458397 0.884050 0.091255
vn -0.089624 0.995819 -0.017652
vn -0.089624 0.995819 -0.017652
vn -0.458437 0.884128 -0.090295
vn -0.458437 0.884128 -0.090295
vn 0.089618 0.995752 0.021135
vn 0.089618 0.995752 0.021135
vn 0.457629 0.882569 0.107924
vn 0.457629 0.882569 0.107924
vn -0.089619 0.995769 -0.020302
vn -0.089619 0.995769 -0.020302
vn -0.457835 0.882967 -0.103714
vn -0.457835 0.882967 -0.103714
vn 0.089611 0.995675 0.024536
vn 0.089611 0.995675 0.024536
vn 0.456704 0.880786 0.125050
vn 0.456704 0.880786 0.125050
vn -0.089614 0.995710 -0.023062
vn -0.089614 0.995710 -0.023062
vn -0.457121 0.881590 -0.117641
vn -0.457121 0.881590 -0.117641
vn 0.089603 0.995584 0.028010
vn 0.089603 0.995584 0.028010
vn 0.455624 0.878704 0.142429
vn 0.455624 0.878704 0.142429
vn -0.089608 0.995640 -0.025901
vn -0.089608 0.995640 -0.025901
vn -0.456296 0.879999 -0.131890
vn -0.456296 0.879999 -0.131890
vn 0.089593 0.995480 0.031517
vn 0.089593 0.995480 0.031517
vn 0.454398 0.876339 0.159849
vn 0.454398 0.876339 0.159849
vn -0.089601 0.995562 -0.028781
vn -0.089601 0.995562 -0.028781
vn -0.455366 0.878207 -0.146270
vn -0.455366 0.878207 -0.146270
vn 0.089583 0.995364 0.035019
vn 0.089583 0.995364 0.035019
vn 0.453041 0.873722 0.177100
vn 0.453041 0.873722 0.177100
vn -0.089593 0.995475 -0.031666
vn -0.089593 0.995475 -0.031666
vn -0.454343 0.876233 -0.160585
vn -0.454343 0.876233 -0.160585
vn 0.089571 0.995237 0.038476
vn 0.089571 0.995237 0.038476
vn 0.451574 0.870893 0.193975
vn 0.451574 0.870893 0.193975
vn -0.089584 0.995381 -0.034518
vn -0.089584 0.995381 -0.034518
vn -0.453243 0.874112 -0.174641
vn -0.453243 0.874112 -0.174641
f 1//1 2//1 3//1
f 4//2 5//2 6//2
f 7//3 8//3 9//3
f 10//4 11//4 12//4
f 13//5 14//5 15//5
f 16//6 17//6 18//6
f 19//7 20//7 21//7
f 22//8 23//8 24//8
f 25//9 26//9 27//9
f 28//10 29//10 30//10
f 31//11 32//11 33//11
f 34//12 35//12 36//12
f 37//13 38//13 39//13
f 40//14 41//14 42//14
f 43//15 44//15 45//15
f 46//16 47//16 48//16
f 49//17 50//17 51//17
f 52//18 53//18 54//18
f 55//19 56//19 57//19
f 58//20 59//20 60//20
f 61//21 62//21 63//21
f 64//22 65//22 66//22
f 67//23 68//23 69//23
f 70//24 71//24 72//24
f 73//25 74//25 75//25
f 76//26 77//26 78//26
f 79//27 80//27 81//27
f 82//28 83//28 84//28
f 85//29 86//29 87//29
f 88//30 89//30 90//30
f 91//31 92//31 93//31
f 94//32 95//32 96//32
f 97//33 98//33 99//33
f 100//34 101//34 102//34
f 103//35 104//35 105//35
f 106//36 107//36 108//36
f 109//37 110//37 111//37
f 112//38 113//38 114//38
f 115//39 116//39 117//39
f 118//40 119//40 120//40
f 121//41 122//41 123//41
f 124//42 125//42 126//42
f 127//43 128//43 129//43
f 130//44 131//44 132//44
f 133//45 134//45 135//45
f 136//46 137//46 138//46
f 139//47 140//47 141//47
f 142//48 143//48 144//48
f 145//49 146//49 147//49
f 148//50 149//50 150//50
f 151//51 152//51 153//51
f 154//52 155//52 156//52
f 157//53 158//53 159//53
f 160//54 161//54 162//54
f 163//55 164//55 165//55
f 166//56 167//56 168//56
f 169//57 170//57 171//57
f 172//58 173//58 174//58
f 175//59 176//59 177//59
f 178//60 179//60 180//60
f 181//61 182//61 183//61
f 184//62 185//62 186//62
f 187//63 188//63 189//63
f 190//64 191//64 192//64
f 193//65 194//65 195//65
f 196//66 197//66 198//66
f 199//67 200//67 201//67
f 202//68 203//68 204//68
f 205//69 206//69 207//69
f 208//70 209//70 210//70
f 211//71 212//71 213//71
f 214//72 215//72 216//72
f 217//73 218//73 219//73
f 220//74 221//74 222//74
f 223//75 224//75 225//75
f 226//76 227//76 228//76
f 229//77 230//77 231//77
f 232//78 233//78 234//78
f 235//79 236//79 237//79
f 238//80 239//80 240//80
f 241//81 242//81 243//81
f 244//82 245//82 246//82
f 247//83 248//83 249//83
f 250//84 251//84 252//84
f 253//85 254//85 255//85
f 256//86 257//86 258//86
f 259//87 260//87 261//87
f 262//88 263//88 264//88
f 265//89 266//89 267//89
f 268//90 269//90 270//90
f 271//91 272//91 273//91
f 274//92 275//92 276//92
f 277//93 278//93 279//93
f 280//94 281//94 282//94
f 283//95 284//95 285//95
f 286//96 287//96 288//96
f 289//97 290//97 291//97
f 292//98 293//98 294//98
f 295//99 296//99 297//99
f 298//100 299//100 300//100
f 301//101 302//101 303//101
f 304//102 305//102 306//102
f 307//103 308//103 309//103
f 310//104 311//104 312//104
f 313//105 314//105 315//105
f 316//106 317//106 318//106
f 319//107 320//107 321//107
f 322//108 323//108 324//108
f 325//109 326//109 327//109
f 328//110 329//110 330//110
f 331//111 332//111 333//111
f 334//112 335//112 336//112
f 337//113 338//113 339//113
f 340//114 341//114 342//114
f 343//115 344//115 345//115
f 346//116 347//116 348//116
f 349//117 350//117 351//117
f 352//118 353//118 354//118
f 355//119 356//119 357//119
f 358//120 359//120 360//120
f 361//121 362//121 363//121
f 364//122 365//122 366//122
f 367//123 368//123 369//123
f 370//124 371//124 372//124
f 373//125 374//125 375//125
f 376//126 377//126 378//126
f 379//127 380//127 381//127
f 382//128 383//128 384//128
f 385//129 386//129 387//129
f 388//130 389//130 390//130
f 391//131 392//131 393//131
f 394//132 395//132 396//132
f 397//133 398//133 399//133
f 400//134 401//134 402//134
f 403//135 404//135 405//135
f 406//136 407//136 408//136
f 409//137 410//137 411//137
f 412//138 413//138 414//138
f 415//139 416//139 417//139
f 418//140 419//140 420//140
f 421//141 422//141 423//141
f 424//142 425//142 426//142
f 427//143 428//143 429//143
f 430//144 431//144 432//144
f 433//145 434//145 435//145
f 436//146 437//146 438//146
f 439//147 440//147 441//147
f 442//148 443//148 444//148
f 445//149 446//149 447//149
f 448//150 449//150 450//150
f 451//151 452//151 453//151
f 454//152 455//152 456//152
f 457//153 458//153 459//153
f 460//154 461//154 462//154
f 463//155 464//155 465//155
f 466//156 467//156 468//156
f 469//157 470//157 471//157
f 472//158 473//158 474//158
f 475//159 476//159 477//159
f 478//160 479//160 480//160
f 481//161 482//161 483//161
f 484//162 485//162 486//162
f 487//163 488//163 489//163
f 490//164 491//164 492//164
f 493//165 494//165 495//165
f 496//166 497//166 498//166
f 499//167 500//167 501//167
f 502//168 503//168 504//168
f 505//169 506//169 507//169
f 508//170 509//170 510//170
f 511//171 512//171 513//171
f 514//172 515//172 516//172
f 517//173 518//173 519//173
f 520//174 521//174 522//174
f 523//175 524//175 525//175
f 526//176 527//176 528//176
f 529//177 530//177 531//177
f 532//178 533//178 534//178
f 535//179 536//179 537//179
f 538//180 539//180 540//180
f 541//181 542//181 543//181
f 544//182 545//182 546//182
f 547//183 548//183 549//183
f 550//184 551//184 552//184
f 553//185 554//185 555//185
f 556//186 557//186 558//186
f 559//187 560//187 561//187
f 562//188 563//188 564//188
f 565//189 566//189 567//189
f 568//190 569//190 570//190
f 571//191 572//191 573//191
f 574//192 575//192 576//192
f 577//193 578//193 579//193
f 580//194 581//194 582//194
f 583//195 584//195 585//195
f 586//196 587//196 588//196
f 589//197 590//197 591//197
f 592//198 593//198 594//198
f 595//199 596//199 597//199
f 598//200 599//200 600//200
f 601//201 602//201 603//201
f 604//202 605//202 606//202
f 607//203 608//203 609//203
f 610//204 611//204 612//204
f 613//205 614//205 615//205
f 616//206 617//206 618//206
f 619//207 620//207 621//207
f 622//208 623//208 624//208
f 625//209 626//209 627//209
f 628//210 629//210 630//210
f 631//211 632//211 633//211
f 634//212 635//212 636//212
f 637//213 638//213 639//213
f 640//214 641//214 642//214
f 643//215 644//215 645//215
f 646//216 647//216 648//216
f 649//217 650//217 651//217
f 652//218 653//218 654//218
f 655//219 656//219 657//219
f 658//220 659//220 660//220
f 661//221 662//221 663//221
f 664//222 665//222 666//222
f 667//223 668//223 669//223
f 670//224 671//224 672//224
f 673//225 674//225 675//225
f 676//226 677//226 678//226
f 679//227 680//227 681//227
f 682//228 683//228 684//228
f 685//229 686//229 687//229
f 688//230 689//230 690//230
f 691//231 692//231 693//231
f 694//232 695//232 696//232
f 697//233 698//233 699//233
f 700//234 701//234 702//234
f 703//235 704//235 705//235
f 706//236 707//236 708//236
f 709//237 710//237 711//237
f 712//238 713//238 714//238
f 715//239 716//239 717//239
f 718//240 719//240 720//240
f 721//241 722//241 723//241
f 724//242 725//242 726//242
f 727//243 728//243 729//243
f 730//244 731//244 732//244
f 733//245 734//245 735//245
f 736//246 737//246 738//246
f 739//247 740//247 741//247
f 742//248 743//248 744//248
f 745//249 746//249 747//249
f 748//250 749//250 750//250
f 751//251 752//251 753//251
f 754//252 755//252 756//252
f 757//253 758//253 759//253
f 760//254 761//254 762//254
f 763//255 764//255 765//255
f 766//256 767//256 768//256
f 769//257 770//257 771//257
f 772//258 773//258 774//258
f 775//259 776//259 777//259
f 778//260 779//260 780//260
f 781//261 782//261 783//261
f 784//262 785//262 786//262
f 787//263 788//263 789//263
f 790//264 791//264 792//264
f 793//265 794//265 795//265
f 796//266 797//266 798//266
f 799//267 800//267 801//267
f 802//268 803//268 804//268
f 805//269 806//269 807//269
f 808//270 809//270 810//270
f 811//271 812//271 813//271
f 814//272 815//272 816//272
f 817//273 818//273 819//273
f 820//274 821//274 822//274
f 823//275 824//275 825//275
f 826//276 827//276 828//276
f 829//277 830//277 831//277
f 832//278 833//278 834//278
f 835//279 836//279 837//279
f 838//280 839//280 840//280
f 841//281 842//281 843//281
f 844//282 845//282 846//282
f 847//283 848//283 849//283
f 850//284 851//284 852//284
f 853//285 854//285 855//285
f 856//286 857//286 858//286
f 859//287 860//287 861//287
f 862//288 863//288 864//288
f 865//289 866//289 867//289
f 868//290 869//290 870//290
f 871//291 872//291 873//291
f 874//292 875//292 876//292
f 877//293 878//293 879//293
f 880//294 881//294 882//294
f 883//295 884//295 885//295
f 886//296 887//296 888//296
f 889//297 890//297 891//297
f 892//298 893//298 894//298
f 895//299 896//299 897//299
f 898//300 899//300 900//300
f 901//301 902//301 903//301
f 904//302 905//302 906//302
f 907//303 908//303 909//303
f 910//304 911//304 912//304
f 913//305 914//305 915//305
f 916//306 917//306 918//306
f 919//307 920//307 921//307
f 922//308 923//308 924//308
f 925//309 926//309 927//309
f 928//310 929//310 930//310
f 931//311 932//311 933//311
f 934//312 935//312 936//312
f 937//313 938//313 939//313
f 940//314 941//314 942//314
f 943//315 944//315 945//315
f 946//316 947//316 948//316
f 949//317 950//317 951//317
f 952//318 953//318 954//318
f 955//319 956//319 957//319
f 958//320 959//320 960//320
f 961//321 962//321 963//321
f 964//322 965//322 966//322
f 967//323 968//323 969//323
f 970//324 971//324 972//324
f 973//325 974//325 975//325
f 976//326 977//326 978//326
f 979//327 980//327 981//327
f 982//328 983//328 984//328
f 985//329 986//329 987//329
f 988//330 989//330 990//330
f 991//331 992//331 993//331
f 994//332 995//332 996//332
f 997//333 998//333 999//333
f 1000//334 1001//334 1002//334
f 1003//335 1004//335 1005//335
f 1006//336 1007//336 1008//336
f 1009//337 1010//337 1011//337
f 1012//338 1013//338 1014//338
f 1015//339 1016//339 1017//339
f 1018//340 1019//340 1020//340
f 1021//341 1022//341 1023//341
f 1024//342 1025//342 1026//342
f 1027//343 1028//343 1029//343
f 1030//344 1031//344 1032//344
f 1033//345 1034//345 1035//345
f 1036//346 1037//346 1038//346
f 1039//347 1040//347 1041//347
f 1042//348 1043//348 1044//348
f 1045//349 1046//349 1047//349
f 1048//350 1049//350 1050//350
f 1051//351 1052//351 1053//351
f 1054//352 1055//352 1056//352
f 1057//353 1058//353 1059//353
f 1060//354 1061//354 1062//354
f 1063//355 1064//355 1065//355
f 1066//356 1067//356 1068//356
f 1069//357 1070//357 1071//357
f 1072//358 1073//358 1074//358
f 1075//359 1076//359 1077//359
f 1078//360 1079//360 1080//360
f 1081//361 1082//361 1083//361
f 1084//362 1085//362 1086//362
f 1087//363 1088//363 1089//363
f 1090//364 1091//364 1092//364
f 1093//365 1094//365 1095//365
f 1096//366 1097//366 1098//366
f 1099//367 1100//367 1101//367
f 1102//368 1103//368 1104//368
f 1105//369 1106//369 1107//369
f 1108//370 1109//370 1110//370
f 1111//371 1112//371 1113//371
f 1114//372 1115//372 1116//372
f 1117//373 1118//373 1119//373
f 1120//374 1121//374 1122//374
f 1123//375 1124//375 1125//375
f 1126//376 1127//376 1128//376
f 1129//377 1130//377 1131//377
f 1132//378 1133//378 1134//378
f 1135//379 1136//379 1137//379
f 1138//380 1139//380 1140//380
f 1141//381 1142//381 1143//381
f 1144//382 1145//382 1146//382
f 1147//383 1148//383 1149//383
f 1150//384 1151//384 1152//384
f 1153//385 1154//385 1155//385
f 1156//386 1157//386 1158//386
f 1159//387 1160//387 1161//387
f 1162//388 1163//388 1164//388
f 1165//389 1166//389 1167//389
f 1168//390 1169//390 1170//390
f 1171//391 1172//391 1173//391
f 1174//392 1175//392 1176//392
f 1177//393 1178//393 1179//393
f 1180//394 1181//394 1182//394
f 1183//395 1184//395 1185//395
f 1186//396 1187//396 1188//396
f 1189//397 1190//397 1191//397
f 1192//398 1193//398 1194//398
f 1195//399 1196//399 1197//399
f 1198//400 1199//400 1200//400
f 1201//401 1202//401 1203//401
f 1204//402 1205//402 1206//402
f 1207//403 1208//403 1209//403
f 1210//404 1211//404 1212//404
f 1213//405 1214//405 1215//405
f 1216//406 1217//406 1218//406
f 1219//407 1220//407 1221//407
f 1222//408 1223//408 1224//408
f 1225//409 1226//409 1227//409
f 1228//410 1229//410 1230//410
f 1231//411 1232//411 1233//411
f 1234//412 1235//412 1236//412
f 1237//413 1238//413 1239//413
f 1240//414 1241//414 1242//414
f 1243//415 1244//415 1245//415
f 1246//416 1247//416 1248//416
f 1249//417 1250//417 1251//417
f 1252//418 1253//418 1254//418
f 1255//419 1256//419 1257//419
f 1258//420 1259//420 1260//420
f 1261//421 1262//421 1263//421
f 1264//422 1265//422 1266//422
f 1267//423 1268//423 1269//423
f 1270//424 1271//424 1272//424
f 1273//425 1274//425 1275//425
f 1276//426 1277//426 1278//426
f 1279//427 1280//427 1281//427
f 1282//428 1283//428 1284//428
f 1285//429 1286//429 1287//429
f 1288//430 1289//430 1290//430
f 1291//431 1292//431 1293//431
f 1294//432 1295//432 1296//432
f 1297//433 1298//433 1299//433
f 1300//434 1301//434 1302//434
f 1303//435 1304//435 1305//435
f 1306//436 1307//436 1308//436
f 1309//437 1310//437 1311//437
f 1312//438 1313//438 1314//438
f 1315//439 1316//439 1317//439
f 1318//440 1319//440 1320//440
f 1321//441 1322//441 1323//441
f 1324//442 1325//442 1326//442
f 1327//443 1328//443 1329//443
f 1330//444 1331//444 1332//444
f 1333//445 1334//445 1335//445
f 1336//446 1337//446 1338//446
f 1339//447 1340//447 1341//447
f 1342//448 1343//448 1344//448
f 1345//449 1346//449 1347//449
f 1348//450 1349//450 1350//450
f 1351//451 1352//451 1353//451
f 1354//452 1355//452 1356//452
f 1357//453 1358//453 1359//453
f 1360//454 1361//454 1362//454
f 1363//455 1364//455 1365//455
f 1366//456 1367//456 1368//456
f 1369//457 1370//457 1371//457
f 1372//458 1373//458 1374//458
f 1375//459 1376//459 1377//459
f 1378//460 1379//460 1380//460
f 1381//461 1382//461 1383//461
f 1384//462 1385//462 1386//462
f 1387//463 1388//463 1389//463
f 1390//464 1391//464 1392//464
f 1393//465 1394//465 1395//465
f 1396//466 1397//466 1398//466
f 1399//467 1400//467 1401//467
f 1402//468 1403//468 1404//468
f 1405//469 1406//469 1407//469
f 1408//470 1409//470 1410//470
f 1411//471 1412//471 1413//471
f 1414//472 1415//472 1416//472
f 1417//473 1418//473 1419//473
f 1420//474 1421//474 1422//474
f 1423//475 1424//475 1425//475
f 1426//476 1427//476 1428//476
f 1429//477 1430//477 1431//477
f 1432//478 1433//478 1434//478
f 1435//479 1436//479 1437//479
f 1438//480 1439//480 1440//480
f 1441//481 1442//481 1443//481
f 1444//482 1445//482 1446//482
f 1447//483 1448//483 1449//483
f 1450//484 1451//484 1452//484
f 1453//485 1454//485 1455//485
f 1456//486 1457//486 1458//486
f 1459//487 1460//487 1461//487
f 1462//488 1463//488 1464//488
f 1465//489 1466//489 1467//489
f 1468//490 1469//490 1470//490
f 1471//491 1472//491 1473//491
f 1474//492 1475//492 1476//492
f 1477//493 1478//493 1479//493
f 1480//494 1481//494 1482//494
f 1483//495 1484//495 1485//495
f 1486//496 1487//496 1488//496
f 1489//497 1490//497 1491//497
f 1492//498 1493//498 1494//498
f 1495//499 1496//499 1497//499
f 1498//500 1499//500 1500//500
f 1501//501 1502//501 1503//501
f 1504//502 1505//502 1506//502
f 1507//503 1508//503 1509//503
f 1510//504 1511//504 1512//504
f 1513//505 1514//505 1515//505
f 1516//506 1517//506 1518//506
f 1519//507 1520//507 1521//507
f 1522//508 1523//508 1524//508
f 1525//509 1526//509 1527//509
f 1528//510 1529//510 1530//510
f 1531//511 1532//511 1533//511
f 1534//512 1535//512 1536//512
f 1537//513 1538//513 1539//513
f 1540//514 1541//514 1542//514
f 1543//515 1544//515 1545//515
f 1546//516 1547//516 1548//516
f 1549//517 1550//517 1551//517
f 1552//518 1553//518 1554//518
f 1555//519 1556//519 1557//519
f 1558//520 1559//520 1560//520
f 1561//521 1562//521 1563//521
f 1564//522 1565//522 1566//522
f 1567//523 1568//523 1569//523
f 1570//524 1571//524 1572//524
f 1573//525 1574//525 1575//525
f 1576//526 1577//526 1578//526
f 1579//527 1580//527 1581//527
f 1582//528 1583//528 1584//528
f 1585//529 1586//529 1587//529
f 1588//530 1589//530 1590//530
f 1591//531 1592//531 1593//531
f 1594//532 1595//532 1596//532
f 1597//533 1598//533 1599//533
f 1600//534 1601//534 1602//534
f 1603//535 1604//535 1605//535
f 1606//536 1607//536 1608//536
f 1609//537 1610//537 1611//537
f 1612//538 1613//538 1614//538
f 1615//539 1616//539 1617//539
f 1618//540 1619//540 1620//540
f 1621//541 1622//541 1623//541
f 1624//542 1625//542 1626//542
f 1627//543 1628//543 1629//543
f 1630//544 1631//544 1632//544
f 1633//545 1634//545 1635//545
f 1636//546 1637//546 1638//546
f 1639//547 1640//547 1641//547
f 1642//548 1643//548 1644//548
f 1645//549 1646//549 1647//549
f 1648//550 1649//550 1650//550
f 1651//551 1652//551 1653//551
f 1654//552 1655//552 1656//552
f 1657//553 1658//553 1659//553
f 1660//554 1661//554 1662//554
f 1663//555 1664//555 1665//555
f 1666//556 1667//556 1668//556
f 1669//557 1670//557 1671//557
f 1672//558 1673//558 1674//558
f 1675//559 1676//559 1677//559
f 1678//560 1679//560 1680//560
f 1681//561 1682//561 1683//561
f 1684//562 1685//562 1686//562
f 1687//563 1688//563 1689//563
f 1690//564 1691//564 1692//564
f 1693//565 1694//565 1695//565
f 1696//566 1697//566 1698//566
f 1699//567 1700//567 1701//567
f 1702//568 1703//568 1704//568
f 1705//569 1706//569 1707//569
f 1708//570 1709//570 1710//570
f 1711//571 1712//571 1713//571
f 1714//572 1715//572 1716//572
f 1717//573 1718//573 1719//573
f 1720//574 1721//574 1722//574
f 1723//575 1724//575 1725//575
f 1726//576 1727//576 1728//576
f 1729//577 1730//577 1731//577
f 1732//578 1733//578 1734//578
f 1735//579 1736//579 1737//579
f 1738//580 1739//580 1740//580
f 1741//581 1742//581 1743//581
f 1744//582 1745//582 1746//582
f 1747//583 1748//583 1749//583
f 1750//584 1751//584 1752//584
f 1753//585 1754//585 1755//585
f 1756//586 1757//586 1758//586
f 1759//587 1760//587 1761//587
f 1762//588 1763//588 1764//588
f 1765//589 1766//589 1767//589
f 1768//590 1769//590 1770//590
f 1771//591 1772//591 1773//591
f 1774//592 1775//592 1776//592
f 1777//593 1778//593 1779//593
f 1780//594 1781//594 1782//594
f 1783//595 1784//595 1785//595
f 1786//596 1787//596 1788//596
f 1789//597 1790//597 1791//597
f 1792//598 1793//598 1794//598
f 1795//599 1796//599 1797//599
f 1798//600 1799//600 1800//600
f 1801//601 1802//601 1803//601
f 1804//602 1805//602 1806//602
f 1807//603 1808//603 1809//603
f 1810//604 1811//604 1812//604
f 1813//605 1814//605 1815//605
f 1816//606 1817//606 1818//606
f 1819//607 1820//607 1821//607
f 1822//608 1823//608 1824//608
f 1825//609 1826//609 1827//609
f 1828//610 1829//610 1830//610
f 1831//611 1832//611 1833//611
f 1834//612 1835//612 1836//612
f 1837//613 1838//613 1839//613
f 1840//614 1841//614 1842//614
f 1843//615 1844//615 1845//615
f 1846//616 1847//616 1848//616
f 1849//617 1850//617 1851//617
f 1852//618 1853//618 1854//618
f 1855//619 1856//619 1857//619
f 1858//620 1859//620 1860//620
f 1861//621 1862//621 1863//621
f 1864//622 1865//622 1866//622
f 1867//623 1868//623 1869//623
f 1870//624 1871//624 1872//624
f 1873//625 1874//625 1875//625
f 1876//626 1877//626 1878//626
f 1879//627 1880//627 1881//627
f 1882//628 1883//628 1884//628
f 1885//629 1886//629 1887//629
f 1888//630 1889//630 1890//630
f 1891//631 1892//631 1893//631
f 1894//632 1895//632 1896//632
f 1897//633 1898//633 1899//633
f 1900//634 1901//634 1902//634
f 1903//635 1904//635 1905//635
f 1906//636 1907//636 1908//636
f 1909//637 1910//637 1911//637
f 1912//638 1913//638 1914//638
f 1915//639 1916//639 1917//639
f 1918//640 1919//640 1920//640
f 1921//641 1922//641 1923//641
f 1924//642 1925//642 1926//642
f 1927//643 1928//643 1929//643
f 1930//644 1931//644 1932//644
f 1933//645 1934//645 1935//645
f 1936//646 1937//646 1938//646
f 1939//647 1940//647 1941//647
f 1942//648 1943//648 1944//648
f 1945//649 1946//649 1947//649
f 1948//650 1949//650 1950//650
f 1951//651 1952//651 1953//651
f 1954//652 1955//652 1956//652
f 1957//653 1958//653 1959//653
f 1960//654 1961//654 1962//654
f 1963//655 1964//655 1965//655
f 1966//656 1967//656 1968//656
f 1969//657 1970//657 1971//657
f 1972//658 1973//658 1974//658
f 1975//659 1976//659 1977//659
f 1978//660 1979//660 1980//660
f 1981//661 1982//661 1983//661
f 1984//662 1985//662 1986//662
f 1987//663 1988//663 1989//663
f 1990//664 1991//664 1992//664
f 1993//665 1994//665 1995//665
f 1996//666 1997//666 1998//666
f 1999//667 2000//667 2001//667
f 2002//668 2003//668 2004//668
f 2005//669 2006//669 2007//669
f 2008//670 2009//670 2010//670
f 2011//671 2012//671 2013//671
f 2014//672 2015//672 2016//672
f 2017//673 2018//673 2019//673
f 2020//674 2021//674 2022//674
f 2023//675 2024//675 2025//675
f 2026//676 2027//676 2028//676
f 2029//677 2030//677 2031//677
f 2032//678 2033//678 2034//678
f 2035//679 2036//679 2037//679
f 2038//680 2039//680 2040//680
f 2041//681 2042//681 2043//681
f 2044//682 2045//682 2046//682
f 2047//683 2048//683 2049//683
f 2050//684 2051//684 2052//684
f 2053//685 2054//685 2055//685
f 2056//686 2057//686 2058//686
f 2059//687 2060//687 2061//687
f 2062//688 2063//688 2064//688
f 2065//689 2066//689 2067//689
f 2068//690 2069//690 2070//690
f 2071//691 2072//691 2073//691
f 2074//692 2075//692 2076//692
f 2077//693 2078//693 2079//693
f 2080//694 2081//694 2082//694
f 2083//695 2084//695 2085//695
f 2086//696 2087//696 2088//696
f 2089//697 2090//697 2091//697
f 2092//698 2093//698 2094//698
f 2095//699 2096//699 2097//699
f 2098//700 2099//700 2100//700
f 2101//701 2102//701 2103//701
f 2104//702 2105//702 2106//702
f 2107//703 2108//703 2109//703
f 2110//704 2111//704 2112//704
f 2113//705 2114//705 2115//705
f 2116//706 2117//706 2118//706
f 2119//707 2120//707 2121//707
f 2122//708 2123//708 2124//708
f 2125//709 2126//709 2127//709
f 2128//710 2129//710 2130//710
f 2131//711 2132//711 2133//711
f 2134//712 2135//712 2136//712
f 2137//713 2138//713 2139//713
f 2140//714 2141//714 2142//714
f 2143//715 2144//715 2145//715
f 2146//716 2147//716 2148//716
f 2149//717 2150//717 2151//717
f 2152//718 2153//718 2154//718
f 2155//719 2156//719 2157//719
f 2158//720 2159//720 2160//720
f 2161//721 2162//721 2163//721
f 2164//722 2165//722 2166//722
f 2167//723 2168//723 2169//723
f 2170//724 2171//724 2172//724
f 2173//725 2174//725 2175//725
f 2176//726 2177//726 2178//726
f 2179//727 2180//727 2181//727
f 2182//728 2183//728 2184//728
f 2185//729 2186//729 2187//729
f 2188//730 2189//730 2190//730
f 2191//731 2192//731 2193//731
f 2194//732 2195//732 2196//732
f 2197//733 2198//733 2199//733
f 2200//734 2201//734 2202//734
f 2203//735 2204//735 2205//735
f 2206//736 2207//736 2208//736
f 2209//737 2210//737 2211//737
f 2212//738 2213//738 2214//738
f 2215//739 2216//739 2217//739
f 2218//740 2219//740 2220//740
f 2221//741 2222//741 2223//741
f 2224//742 2225//742 2226//742
f 2227//743 2228//743 2229//743
f 2230//744 2231//744 2232//744
f 2233//745 2234//745 2235//745
f 2236//746 2237//746 2238//746
f 2239//747 2240//747 2241//747
f 2242//748 2243//748 2244//748
f 2245//749 2246//749 2247//749
f 2248//750 2249//750 2250//750
f 2251//751 2252//751 2253//751
f 2254//752 2255//752 2256//752
f 2257//753 2258//753 2259//753
f 2260//754 2261//754 2262//754
f 2263//755 2264//755 2265//755
f 2266//756 2267//756 2268//756
f 2269//757 2270//757 2271//757
f 2272//758 2273//758 2274//758
f 2275//759 2276//759 2277//759
f 2278//760 2279//760 2280//760
f 2281//761 2282//761 2283//761
f 2284//762 2285//762 2286//762
f 2287//763 2288//763 2289//763
f 2290//764 2291//764 2292//764
f 2293//765 2294//765 2295//765
f 2296//766 2297//766 2298//766
f 2299//767 2300//767 2301//767
f 2302//768 2303//768 2304//768
