# Authored winter river; Wavefront CCW faces are converted by Godot's OBJ importer.
o river_ice
v -1.948668 -0.160000 -72.000000
v -2.299716 -0.160000 -71.000000
v -2.045833 -0.200000 -71.000000
v -1.948668 -0.160000 -72.000000
v -2.045833 -0.200000 -71.000000
v -1.694786 -0.200000 -72.000000
v 13.730214 -0.160000 -72.000000
v 13.066282 -0.200000 -71.000000
v 13.266393 -0.160000 -71.000000
v 13.730214 -0.160000 -72.000000
v 13.530102 -0.200000 -72.000000
v 13.066282 -0.200000 -71.000000
v -2.299716 -0.160000 -71.000000
v -2.614381 -0.160000 -70.000000
v -2.070638 -0.200000 -70.000000
v -2.299716 -0.160000 -71.000000
v -2.070638 -0.200000 -70.000000
v -1.755973 -0.200000 -71.000000
v 13.266393 -0.160000 -71.000000
v 12.205903 -0.200000 -70.000000
v 12.836702 -0.160000 -70.000000
v 13.266393 -0.160000 -71.000000
v 12.635595 -0.200000 -71.000000
v 12.205903 -0.200000 -70.000000
v -2.614381 -0.160000 -70.000000
v -2.892445 -0.160000 -69.000000
v -2.545596 -0.200000 -69.000000
v -2.614381 -0.160000 -70.000000
v -2.545596 -0.200000 -69.000000
v -2.267532 -0.200000 -70.000000
v 12.836702 -0.160000 -70.000000
v 12.209482 -0.200000 -69.000000
v 12.441772 -0.160000 -69.000000
v 12.836702 -0.160000 -70.000000
v 12.604412 -0.200000 -70.000000
v 12.209482 -0.200000 -69.000000
v -2.892445 -0.160000 -69.000000
v -3.134126 -0.160000 -68.000000
v -2.696424 -0.200000 -68.000000
v -2.892445 -0.160000 -69.000000
v -2.696424 -0.200000 -68.000000
v -2.454743 -0.200000 -69.000000
v 12.441772 -0.160000 -69.000000
v 11.509649 -0.200000 -68.000000
v 12.081806 -0.160000 -68.000000
v 12.441772 -0.160000 -69.000000
v 11.869614 -0.200000 -69.000000
v 11.509649 -0.200000 -68.000000
v -3.134126 -0.160000 -68.000000
v -3.340068 -0.160000 -67.000000
v -2.881146 -0.200000 -67.000000
v -3.134126 -0.160000 -68.000000
v -2.881146 -0.200000 -67.000000
v -2.675203 -0.200000 -68.000000
v 12.081806 -0.160000 -68.000000
v 11.443087 -0.200000 -67.000000
v 11.756586 -0.160000 -67.000000
v 12.081806 -0.160000 -68.000000
v 11.768307 -0.200000 -68.000000
v 11.443087 -0.200000 -67.000000
v -3.340068 -0.160000 -67.000000
v -3.511329 -0.160000 -66.000000
v -3.184292 -0.200000 -66.000000
v -3.340068 -0.160000 -67.000000
v -3.184292 -0.200000 -66.000000
v -3.013030 -0.200000 -67.000000
v 11.756586 -0.160000 -67.000000
v 10.991711 -0.200000 -66.000000
v 11.465483 -0.160000 -66.000000
v 11.756586 -0.160000 -67.000000
v 11.282814 -0.200000 -67.000000
v 10.991711 -0.200000 -66.000000
v -3.511329 -0.160000 -66.000000
v -3.649361 -0.160000 -65.000000
v -3.088532 -0.200000 -65.000000
v -3.511329 -0.160000 -66.000000
v -3.088532 -0.200000 -65.000000
v -2.950500 -0.200000 -66.000000
v 11.465483 -0.160000 -66.000000
v 10.784951 -0.200000 -65.000000
v 11.207478 -0.160000 -65.000000
v 11.465483 -0.160000 -66.000000
v 11.042956 -0.200000 -66.000000
v 10.784951 -0.200000 -65.000000
v -3.649361 -0.160000 -65.000000
v -3.755984 -0.160000 -64.000000
v -3.515328 -0.200000 -64.000000
v -3.649361 -0.160000 -65.000000
v -3.515328 -0.200000 -64.000000
v -3.408705 -0.200000 -65.000000
v 11.207478 -0.160000 -65.000000
v 10.619839 -0.200000 -64.000000
v 10.981180 -0.160000 -64.000000
v 11.207478 -0.160000 -65.000000
v 10.846136 -0.200000 -65.000000
v 10.619839 -0.200000 -64.000000
v -3.755984 -0.160000 -64.000000
v -3.833360 -0.160000 -63.000000
v -3.207409 -0.200000 -63.000000
v -3.755984 -0.160000 -64.000000
v -3.207409 -0.200000 -63.000000
v -3.130033 -0.200000 -64.000000
v 10.981180 -0.160000 -64.000000
v 10.253965 -0.200000 -63.000000
v 10.784860 -0.160000 -63.000000
v 10.981180 -0.160000 -64.000000
v 10.450286 -0.200000 -64.000000
v 10.253965 -0.200000 -63.000000
v -3.833360 -0.160000 -63.000000
v -3.883962 -0.160000 -62.000000
v -3.682843 -0.200000 -62.000000
v -3.833360 -0.160000 -63.000000
v -3.682843 -0.200000 -62.000000
v -3.632241 -0.200000 -63.000000
v 10.784860 -0.160000 -63.000000
v 10.352238 -0.200000 -62.000000
v 10.616471 -0.160000 -62.000000
v 10.784860 -0.160000 -63.000000
v 10.520627 -0.200000 -63.000000
v 10.352238 -0.200000 -62.000000
v -3.883962 -0.160000 -62.000000
v -3.910534 -0.160000 -61.000000
v -3.273257 -0.200000 -61.000000
v -3.883962 -0.160000 -62.000000
v -3.273257 -0.200000 -61.000000
v -3.246685 -0.200000 -62.000000
v 10.616471 -0.160000 -62.000000
v 9.863398 -0.200000 -61.000000
v 10.473695 -0.160000 -61.000000
v 10.616471 -0.160000 -62.000000
v 10.006175 -0.200000 -62.000000
v 9.863398 -0.200000 -61.000000
v -3.910534 -0.160000 -61.000000
v -3.916055 -0.160000 -60.000000
v -3.697300 -0.200000 -60.000000
v -3.910534 -0.160000 -61.000000
v -3.697300 -0.200000 -60.000000
v -3.691778 -0.200000 -61.000000
v 10.473695 -0.160000 -61.000000
v 10.146158 -0.200000 -60.000000
v 10.353969 -0.160000 -60.000000
v 10.473695 -0.160000 -61.000000
v 10.265883 -0.200000 -61.000000
v 10.146158 -0.200000 -60.000000
v -3.916055 -0.160000 -60.000000
v -3.903697 -0.160000 -59.000000
v -3.311847 -0.200000 -59.000000
v -3.916055 -0.160000 -60.000000
v -3.311847 -0.200000 -59.000000
v -3.324206 -0.200000 -60.000000
v 10.353969 -0.160000 -60.000000
v 9.614543 -0.200000 -59.000000
v 10.254534 -0.160000 -59.000000
v 10.353969 -0.160000 -60.000000
v 9.713977 -0.200000 -60.000000
v 9.614543 -0.200000 -59.000000
v -3.903697 -0.160000 -59.000000
v -3.876778 -0.160000 -58.000000
v -3.587820 -0.200000 -58.000000
v -3.903697 -0.160000 -59.000000
v -3.587820 -0.200000 -58.000000
v -3.614739 -0.200000 -59.000000
v 10.254534 -0.160000 -59.000000
v 9.965659 -0.200000 -58.000000
v 10.172473 -0.160000 -58.000000
v 10.254534 -0.160000 -59.000000
v 10.047720 -0.200000 -59.000000
v 9.965659 -0.200000 -58.000000
v -3.876778 -0.160000 -58.000000
v -3.838719 -0.160000 -57.000000
v -3.337186 -0.200000 -57.000000
v -3.876778 -0.160000 -58.000000
v -3.337186 -0.200000 -57.000000
v -3.375244 -0.200000 -58.000000
v 10.172473 -0.160000 -58.000000
v 9.492534 -0.200000 -57.000000
v 10.104757 -0.160000 -57.000000
v 10.172473 -0.160000 -58.000000
v 9.560249 -0.200000 -58.000000
v 9.492534 -0.200000 -57.000000
v -3.838719 -0.160000 -57.000000
v -3.792998 -0.160000 -56.000000
v -3.399609 -0.200000 -56.000000
v -3.838719 -0.160000 -57.000000
v -3.399609 -0.200000 -56.000000
v -3.445330 -0.200000 -57.000000
v 10.104757 -0.160000 -57.000000
v 9.786788 -0.200000 -56.000000
v 10.048291 -0.160000 -56.000000
v 10.104757 -0.160000 -57.000000
v 9.843255 -0.200000 -57.000000
v 9.786788 -0.200000 -56.000000
v -3.792998 -0.160000 -56.000000
v -3.743099 -0.160000 -55.000000
v -3.353178 -0.200000 -55.000000
v -3.792998 -0.160000 -56.000000
v -3.353178 -0.200000 -55.000000
v -3.403077 -0.200000 -56.000000
v 10.048291 -0.160000 -56.000000
v 9.465710 -0.200000 -55.000000
v 9.999957 -0.160000 -55.000000
v 10.048291 -0.160000 -56.000000
v 9.514044 -0.200000 -56.000000
v 9.465710 -0.200000 -55.000000
v -3.743099 -0.160000 -55.000000
v -3.692467 -0.160000 -54.000000
v -3.187695 -0.200000 -54.000000
v -3.743099 -0.160000 -55.000000
v -3.187695 -0.200000 -54.000000
v -3.238328 -0.200000 -55.000000
v 9.999957 -0.160000 -55.000000
v 9.599072 -0.200000 -54.000000
v 9.956663 -0.160000 -54.000000
v 9.999957 -0.160000 -55.000000
v 9.642365 -0.200000 -55.000000
v 9.599072 -0.200000 -54.000000
v -3.692467 -0.160000 -54.000000
v -3.644460 -0.160000 -53.000000
v -3.358294 -0.200000 -53.000000
v -3.692467 -0.160000 -54.000000
v -3.358294 -0.200000 -53.000000
v -3.406301 -0.200000 -54.000000
v 9.956663 -0.160000 -54.000000
v 9.488963 -0.200000 -53.000000
v 9.915390 -0.160000 -53.000000
v 9.956663 -0.160000 -54.000000
v 9.530236 -0.200000 -54.000000
v 9.488963 -0.200000 -53.000000
v -3.644460 -0.160000 -53.000000
v -3.602305 -0.160000 -52.000000
v -3.008294 -0.200000 -52.000000
v -3.644460 -0.160000 -53.000000
v -3.008294 -0.200000 -52.000000
v -3.050449 -0.200000 -53.000000
v 9.915390 -0.160000 -53.000000
v 9.403251 -0.200000 -52.000000
v 9.873232 -0.160000 -52.000000
v 9.915390 -0.160000 -53.000000
v 9.445409 -0.200000 -53.000000
v 9.403251 -0.200000 -52.000000
v -3.602305 -0.160000 -52.000000
v -3.569054 -0.160000 -51.000000
v -3.351686 -0.200000 -51.000000
v -3.602305 -0.160000 -52.000000
v -3.351686 -0.200000 -51.000000
v -3.384937 -0.200000 -52.000000
v 9.873232 -0.160000 -52.000000
v 9.510511 -0.200000 -51.000000
v 9.827441 -0.160000 -51.000000
v 9.873232 -0.160000 -52.000000
v 9.556303 -0.200000 -52.000000
v 9.510511 -0.200000 -51.000000
v -3.569054 -0.160000 -51.000000
v -3.547541 -0.160000 -50.000000
v -2.909744 -0.200000 -50.000000
v -3.569054 -0.160000 -51.000000
v -2.909744 -0.200000 -50.000000
v -2.931256 -0.200000 -51.000000
v 9.827441 -0.160000 -51.000000
v 9.206150 -0.200000 -50.000000
v 9.775466 -0.160000 -50.000000
v 9.827441 -0.160000 -51.000000
v 9.258125 -0.200000 -51.000000
v 9.206150 -0.200000 -50.000000
v -3.547541 -0.160000 -50.000000
v -3.540346 -0.160000 -49.000000
v -3.338847 -0.200000 -49.000000
v -3.547541 -0.160000 -50.000000
v -3.338847 -0.200000 -49.000000
v -3.346042 -0.200000 -50.000000
v 9.775466 -0.160000 -50.000000
v 9.480639 -0.200000 -49.000000
v 9.714993 -0.160000 -49.000000
v 9.775466 -0.160000 -50.000000
v 9.541112 -0.200000 -50.000000
v 9.480639 -0.200000 -49.000000
v -3.540346 -0.160000 -49.000000
v -3.549755 -0.160000 -48.000000
v -2.925060 -0.200000 -48.000000
v -3.540346 -0.160000 -49.000000
v -2.925060 -0.200000 -48.000000
v -2.915651 -0.200000 -49.000000
v 9.714993 -0.160000 -49.000000
v 9.014330 -0.200000 -48.000000
v 9.643979 -0.160000 -48.000000
v 9.714993 -0.160000 -49.000000
v 9.085345 -0.200000 -49.000000
v 9.014330 -0.200000 -48.000000
v -5.079755 0.000000 -48.000000
v -5.107734 0.000000 -47.000000
v 11.090680 0.000000 -47.000000
v -5.079755 0.000000 -48.000000
v 11.090680 0.000000 -47.000000
v 11.173979 0.000000 -48.000000
v -5.107734 0.000000 -47.000000
v -5.155897 0.000000 -46.000000
v 10.993680 0.000000 -46.000000
v -5.107734 0.000000 -47.000000
v 10.993680 0.000000 -46.000000
v 11.090680 0.000000 -47.000000
v -5.155897 0.000000 -46.000000
v -5.225487 0.000000 -45.000000
v 10.881913 0.000000 -45.000000
v -5.155897 0.000000 -46.000000
v 10.881913 0.000000 -45.000000
v 10.993680 0.000000 -46.000000
v -5.225487 0.000000 -45.000000
v -5.317352 0.000000 -44.000000
v 10.754682 0.000000 -44.000000
v -5.225487 0.000000 -45.000000
v 10.754682 0.000000 -44.000000
v 10.881913 0.000000 -45.000000
v -5.317352 0.000000 -44.000000
v -5.431938 0.000000 -43.000000
v 10.611669 0.000000 -43.000000
v -5.317352 0.000000 -44.000000
v 10.611669 0.000000 -43.000000
v 10.754682 0.000000 -44.000000
v -5.431938 0.000000 -43.000000
v -5.569275 0.000000 -42.000000
v 10.452945 0.000000 -42.000000
v -5.431938 0.000000 -43.000000
v 10.452945 0.000000 -42.000000
v 10.611669 0.000000 -43.000000
v -5.569275 0.000000 -42.000000
v -5.728979 0.000000 -41.000000
v 10.278973 0.000000 -41.000000
v -5.569275 0.000000 -42.000000
v 10.278973 0.000000 -41.000000
v 10.452945 0.000000 -42.000000
v -5.728979 0.000000 -41.000000
v -5.910249 0.000000 -40.000000
v 10.090604 0.000000 -40.000000
v -5.728979 0.000000 -41.000000
v 10.090604 0.000000 -40.000000
v 10.278973 0.000000 -41.000000
v -5.910249 0.000000 -40.000000
v -6.111879 0.000000 -39.000000
v 9.889069 0.000000 -39.000000
v -5.910249 0.000000 -40.000000
v 9.889069 0.000000 -39.000000
v 10.090604 0.000000 -40.000000
v -6.111879 0.000000 -39.000000
v -6.332270 0.000000 -38.000000
v 9.675969 0.000000 -38.000000
v -6.111879 0.000000 -39.000000
v 9.675969 0.000000 -38.000000
v 9.889069 0.000000 -39.000000
v -6.332270 0.000000 -38.000000
v -6.569443 0.000000 -37.000000
v 9.453254 0.000000 -37.000000
v -6.332270 0.000000 -38.000000
v 9.453254 0.000000 -37.000000
v 9.675969 0.000000 -38.000000
v -6.569443 0.000000 -37.000000
v -6.821068 0.000000 -36.000000
v 9.223203 0.000000 -36.000000
v -6.569443 0.000000 -37.000000
v 9.223203 0.000000 -36.000000
v 9.453254 0.000000 -37.000000
v -6.821068 0.000000 -36.000000
v -7.084487 0.000000 -35.000000
v 8.988397 0.000000 -35.000000
v -6.821068 0.000000 -36.000000
v 8.988397 0.000000 -35.000000
v 9.223203 0.000000 -36.000000
v -7.084487 0.000000 -35.000000
v -7.356746 0.000000 -34.000000
v 8.751686 0.000000 -34.000000
v -7.084487 0.000000 -35.000000
v 8.751686 0.000000 -34.000000
v 8.988397 0.000000 -35.000000
v -7.356746 0.000000 -34.000000
v -7.634630 0.000000 -33.000000
v 8.516158 0.000000 -33.000000
v -7.356746 0.000000 -34.000000
v 8.516158 0.000000 -33.000000
v 8.751686 0.000000 -34.000000
v -7.634630 0.000000 -33.000000
v -7.914702 0.000000 -32.000000
v 8.285097 0.000000 -32.000000
v -7.634630 0.000000 -33.000000
v 8.285097 0.000000 -32.000000
v 8.516158 0.000000 -33.000000
v -6.384702 -0.160000 -32.000000
v -6.663344 -0.160000 -31.000000
v -6.255601 -0.200000 -31.000000
v -6.384702 -0.160000 -32.000000
v -6.255601 -0.200000 -31.000000
v -5.976959 -0.200000 -32.000000
v 6.755097 -0.160000 -32.000000
v 5.982788 -0.200000 -31.000000
v 6.531945 -0.160000 -31.000000
v 6.755097 -0.160000 -32.000000
v 6.205941 -0.200000 -32.000000
v 5.982788 -0.200000 -31.000000
v -6.663344 -0.160000 -31.000000
v -6.936802 -0.160000 -30.000000
v -6.448820 -0.200000 -30.000000
v -6.663344 -0.160000 -31.000000
v -6.448820 -0.200000 -30.000000
v -6.175362 -0.200000 -31.000000
v 6.531945 -0.160000 -31.000000
v 5.979613 -0.200000 -30.000000
v 6.320256 -0.160000 -30.000000
v 6.531945 -0.160000 -31.000000
v 6.191302 -0.200000 -31.000000
v 5.979613 -0.200000 -30.000000
v -6.936802 -0.160000 -30.000000
v -7.201229 -0.160000 -29.000000
v -6.900422 -0.200000 -29.000000
v -6.936802 -0.160000 -30.000000
v -6.900422 -0.200000 -29.000000
v -6.635995 -0.200000 -30.000000
v 6.320256 -0.160000 -30.000000
v 5.679366 -0.200000 -29.000000
v 6.123655 -0.160000 -29.000000
v 6.320256 -0.160000 -30.000000
v 5.875967 -0.200000 -30.000000
v 5.679366 -0.200000 -29.000000
v -7.201229 -0.160000 -29.000000
v -7.452735 -0.160000 -28.000000
v -6.870247 -0.200000 -28.000000
v -7.201229 -0.160000 -29.000000
v -6.870247 -0.200000 -28.000000
v -6.618741 -0.200000 -29.000000
v 6.123655 -0.160000 -29.000000
v 5.493394 -0.200000 -28.000000
v 5.945787 -0.160000 -28.000000
v 6.123655 -0.160000 -29.000000
v 5.671261 -0.200000 -29.000000
v 5.493394 -0.200000 -28.000000
v -7.452735 -0.160000 -28.000000
v -7.687434 -0.160000 -27.000000
v -7.462428 -0.200000 -27.000000
v -7.452735 -0.160000 -28.000000
v -7.462428 -0.200000 -27.000000
v -7.227729 -0.200000 -28.000000
v 5.945787 -0.160000 -28.000000
v 5.457198 -0.200000 -27.000000
v 5.790274 -0.160000 -27.000000
v 5.945787 -0.160000 -28.000000
v 5.612711 -0.200000 -28.000000
v 5.457198 -0.200000 -27.000000
v -7.687434 -0.160000 -27.000000
v -7.901492 -0.160000 -26.000000
v -7.266940 -0.200000 -26.000000
v -7.687434 -0.160000 -27.000000
v -7.266940 -0.200000 -26.000000
v -7.052883 -0.200000 -27.000000
v 5.790274 -0.160000 -27.000000
v 5.104983 -0.200000 -26.000000
v 5.660665 -0.160000 -26.000000
v 5.790274 -0.160000 -27.000000
v 5.234591 -0.200000 -27.000000
v 5.104983 -0.200000 -26.000000
v -7.901492 -0.160000 -26.000000
v -8.091174 -0.160000 -25.000000
v -7.891036 -0.200000 -25.000000
v -7.901492 -0.160000 -26.000000
v -7.891036 -0.200000 -25.000000
v -7.701354 -0.200000 -26.000000
v 5.660665 -0.160000 -26.000000
v 5.315823 -0.200000 -25.000000
v 5.560391 -0.160000 -25.000000
v 5.660665 -0.160000 -26.000000
v 5.416097 -0.200000 -26.000000
v 5.315823 -0.200000 -25.000000
v -8.091174 -0.160000 -25.000000
v -8.252893 -0.160000 -24.000000
v -7.622319 -0.200000 -24.000000
v -8.091174 -0.160000 -25.000000
v -7.622319 -0.200000 -24.000000
v -7.460600 -0.200000 -25.000000
v 5.560391 -0.160000 -25.000000
v 4.869185 -0.200000 -24.000000
v 5.492716 -0.160000 -24.000000
v 5.560391 -0.160000 -25.000000
v 4.936860 -0.200000 -25.000000
v 4.869185 -0.200000 -24.000000
v -8.252893 -0.160000 -24.000000
v -8.383254 -0.160000 -23.000000
v -8.150555 -0.200000 -23.000000
v -8.252893 -0.160000 -24.000000
v -8.150555 -0.200000 -23.000000
v -8.020194 -0.200000 -24.000000
v 5.492716 -0.160000 -24.000000
v 5.258814 -0.200000 -23.000000
v 5.460698 -0.160000 -23.000000
v 5.492716 -0.160000 -24.000000
v 5.290832 -0.200000 -24.000000
v 5.258814 -0.200000 -23.000000
v -8.383254 -0.160000 -23.000000
v -8.479097 -0.160000 -22.000000
v -7.907505 -0.200000 -22.000000
v -8.383254 -0.160000 -23.000000
v -7.907505 -0.200000 -22.000000
v -7.811662 -0.200000 -23.000000
v 5.460698 -0.160000 -23.000000
v 4.828926 -0.200000 -22.000000
v 5.467142 -0.160000 -22.000000
v 5.460698 -0.160000 -23.000000
v 4.822482 -0.200000 -23.000000
v 4.828926 -0.200000 -22.000000
v -8.479097 -0.160000 -22.000000
v -8.537540 -0.160000 -21.000000
v -8.223357 -0.200000 -21.000000
v -8.479097 -0.160000 -22.000000
v -8.223357 -0.200000 -21.000000
v -8.164914 -0.200000 -22.000000
v 5.467142 -0.160000 -22.000000
v 5.298390 -0.200000 -21.000000
v 5.514564 -0.160000 -21.000000
v 5.467142 -0.160000 -22.000000
v 5.250969 -0.200000 -22.000000
v 5.298390 -0.200000 -21.000000
v -8.537540 -0.160000 -21.000000
v -8.556013 -0.160000 -20.000000
v -8.082999 -0.200000 -20.000000
v -8.537540 -0.160000 -21.000000
v -8.082999 -0.200000 -20.000000
v -8.064526 -0.200000 -21.000000
v 5.514564 -0.160000 -21.000000
v 5.009248 -0.200000 -20.000000
v 5.605150 -0.160000 -20.000000
v 5.514564 -0.160000 -21.000000
v 4.918662 -0.200000 -21.000000
v 5.009248 -0.200000 -20.000000
v -8.556013 -0.160000 -20.000000
v -8.532295 -0.160000 -19.000000
v -8.108987 -0.200000 -19.000000
v -8.556013 -0.160000 -20.000000
v -8.108987 -0.200000 -19.000000
v -8.132705 -0.200000 -20.000000
v 5.605150 -0.160000 -20.000000
v 5.457028 -0.200000 -19.000000
v 5.740731 -0.160000 -19.000000
v 5.605150 -0.160000 -20.000000
v 5.321447 -0.200000 -20.000000
v 5.457028 -0.200000 -19.000000
v -8.532295 -0.160000 -19.000000
v -8.464543 -0.160000 -18.000000
v -8.103954 -0.200000 -18.000000
v -8.532295 -0.160000 -19.000000
v -8.103954 -0.200000 -18.000000
v -8.171706 -0.200000 -19.000000
v 5.740731 -0.160000 -19.000000
v 5.415104 -0.200000 -18.000000
v 5.922746 -0.160000 -18.000000
v 5.740731 -0.160000 -19.000000
v 5.233089 -0.200000 -19.000000
v 5.415104 -0.200000 -18.000000
v -8.464543 -0.160000 -18.000000
v -8.351318 -0.160000 -17.000000
v -7.819749 -0.200000 -17.000000
v -8.464543 -0.160000 -18.000000
v -7.819749 -0.200000 -17.000000
v -7.932974 -0.200000 -18.000000
v 5.922746 -0.160000 -18.000000
v 5.765389 -0.200000 -17.000000
v 6.152223 -0.160000 -17.000000
v 5.922746 -0.160000 -18.000000
v 5.535912 -0.200000 -18.000000
v 5.765389 -0.200000 -17.000000
v -8.351318 -0.160000 -17.000000
v -8.191607 -0.160000 -16.000000
v -7.927925 -0.200000 -16.000000
v -8.351318 -0.160000 -17.000000
v -7.927925 -0.200000 -16.000000
v -8.087636 -0.200000 -17.000000
v 6.152223 -0.160000 -17.000000
v 6.033268 -0.200000 -16.000000
v 6.429757 -0.160000 -16.000000
v 6.152223 -0.160000 -17.000000
v 5.755734 -0.200000 -17.000000
v 6.033268 -0.200000 -16.000000
v -8.191607 -0.160000 -16.000000
v -7.984838 -0.160000 -15.000000
v -7.374150 -0.200000 -15.000000
v -8.191607 -0.160000 -16.000000
v -7.374150 -0.200000 -15.000000
v -7.580920 -0.200000 -16.000000
v 6.429757 -0.160000 -16.000000
v 6.256868 -0.200000 -15.000000
v 6.755496 -0.160000 -15.000000
v 6.429757 -0.160000 -16.000000
v 5.931129 -0.200000 -16.000000
v 6.256868 -0.200000 -15.000000
v -7.984838 -0.160000 -15.000000
v -7.730891 -0.160000 -14.000000
v -7.523285 -0.200000 -14.000000
v -7.984838 -0.160000 -15.000000
v -7.523285 -0.200000 -14.000000
v -7.777231 -0.200000 -15.000000
v 6.755496 -0.160000 -15.000000
v 6.837654 -0.200000 -14.000000
v 7.129130 -0.160000 -14.000000
v 6.755496 -0.160000 -15.000000
v 6.464019 -0.200000 -15.000000
v 6.837654 -0.200000 -14.000000
v -7.730891 -0.160000 -14.000000
v -7.430107 -0.160000 -13.000000
v -6.790110 -0.200000 -13.000000
v -7.730891 -0.160000 -14.000000
v -6.790110 -0.200000 -13.000000
v -7.090894 -0.200000 -14.000000
v 7.129130 -0.160000 -14.000000
v 6.960006 -0.200000 -13.000000
v 7.549891 -0.160000 -13.000000
v 7.129130 -0.160000 -14.000000
v 6.539246 -0.200000 -14.000000
v 6.960006 -0.200000 -13.000000
v -7.430107 -0.160000 -13.000000
v -7.083284 -0.160000 -12.000000
v -6.876275 -0.200000 -12.000000
v -7.430107 -0.160000 -13.000000
v -6.876275 -0.200000 -12.000000
v -7.223098 -0.200000 -13.000000
v 7.549891 -0.160000 -13.000000
v 7.796510 -0.200000 -12.000000
v 8.016545 -0.160000 -12.000000
v 7.549891 -0.160000 -13.000000
v 7.329855 -0.200000 -13.000000
v 7.796510 -0.200000 -12.000000
v -7.083284 -0.160000 -12.000000
v -6.691676 -0.160000 -11.000000
v -6.079834 -0.200000 -11.000000
v -7.083284 -0.160000 -12.000000
v -6.079834 -0.200000 -11.000000
v -6.471442 -0.200000 -12.000000
v 8.016545 -0.160000 -12.000000
v 7.890645 -0.200000 -11.000000
v 8.527410 -0.160000 -11.000000
v 8.016545 -0.160000 -12.000000
v 7.379780 -0.200000 -12.000000
v 7.890645 -0.200000 -11.000000
v -6.691676 -0.160000 -11.000000
v -6.256981 -0.160000 -10.000000
v -5.994936 -0.200000 -10.000000
v -6.691676 -0.160000 -11.000000
v -5.994936 -0.200000 -10.000000
v -6.429630 -0.200000 -11.000000
v 8.527410 -0.160000 -11.000000
v 8.879531 -0.200000 -10.000000
v 9.080357 -0.160000 -10.000000
v 8.527410 -0.160000 -11.000000
v 8.326583 -0.200000 -11.000000
v 8.879531 -0.200000 -10.000000
v -6.256981 -0.160000 -10.000000
v -5.781327 -0.160000 -9.000000
v -5.247750 -0.200000 -9.000000
v -6.256981 -0.160000 -10.000000
v -5.247750 -0.200000 -9.000000
v -5.723404 -0.200000 -10.000000
v 9.080357 -0.160000 -10.000000
v 9.045807 -0.200000 -9.000000
v 9.672834 -0.160000 -9.000000
v 9.080357 -0.160000 -10.000000
v 8.453331 -0.200000 -10.000000
v 9.045807 -0.200000 -9.000000
v -5.781327 -0.160000 -9.000000
v -5.267251 -0.160000 -8.000000
v -4.908910 -0.200000 -8.000000
v -5.781327 -0.160000 -9.000000
v -4.908910 -0.200000 -8.000000
v -5.422986 -0.200000 -9.000000
v 9.672834 -0.160000 -9.000000
v 10.063015 -0.200000 -8.000000
v 10.301882 -0.160000 -8.000000
v 9.672834 -0.160000 -9.000000
v 9.433967 -0.200000 -9.000000
v 10.063015 -0.200000 -8.000000
v 5.054669 -0.160000 8.000000
v 5.610762 -0.160000 9.000000
v 6.211895 -0.200000 9.000000
v 5.054669 -0.160000 8.000000
v 6.211895 -0.200000 9.000000
v 5.655802 -0.200000 8.000000
v 21.910701 -0.160000 8.000000
v 22.016072 -0.200000 9.000000
v 22.497731 -0.160000 9.000000
v 21.910701 -0.160000 8.000000
v 21.429042 -0.200000 8.000000
v 22.016072 -0.200000 9.000000
v 5.610762 -0.160000 9.000000
v 6.132862 -0.160000 10.000000
v 6.345835 -0.200000 10.000000
v 5.610762 -0.160000 9.000000
v 6.345835 -0.200000 10.000000
v 5.823735 -0.200000 9.000000
v 22.497731 -0.160000 9.000000
v 22.737339 -0.200000 10.000000
v 23.043762 -0.160000 10.000000
v 22.497731 -0.160000 9.000000
v 22.191309 -0.200000 9.000000
v 22.737339 -0.200000 10.000000
v 6.132862 -0.160000 10.000000
v 6.618265 -0.160000 11.000000
v 7.257438 -0.200000 11.000000
v 6.132862 -0.160000 10.000000
v 7.257438 -0.200000 11.000000
v 6.772035 -0.200000 10.000000
v 23.043762 -0.160000 10.000000
v 22.968047 -0.200000 11.000000
v 23.546001 -0.160000 11.000000
v 23.043762 -0.160000 10.000000
v 22.465807 -0.200000 10.000000
v 22.968047 -0.200000 11.000000
v 6.618265 -0.160000 11.000000
v 7.064659 -0.160000 12.000000
v 7.267893 -0.200000 12.000000
v 6.618265 -0.160000 11.000000
v 7.267893 -0.200000 12.000000
v 6.821499 -0.200000 11.000000
v 23.546001 -0.160000 11.000000
v 23.773922 -0.200000 12.000000
v 24.002079 -0.160000 12.000000
v 23.546001 -0.160000 11.000000
v 23.317844 -0.200000 11.000000
v 23.773922 -0.200000 12.000000
v 7.064659 -0.160000 12.000000
v 7.470150 -0.160000 13.000000
v 8.090115 -0.200000 13.000000
v 7.064659 -0.160000 12.000000
v 8.090115 -0.200000 13.000000
v 7.684623 -0.200000 12.000000
v 24.002079 -0.160000 12.000000
v 23.777074 -0.200000 13.000000
v 24.410066 -0.160000 13.000000
v 24.002079 -0.160000 12.000000
v 23.369088 -0.200000 12.000000
v 23.777074 -0.200000 13.000000
v 7.470150 -0.160000 13.000000
v 7.833274 -0.160000 14.000000
v 8.083390 -0.200000 14.000000
v 7.470150 -0.160000 13.000000
v 8.083390 -0.200000 14.000000
v 7.720266 -0.200000 13.000000
v 24.410066 -0.160000 13.000000
v 24.568484 -0.200000 14.000000
v 24.768487 -0.160000 14.000000
v 24.410066 -0.160000 13.000000
v 24.210063 -0.200000 13.000000
v 24.568484 -0.200000 14.000000
v 7.833274 -0.160000 14.000000
v 8.153006 -0.160000 15.000000
v 8.701529 -0.200000 15.000000
v 7.833274 -0.160000 14.000000
v 8.701529 -0.200000 15.000000
v 8.381797 -0.200000 14.000000
v 24.768487 -0.160000 14.000000
v 24.443942 -0.200000 15.000000
v 25.076336 -0.160000 15.000000
v 24.768487 -0.160000 14.000000
v 24.136093 -0.200000 14.000000
v 24.443942 -0.200000 15.000000
v 8.153006 -0.160000 15.000000
v 8.428771 -0.160000 16.000000
v 8.770143 -0.200000 16.000000
v 8.153006 -0.160000 15.000000
v 8.770143 -0.200000 16.000000
v 8.494378 -0.200000 15.000000
v 25.076336 -0.160000 15.000000
v 25.103766 -0.200000 16.000000
v 25.333079 -0.160000 16.000000
v 25.076336 -0.160000 15.000000
v 24.847023 -0.200000 15.000000
v 25.103766 -0.200000 16.000000
v 8.428771 -0.160000 16.000000
v 8.660438 -0.160000 17.000000
v 9.103950 -0.200000 17.000000
v 8.428771 -0.160000 16.000000
v 9.103950 -0.200000 17.000000
v 8.872282 -0.200000 16.000000
v 25.333079 -0.160000 16.000000
v 24.962339 -0.200000 17.000000
v 25.538657 -0.160000 17.000000
v 25.333079 -0.160000 16.000000
v 24.756761 -0.200000 16.000000
v 24.962339 -0.200000 17.000000
v 8.660438 -0.160000 17.000000
v 8.848322 -0.160000 18.000000
v 9.301488 -0.200000 18.000000
v 8.660438 -0.160000 17.000000
v 9.301488 -0.200000 18.000000
v 9.113605 -0.200000 17.000000
v 25.538657 -0.160000 17.000000
v 25.385044 -0.200000 18.000000
v 25.693475 -0.160000 18.000000
v 25.538657 -0.160000 17.000000
v 25.230226 -0.200000 17.000000
v 25.385044 -0.200000 18.000000
v 8.848322 -0.160000 18.000000
v 8.993167 -0.160000 19.000000
v 9.325525 -0.200000 19.000000
v 8.848322 -0.160000 18.000000
v 9.325525 -0.200000 19.000000
v 9.180681 -0.200000 18.000000
v 25.693475 -0.160000 18.000000
v 25.318986 -0.200000 19.000000
v 25.798397 -0.160000 19.000000
v 25.693475 -0.160000 18.000000
v 25.214063 -0.200000 18.000000
v 25.318986 -0.200000 19.000000
v 8.993167 -0.160000 19.000000
v 9.096134 -0.160000 20.000000
v 9.652431 -0.200000 20.000000
v 8.993167 -0.160000 19.000000
v 9.652431 -0.200000 20.000000
v 9.549464 -0.200000 19.000000
v 25.798397 -0.160000 19.000000
v 25.438037 -0.200000 20.000000
v 25.854729 -0.160000 20.000000
v 25.798397 -0.160000 19.000000
v 25.381705 -0.200000 19.000000
v 25.438037 -0.200000 20.000000
v 9.096134 -0.160000 20.000000
v 9.158781 -0.160000 21.000000
v 9.402879 -0.200000 21.000000
v 9.096134 -0.160000 20.000000
v 9.402879 -0.200000 21.000000
v 9.340232 -0.200000 20.000000
v 25.854729 -0.160000 20.000000
v 25.497210 -0.200000 21.000000
v 25.864196 -0.160000 21.000000
v 25.854729 -0.160000 20.000000
v 25.487743 -0.200000 20.000000
v 25.497210 -0.200000 21.000000
v 9.158781 -0.160000 21.000000
v 9.183037 -0.160000 22.000000
v 9.806864 -0.200000 22.000000
v 9.158781 -0.160000 21.000000
v 9.806864 -0.200000 22.000000
v 9.782608 -0.200000 21.000000
v 25.864196 -0.160000 21.000000
v 25.303101 -0.200000 22.000000
v 25.828918 -0.160000 22.000000
v 25.864196 -0.160000 21.000000
v 25.338379 -0.200000 21.000000
v 25.303101 -0.200000 22.000000
v 9.183037 -0.160000 22.000000
v 9.171174 -0.160000 23.000000
v 9.372957 -0.200000 23.000000
v 9.183037 -0.160000 22.000000
v 9.372957 -0.200000 23.000000
v 9.384821 -0.200000 22.000000
v 25.828918 -0.160000 22.000000
v 25.482974 -0.200000 23.000000
v 25.751382 -0.160000 23.000000
v 25.828918 -0.160000 22.000000
v 25.560510 -0.200000 22.000000
v 25.482974 -0.200000 23.000000
v 9.171174 -0.160000 23.000000
v 9.125772 -0.160000 24.000000
v 9.763888 -0.200000 24.000000
v 9.171174 -0.160000 23.000000
v 9.763888 -0.200000 24.000000
v 9.809289 -0.200000 23.000000
v 25.751382 -0.160000 23.000000
v 25.027103 -0.200000 24.000000
v 25.634404 -0.160000 24.000000
v 25.751382 -0.160000 23.000000
v 25.144080 -0.200000 23.000000
v 25.027103 -0.200000 24.000000
v 9.125772 -0.160000 24.000000
v 9.049686 -0.160000 25.000000
v 9.266155 -0.200000 25.000000
v 9.125772 -0.160000 24.000000
v 9.266155 -0.200000 25.000000
v 9.342241 -0.200000 24.000000
v 25.634404 -0.160000 24.000000
v 25.271670 -0.200000 25.000000
v 25.481097 -0.160000 25.000000
v 25.634404 -0.160000 24.000000
v 25.424977 -0.200000 24.000000
v 25.271670 -0.200000 25.000000
v 9.049686 -0.160000 25.000000
v 8.946002 -0.160000 26.000000
v 9.541434 -0.200000 26.000000
v 9.049686 -0.160000 25.000000
v 9.541434 -0.200000 26.000000
v 9.645118 -0.200000 25.000000
v 25.481097 -0.160000 25.000000
v 24.654962 -0.200000 26.000000
v 25.294824 -0.160000 26.000000
v 25.481097 -0.160000 25.000000
v 24.841234 -0.200000 25.000000
v 24.654962 -0.200000 26.000000
v 8.946002 -0.160000 26.000000
v 8.817999 -0.160000 27.000000
v 9.102316 -0.200000 27.000000
v 8.946002 -0.160000 26.000000
v 9.102316 -0.200000 27.000000
v 9.230320 -0.200000 26.000000
v 25.294824 -0.160000 26.000000
v 24.873713 -0.200000 27.000000
v 25.079161 -0.160000 27.000000
v 25.294824 -0.160000 26.000000
v 25.089376 -0.200000 26.000000
v 24.873713 -0.200000 27.000000
v 8.817999 -0.160000 27.000000
v 8.669100 -0.160000 28.000000
v 9.176024 -0.200000 28.000000
v 8.817999 -0.160000 27.000000
v 9.176024 -0.200000 28.000000
v 9.324923 -0.200000 27.000000
v 25.079161 -0.160000 27.000000
v 24.222854 -0.200000 28.000000
v 24.837848 -0.160000 28.000000
v 25.079161 -0.160000 27.000000
v 24.464167 -0.200000 27.000000
v 24.222854 -0.200000 28.000000
v 8.669100 -0.160000 28.000000
v 8.502831 -0.160000 29.000000
v 8.890438 -0.200000 29.000000
v 8.669100 -0.160000 28.000000
v 8.890438 -0.200000 29.000000
v 9.056707 -0.200000 28.000000
v 24.837848 -0.160000 28.000000
v 24.317232 -0.200000 29.000000
v 24.574744 -0.160000 29.000000
v 24.837848 -0.160000 28.000000
v 24.580337 -0.200000 28.000000
v 24.317232 -0.200000 29.000000
v 8.502831 -0.160000 29.000000
v 8.322772 -0.160000 30.000000
v 8.718483 -0.200000 30.000000
v 8.502831 -0.160000 29.000000
v 8.718483 -0.200000 30.000000
v 8.898543 -0.200000 29.000000
v 24.574744 -0.160000 29.000000
v 23.754582 -0.200000 30.000000
v 24.293775 -0.160000 30.000000
v 24.574744 -0.160000 29.000000
v 24.035551 -0.200000 29.000000
v 23.754582 -0.200000 30.000000
v 8.322772 -0.160000 30.000000
v 8.132509 -0.160000 31.000000
v 8.631866 -0.200000 31.000000
v 8.322772 -0.160000 30.000000
v 8.631866 -0.200000 31.000000
v 8.822129 -0.200000 30.000000
v 24.293775 -0.160000 30.000000
v 23.646873 -0.200000 31.000000
v 23.998891 -0.160000 31.000000
v 24.293775 -0.160000 30.000000
v 23.941756 -0.200000 30.000000
v 23.646873 -0.200000 31.000000
v 8.132509 -0.160000 31.000000
v 7.935588 -0.160000 32.000000
v 8.226431 -0.200000 32.000000
v 8.132509 -0.160000 31.000000
v 8.226431 -0.200000 32.000000
v 8.423352 -0.200000 31.000000
v 23.998891 -0.160000 31.000000
v 23.261759 -0.200000 32.000000
v 23.694016 -0.160000 32.000000
v 23.998891 -0.160000 31.000000
v 23.566634 -0.200000 31.000000
v 23.261759 -0.200000 32.000000
v 6.405588 0.000000 32.000000
v 6.205471 0.000000 33.000000
v 24.913000 0.000000 33.000000
v 6.405588 0.000000 32.000000
v 24.913000 0.000000 33.000000
v 25.224016 0.000000 32.000000
v 6.205471 0.000000 33.000000
v 6.005488 0.000000 34.000000
v 24.599571 0.000000 34.000000
v 6.205471 0.000000 33.000000
v 24.599571 0.000000 34.000000
v 24.913000 0.000000 33.000000
v 6.005488 0.000000 34.000000
v 5.808796 0.000000 35.000000
v 24.287294 0.000000 35.000000
v 6.005488 0.000000 34.000000
v 24.287294 0.000000 35.000000
v 24.599571 0.000000 34.000000
v 5.808796 0.000000 35.000000
v 5.618336 0.000000 36.000000
v 23.979529 0.000000 36.000000
v 5.808796 0.000000 35.000000
v 23.979529 0.000000 36.000000
v 24.287294 0.000000 35.000000
v 5.618336 0.000000 36.000000
v 5.436801 0.000000 37.000000
v 23.679388 0.000000 37.000000
v 5.618336 0.000000 36.000000
v 23.679388 0.000000 37.000000
v 23.979529 0.000000 36.000000
v 5.436801 0.000000 37.000000
v 5.266597 0.000000 38.000000
v 23.389704 0.000000 38.000000
v 5.436801 0.000000 37.000000
v 23.389704 0.000000 38.000000
v 23.679388 0.000000 37.000000
v 5.266597 0.000000 38.000000
v 5.109813 0.000000 39.000000
v 23.112998 0.000000 39.000000
v 5.266597 0.000000 38.000000
v 23.112998 0.000000 39.000000
v 23.389704 0.000000 38.000000
v 5.109813 0.000000 39.000000
v 4.968197 0.000000 40.000000
v 22.851448 0.000000 40.000000
v 5.109813 0.000000 39.000000
v 22.851448 0.000000 40.000000
v 23.112998 0.000000 39.000000
v 4.968197 0.000000 40.000000
v 4.843134 0.000000 41.000000
v 22.606872 0.000000 41.000000
v 4.968197 0.000000 40.000000
v 22.606872 0.000000 41.000000
v 22.851448 0.000000 40.000000
v 4.843134 0.000000 41.000000
v 4.735627 0.000000 42.000000
v 22.380703 0.000000 42.000000
v 4.843134 0.000000 41.000000
v 22.380703 0.000000 42.000000
v 22.606872 0.000000 41.000000
v 4.735627 0.000000 42.000000
v 4.646290 0.000000 43.000000
v 22.173979 0.000000 43.000000
v 4.735627 0.000000 42.000000
v 22.173979 0.000000 43.000000
v 22.380703 0.000000 42.000000
v 4.646290 0.000000 43.000000
v 4.575334 0.000000 44.000000
v 21.987337 0.000000 44.000000
v 4.646290 0.000000 43.000000
v 21.987337 0.000000 44.000000
v 22.173979 0.000000 43.000000
v 4.575334 0.000000 44.000000
v 4.522570 0.000000 45.000000
v 21.821004 0.000000 45.000000
v 4.575334 0.000000 44.000000
v 21.821004 0.000000 45.000000
v 21.987337 0.000000 44.000000
v 4.522570 0.000000 45.000000
v 4.487415 0.000000 46.000000
v 21.674803 0.000000 46.000000
v 4.522570 0.000000 45.000000
v 21.674803 0.000000 46.000000
v 21.821004 0.000000 45.000000
v 4.487415 0.000000 46.000000
v 4.468893 0.000000 47.000000
v 21.548161 0.000000 47.000000
v 4.487415 0.000000 46.000000
v 21.548161 0.000000 47.000000
v 21.674803 0.000000 46.000000
v 4.468893 0.000000 47.000000
v 4.465657 0.000000 48.000000
v 21.440119 0.000000 48.000000
v 4.468893 0.000000 47.000000
v 21.440119 0.000000 48.000000
v 21.548161 0.000000 47.000000
v 5.995657 -0.160000 48.000000
v 6.006004 -0.160000 49.000000
v 6.216355 -0.200000 49.000000
v 5.995657 -0.160000 48.000000
v 6.216355 -0.200000 49.000000
v 6.206009 -0.200000 48.000000
v 19.910119 -0.160000 48.000000
v 19.604044 -0.200000 49.000000
v 19.819349 -0.160000 49.000000
v 19.910119 -0.160000 48.000000
v 19.694814 -0.200000 48.000000
v 19.604044 -0.200000 49.000000
v 6.006004 -0.160000 49.000000
v 6.027896 -0.160000 50.000000
v 6.633542 -0.200000 50.000000
v 6.006004 -0.160000 49.000000
v 6.633542 -0.200000 50.000000
v 6.611650 -0.200000 49.000000
v 19.819349 -0.160000 49.000000
v 19.105679 -0.200000 50.000000
v 19.744180 -0.160000 50.000000
v 19.819349 -0.160000 49.000000
v 19.180848 -0.200000 49.000000
v 19.105679 -0.200000 50.000000
v 6.027896 -0.160000 50.000000
v 6.058993 -0.160000 51.000000
v 6.329677 -0.200000 51.000000
v 6.027896 -0.160000 50.000000
v 6.329677 -0.200000 51.000000
v 6.298580 -0.200000 50.000000
v 19.744180 -0.160000 50.000000
v 19.480418 -0.200000 51.000000
v 19.682620 -0.160000 51.000000
v 19.744180 -0.160000 50.000000
v 19.541978 -0.200000 50.000000
v 19.480418 -0.200000 51.000000
v 6.058993 -0.160000 51.000000
v 6.096683 -0.160000 52.000000
v 6.619753 -0.200000 52.000000
v 6.058993 -0.160000 51.000000
v 6.619753 -0.200000 52.000000
v 6.582064 -0.200000 51.000000
v 19.682620 -0.160000 51.000000
v 19.009758 -0.200000 52.000000
v 19.632390 -0.160000 52.000000
v 19.682620 -0.160000 51.000000
v 19.059988 -0.200000 51.000000
v 19.009758 -0.200000 52.000000
v 6.096683 -0.160000 52.000000
v 6.138114 -0.160000 53.000000
v 6.508132 -0.200000 53.000000
v 6.096683 -0.160000 52.000000
v 6.508132 -0.200000 53.000000
v 6.466701 -0.200000 52.000000
v 19.632390 -0.160000 52.000000
v 19.344966 -0.200000 53.000000
v 19.590955 -0.160000 53.000000
v 19.632390 -0.160000 52.000000
v 19.386401 -0.200000 52.000000
v 19.344966 -0.200000 53.000000
v 6.138114 -0.160000 53.000000
v 6.180238 -0.160000 54.000000
v 6.593810 -0.200000 54.000000
v 6.138114 -0.160000 53.000000
v 6.593810 -0.200000 54.000000
v 6.551687 -0.200000 53.000000
v 19.590955 -0.160000 53.000000
v 19.001731 -0.200000 54.000000
v 19.555566 -0.160000 54.000000
v 19.590955 -0.160000 53.000000
v 19.037121 -0.200000 53.000000
v 19.001731 -0.200000 54.000000
v 6.180238 -0.160000 54.000000
v 6.219848 -0.160000 55.000000
v 6.702257 -0.200000 55.000000
v 6.180238 -0.160000 54.000000
v 6.702257 -0.200000 55.000000
v 6.662646 -0.200000 54.000000
v 19.555566 -0.160000 54.000000
v 19.188066 -0.200000 55.000000
v 19.523294 -0.160000 55.000000
v 19.555566 -0.160000 54.000000
v 19.220337 -0.200000 54.000000
v 19.188066 -0.200000 55.000000
v 6.219848 -0.160000 55.000000
v 6.253627 -0.160000 56.000000
v 6.559381 -0.200000 56.000000
v 6.219848 -0.160000 55.000000
v 6.559381 -0.200000 56.000000
v 6.525602 -0.200000 55.000000
v 19.523294 -0.160000 55.000000
v 19.041002 -0.200000 56.000000
v 19.491080 -0.160000 56.000000
v 19.523294 -0.160000 55.000000
v 19.073215 -0.200000 55.000000
v 19.041002 -0.200000 56.000000
v 6.253627 -0.160000 56.000000
v 6.278187 -0.160000 57.000000
v 6.856684 -0.200000 57.000000
v 6.253627 -0.160000 56.000000
v 6.856684 -0.200000 57.000000
v 6.832125 -0.200000 56.000000
v 19.491080 -0.160000 56.000000
v 19.009164 -0.200000 57.000000
v 19.455775 -0.160000 57.000000
v 19.491080 -0.160000 56.000000
v 19.044470 -0.200000 56.000000
v 19.009164 -0.200000 57.000000
v 6.278187 -0.160000 57.000000
v 6.290119 -0.160000 58.000000
v 6.517896 -0.200000 58.000000
v 6.278187 -0.160000 57.000000
v 6.517896 -0.200000 58.000000
v 6.505963 -0.200000 57.000000
v 19.455775 -0.160000 57.000000
v 19.075719 -0.200000 58.000000
v 19.414185 -0.160000 58.000000
v 19.455775 -0.160000 57.000000
v 19.117309 -0.200000 57.000000
v 19.075719 -0.200000 58.000000
v 6.290119 -0.160000 58.000000
v 6.286042 -0.160000 59.000000
v 6.919228 -0.200000 59.000000
v 6.290119 -0.160000 58.000000
v 6.919228 -0.200000 59.000000
v 6.923305 -0.200000 58.000000
v 19.414185 -0.160000 58.000000
v 18.812078 -0.200000 59.000000
v 19.363120 -0.160000 59.000000
v 19.414185 -0.160000 58.000000
v 18.863143 -0.200000 58.000000
v 18.812078 -0.200000 59.000000
v 6.286042 -0.160000 59.000000
v 6.262645 -0.160000 60.000000
v 6.462654 -0.200000 60.000000
v 6.286042 -0.160000 59.000000
v 6.462654 -0.200000 60.000000
v 6.486051 -0.200000 59.000000
v 19.363120 -0.160000 59.000000
v 19.051290 -0.200000 60.000000
v 19.299441 -0.160000 60.000000
v 19.363120 -0.160000 59.000000
v 19.114970 -0.200000 59.000000
v 19.051290 -0.200000 60.000000
v 6.262645 -0.160000 60.000000
v 6.216738 -0.160000 61.000000
v 6.848927 -0.200000 61.000000
v 6.262645 -0.160000 60.000000
v 6.848927 -0.200000 61.000000
v 6.894834 -0.200000 60.000000
v 19.299441 -0.160000 60.000000
v 18.598856 -0.200000 61.000000
v 19.220101 -0.160000 61.000000
v 19.299441 -0.160000 60.000000
v 18.678196 -0.200000 60.000000
v 18.598856 -0.200000 61.000000
v 6.216738 -0.160000 61.000000
v 6.145295 -0.160000 62.000000
v 6.374999 -0.200000 62.000000
v 6.216738 -0.160000 61.000000
v 6.374999 -0.200000 62.000000
v 6.446442 -0.200000 61.000000
v 19.220101 -0.160000 61.000000
v 18.919472 -0.200000 62.000000
v 19.122195 -0.160000 62.000000
v 19.220101 -0.160000 61.000000
v 19.017378 -0.200000 61.000000
v 18.919472 -0.200000 62.000000
v 6.145295 -0.160000 62.000000
v 6.045500 -0.160000 63.000000
v 6.621267 -0.200000 63.000000
v 6.145295 -0.160000 62.000000
v 6.621267 -0.200000 63.000000
v 6.721063 -0.200000 62.000000
v 19.122195 -0.160000 62.000000
v 18.364120 -0.200000 63.000000
v 19.003001 -0.160000 63.000000
v 19.122195 -0.160000 62.000000
v 18.483314 -0.200000 62.000000
v 18.364120 -0.200000 63.000000
v 6.045500 -0.160000 63.000000
v 5.914783 -0.160000 64.000000
v 6.223888 -0.200000 64.000000
v 6.045500 -0.160000 63.000000
v 6.223888 -0.200000 64.000000
v 6.354605 -0.200000 63.000000
v 19.003001 -0.160000 63.000000
v 18.645971 -0.200000 64.000000
v 18.860020 -0.160000 64.000000
v 19.003001 -0.160000 63.000000
v 18.788951 -0.200000 63.000000
v 18.645971 -0.200000 64.000000
v 5.914783 -0.160000 64.000000
v 5.750865 -0.160000 65.000000
v 6.229523 -0.200000 65.000000
v 5.914783 -0.160000 64.000000
v 6.229523 -0.200000 65.000000
v 6.393441 -0.200000 64.000000
v 18.860020 -0.160000 64.000000
v 18.091674 -0.200000 65.000000
v 18.691018 -0.160000 65.000000
v 18.860020 -0.160000 64.000000
v 18.260676 -0.200000 64.000000
v 18.091674 -0.200000 65.000000
v 5.750865 -0.160000 65.000000
v 5.551790 -0.160000 66.000000
v 5.969263 -0.200000 66.000000
v 5.750865 -0.160000 65.000000
v 5.969263 -0.200000 66.000000
v 6.168338 -0.200000 65.000000
v 18.691018 -0.160000 65.000000
v 18.214885 -0.200000 66.000000
v 18.494056 -0.160000 66.000000
v 18.691018 -0.160000 65.000000
v 18.411848 -0.200000 65.000000
v 18.214885 -0.200000 66.000000
v 5.551790 -0.160000 66.000000
v 5.315957 -0.160000 67.000000
v 5.682184 -0.200000 67.000000
v 5.551790 -0.160000 66.000000
v 5.682184 -0.200000 67.000000
v 5.918017 -0.200000 66.000000
v 18.494056 -0.160000 66.000000
v 17.754563 -0.200000 67.000000
v 18.267525 -0.160000 67.000000
v 18.494056 -0.160000 66.000000
v 17.981094 -0.200000 66.000000
v 17.754563 -0.200000 67.000000
v 5.315957 -0.160000 67.000000
v 5.042146 -0.160000 68.000000
v 5.568647 -0.200000 68.000000
v 5.315957 -0.160000 67.000000
v 5.568647 -0.200000 68.000000
v 5.842457 -0.200000 67.000000
v 18.267525 -0.160000 67.000000
v 17.629096 -0.200000 68.000000
v 18.010174 -0.160000 68.000000
v 18.267525 -0.160000 67.000000
v 17.886448 -0.200000 67.000000
v 17.629096 -0.200000 68.000000
v 5.042146 -0.160000 68.000000
v 4.729545 -0.160000 69.000000
v 4.997387 -0.200000 69.000000
v 5.042146 -0.160000 68.000000
v 4.997387 -0.200000 69.000000
v 5.309988 -0.200000 68.000000
v 18.010174 -0.160000 68.000000
v 17.318830 -0.200000 69.000000
v 17.721128 -0.160000 69.000000
v 18.010174 -0.160000 68.000000
v 17.607876 -0.200000 68.000000
v 17.318830 -0.200000 69.000000
v 4.729545 -0.160000 69.000000
v 4.377764 -0.160000 70.000000
v 4.985474 -0.200000 70.000000
v 4.729545 -0.160000 69.000000
v 4.985474 -0.200000 70.000000
v 5.337255 -0.200000 69.000000
v 17.721128 -0.160000 69.000000
v 16.906764 -0.200000 70.000000
v 17.399915 -0.160000 70.000000
v 17.721128 -0.160000 69.000000
v 17.227977 -0.200000 69.000000
v 16.906764 -0.200000 70.000000
v 4.377764 -0.160000 70.000000
v 3.986850 -0.160000 71.000000
v 4.196052 -0.200000 71.000000
v 4.377764 -0.160000 70.000000
v 4.196052 -0.200000 71.000000
v 4.586966 -0.200000 70.000000
v 17.399915 -0.160000 70.000000
v 16.750215 -0.200000 71.000000
v 17.046472 -0.160000 71.000000
v 17.399915 -0.160000 70.000000
v 17.103658 -0.200000 70.000000
v 16.750215 -0.200000 71.000000
v 3.986850 -0.160000 71.000000
v 3.557298 -0.160000 72.000000
v 4.197186 -0.200000 72.000000
v 3.986850 -0.160000 71.000000
v 4.197186 -0.200000 72.000000
v 4.626739 -0.200000 71.000000
v 17.046472 -0.160000 71.000000
v 16.075040 -0.200000 72.000000
v 16.661157 -0.160000 72.000000
v 17.046472 -0.160000 71.000000
v 16.460355 -0.200000 71.000000
v 16.075040 -0.200000 72.000000
v -3.539755 0.000000 -48.000000
v -2.716397 0.000000 -48.000000
v -2.710237 -0.145180 -48.321568
v -3.539755 0.000000 -48.000000
v -2.710237 -0.145180 -48.321568
v -3.530542 -0.163358 -48.885320
v -3.530542 -0.163358 -48.885320
v -2.710237 -0.145180 -48.321568
v -2.710237 -0.390000 -48.321568
v -3.530542 -0.163358 -48.885320
v -2.710237 -0.390000 -48.321568
v -3.530542 -0.390000 -48.885320
v -2.716397 0.000000 -48.000000
v -1.893038 0.000000 -48.000000
v -1.876867 -0.169234 -48.902331
v -2.716397 0.000000 -48.000000
v -1.876867 -0.169234 -48.902331
v -2.710237 -0.145180 -48.321568
v -2.710237 -0.145180 -48.321568
v -1.876867 -0.169234 -48.902331
v -1.876867 -0.390000 -48.902331
v -2.710237 -0.145180 -48.321568
v -1.876867 -0.390000 -48.902331
v -2.710237 -0.390000 -48.321568
v -1.893038 0.000000 -48.000000
v -1.069680 0.000000 -48.000000
v -1.061797 -0.172688 -48.293812
v -1.893038 0.000000 -48.000000
v -1.061797 -0.172688 -48.293812
v -1.876867 -0.169234 -48.902331
v -1.876867 -0.169234 -48.902331
v -1.061797 -0.172688 -48.293812
v -1.061797 -0.390000 -48.293812
v -1.876867 -0.169234 -48.902331
v -1.061797 -0.390000 -48.293812
v -1.876867 -0.390000 -48.902331
v -1.069680 0.000000 -48.000000
v -0.246321 0.000000 -48.000000
v -0.220109 -0.226647 -49.086133
v -1.069680 0.000000 -48.000000
v -0.220109 -0.226647 -49.086133
v -1.061797 -0.172688 -48.293812
v -1.061797 -0.172688 -48.293812
v -0.220109 -0.226647 -49.086133
v -0.220109 -0.390000 -49.086133
v -1.061797 -0.172688 -48.293812
v -0.220109 -0.390000 -49.086133
v -1.061797 -0.390000 -48.293812
v -0.246321 0.000000 -48.000000
v 0.577037 0.000000 -48.000000
v 0.595052 -0.225319 -48.561186
v -0.246321 0.000000 -48.000000
v 0.595052 -0.225319 -48.561186
v -0.220109 -0.226647 -49.086133
v -0.220109 -0.226647 -49.086133
v 0.595052 -0.225319 -48.561186
v 0.595052 -0.390000 -48.561186
v -0.220109 -0.226647 -49.086133
v 0.595052 -0.390000 -48.561186
v -0.220109 -0.390000 -49.086133
v 0.577037 0.000000 -48.000000
v 1.400395 0.000000 -48.000000
v 1.420044 -0.101811 -48.546034
v 0.577037 0.000000 -48.000000
v 1.420044 -0.101811 -48.546034
v 0.595052 -0.225319 -48.561186
v 0.595052 -0.225319 -48.561186
v 1.420044 -0.101811 -48.546034
v 1.420044 -0.390000 -48.546034
v 0.595052 -0.225319 -48.561186
v 1.420044 -0.390000 -48.546034
v 0.595052 -0.390000 -48.561186
v 1.400395 0.000000 -48.000000
v 2.223754 0.000000 -48.000000
v 2.257340 -0.102285 -48.906566
v 1.400395 0.000000 -48.000000
v 2.257340 -0.102285 -48.906566
v 1.420044 -0.101811 -48.546034
v 1.420044 -0.101811 -48.546034
v 2.257340 -0.102285 -48.906566
v 2.257340 -0.390000 -48.906566
v 1.420044 -0.101811 -48.546034
v 2.257340 -0.390000 -48.906566
v 1.420044 -0.390000 -48.546034
v 2.223754 0.000000 -48.000000
v 3.047112 0.000000 -48.000000
v 3.109265 -0.133460 -49.784512
v 2.223754 0.000000 -48.000000
v 3.109265 -0.133460 -49.784512
v 2.257340 -0.102285 -48.906566
v 2.257340 -0.102285 -48.906566
v 3.109265 -0.133460 -49.784512
v 3.109265 -0.390000 -49.784512
v 2.257340 -0.102285 -48.906566
v 3.109265 -0.390000 -49.784512
v 2.257340 -0.390000 -48.906566
v 3.047112 0.000000 -48.000000
v 3.870470 0.000000 -48.000000
v 3.892763 -0.221445 -48.465860
v 3.047112 0.000000 -48.000000
v 3.892763 -0.221445 -48.465860
v 3.109265 -0.133460 -49.784512
v 3.109265 -0.133460 -49.784512
v 3.892763 -0.221445 -48.465860
v 3.892763 -0.390000 -48.465860
v 3.109265 -0.133460 -49.784512
v 3.892763 -0.390000 -48.465860
v 3.109265 -0.390000 -49.784512
v 3.870470 0.000000 -48.000000
v 4.693829 0.000000 -48.000000
v 4.766405 -0.115131 -49.665681
v 3.870470 0.000000 -48.000000
v 4.766405 -0.115131 -49.665681
v 3.892763 -0.221445 -48.465860
v 3.892763 -0.221445 -48.465860
v 4.766405 -0.115131 -49.665681
v 4.766405 -0.390000 -49.665681
v 3.892763 -0.221445 -48.465860
v 4.766405 -0.390000 -49.665681
v 3.892763 -0.390000 -48.465860
v 4.693829 0.000000 -48.000000
v 5.517187 0.000000 -48.000000
v 5.581416 -0.207309 -49.286877
v 4.693829 0.000000 -48.000000
v 5.581416 -0.207309 -49.286877
v 4.766405 -0.115131 -49.665681
v 4.766405 -0.115131 -49.665681
v 5.581416 -0.207309 -49.286877
v 5.581416 -0.390000 -49.286877
v 4.766405 -0.115131 -49.665681
v 5.581416 -0.390000 -49.286877
v 4.766405 -0.390000 -49.665681
v 5.517187 0.000000 -48.000000
v 6.340546 0.000000 -48.000000
v 6.368290 -0.110477 -48.469694
v 5.517187 0.000000 -48.000000
v 6.368290 -0.110477 -48.469694
v 5.581416 -0.207309 -49.286877
v 5.581416 -0.207309 -49.286877
v 6.368290 -0.110477 -48.469694
v 6.368290 -0.390000 -48.469694
v 5.581416 -0.207309 -49.286877
v 6.368290 -0.390000 -48.469694
v 5.581416 -0.390000 -49.286877
v 6.340546 0.000000 -48.000000
v 7.163904 0.000000 -48.000000
v 7.176610 -0.166258 -48.196655
v 6.340546 0.000000 -48.000000
v 7.176610 -0.166258 -48.196655
v 6.368290 -0.110477 -48.469694
v 6.368290 -0.110477 -48.469694
v 7.176610 -0.166258 -48.196655
v 7.176610 -0.390000 -48.196655
v 6.368290 -0.110477 -48.469694
v 7.176610 -0.390000 -48.196655
v 6.368290 -0.390000 -48.469694
v 7.163904 0.000000 -48.000000
v 7.987262 0.000000 -48.000000
v 8.070422 -0.234315 -49.358522
v 7.163904 0.000000 -48.000000
v 8.070422 -0.234315 -49.358522
v 7.176610 -0.166258 -48.196655
v 7.176610 -0.166258 -48.196655
v 8.070422 -0.234315 -49.358522
v 8.070422 -0.390000 -49.358522
v 7.176610 -0.166258 -48.196655
v 8.070422 -0.390000 -49.358522
v 7.176610 -0.390000 -48.196655
v 7.987262 0.000000 -48.000000
v 8.810621 0.000000 -48.000000
v 8.860502 -0.237549 -48.725283
v 7.987262 0.000000 -48.000000
v 8.860502 -0.237549 -48.725283
v 8.070422 -0.234315 -49.358522
v 8.070422 -0.234315 -49.358522
v 8.860502 -0.237549 -48.725283
v 8.860502 -0.390000 -48.725283
v 8.070422 -0.234315 -49.358522
v 8.860502 -0.390000 -48.725283
v 8.070422 -0.390000 -49.358522
v 8.810621 0.000000 -48.000000
v 9.633979 0.000000 -48.000000
v 9.743517 -0.145494 -49.618528
v 8.810621 0.000000 -48.000000
v 9.743517 -0.145494 -49.618528
v 8.860502 -0.237549 -48.725283
v 8.860502 -0.237549 -48.725283
v 9.743517 -0.145494 -49.618528
v 9.743517 -0.390000 -49.618528
v 8.860502 -0.237549 -48.725283
v 9.743517 -0.390000 -49.618528
v 8.860502 -0.390000 -48.725283
v -1.743394 -0.225421 -51.138083
v -1.194380 -0.231120 -51.305367
v -1.773508 -0.268792 -51.540844
v -1.773508 -0.268792 -51.540844
v -1.194380 -0.231120 -51.305367
v -1.194380 -0.390000 -51.305367
v -1.773508 -0.268792 -51.540844
v -1.194380 -0.390000 -51.305367
v -1.773508 -0.390000 -51.540844
v -1.743394 -0.225421 -51.138083
v -1.412328 -0.244932 -50.823009
v -1.194380 -0.231120 -51.305367
v -1.194380 -0.231120 -51.305367
v -1.412328 -0.244932 -50.823009
v -1.412328 -0.390000 -50.823009
v -1.194380 -0.231120 -51.305367
v -1.412328 -0.390000 -50.823009
v -1.194380 -0.390000 -51.305367
v -1.743394 -0.225421 -51.138083
v -2.055244 -0.237445 -50.758644
v -1.412328 -0.244932 -50.823009
v -1.412328 -0.244932 -50.823009
v -2.055244 -0.237445 -50.758644
v -2.055244 -0.390000 -50.758644
v -1.412328 -0.244932 -50.823009
v -2.055244 -0.390000 -50.758644
v -1.412328 -0.390000 -50.823009
v -1.743394 -0.225421 -51.138083
v -2.260328 -0.270972 -51.243579
v -2.055244 -0.237445 -50.758644
v -2.055244 -0.237445 -50.758644
v -2.260328 -0.270972 -51.243579
v -2.260328 -0.390000 -51.243579
v -2.055244 -0.237445 -50.758644
v -2.260328 -0.390000 -51.243579
v -2.055244 -0.390000 -50.758644
v -1.743394 -0.225421 -51.138083
v -1.773508 -0.268792 -51.540844
v -2.260328 -0.270972 -51.243579
v -2.260328 -0.270972 -51.243579
v -1.773508 -0.268792 -51.540844
v -1.773508 -0.390000 -51.540844
v -2.260328 -0.270972 -51.243579
v -1.773508 -0.390000 -51.540844
v -2.260328 -0.390000 -51.243579
v 0.498042 -0.173956 -49.995653
v 0.586043 -0.185617 -50.349160
v 0.196023 -0.202617 -50.272060
v 0.196023 -0.202617 -50.272060
v 0.586043 -0.185617 -50.349160
v 0.586043 -0.390000 -50.349160
v 0.196023 -0.202617 -50.272060
v 0.586043 -0.390000 -50.349160
v 0.196023 -0.390000 -50.272060
v 0.498042 -0.173956 -49.995653
v 0.932294 -0.213335 -50.172602
v 0.586043 -0.185617 -50.349160
v 0.586043 -0.185617 -50.349160
v 0.932294 -0.213335 -50.172602
v 0.932294 -0.390000 -50.172602
v 0.586043 -0.185617 -50.349160
v 0.932294 -0.390000 -50.172602
v 0.586043 -0.390000 -50.349160
v 0.498042 -0.173956 -49.995653
v 0.959590 -0.183611 -49.836529
v 0.932294 -0.213335 -50.172602
v 0.932294 -0.213335 -50.172602
v 0.959590 -0.183611 -49.836529
v 0.959590 -0.390000 -49.836529
v 0.932294 -0.213335 -50.172602
v 0.959590 -0.390000 -49.836529
v 0.932294 -0.390000 -50.172602
v 0.498042 -0.173956 -49.995653
v 0.597284 -0.191947 -49.701130
v 0.959590 -0.183611 -49.836529
v 0.959590 -0.183611 -49.836529
v 0.597284 -0.191947 -49.701130
v 0.597284 -0.390000 -49.701130
v 0.959590 -0.183611 -49.836529
v 0.597284 -0.390000 -49.701130
v 0.959590 -0.390000 -49.836529
v 0.498042 -0.173956 -49.995653
v 0.257046 -0.196034 -49.743487
v 0.597284 -0.191947 -49.701130
v 0.597284 -0.191947 -49.701130
v 0.257046 -0.196034 -49.743487
v 0.257046 -0.390000 -49.743487
v 0.597284 -0.191947 -49.701130
v 0.257046 -0.390000 -49.743487
v 0.597284 -0.390000 -49.701130
v 0.498042 -0.173956 -49.995653
v 0.053643 -0.196207 -49.984343
v 0.257046 -0.196034 -49.743487
v 0.257046 -0.196034 -49.743487
v 0.053643 -0.196207 -49.984343
v 0.053643 -0.390000 -49.984343
v 0.257046 -0.196034 -49.743487
v 0.053643 -0.390000 -49.984343
v 0.257046 -0.390000 -49.743487
v 0.498042 -0.173956 -49.995653
v 0.196023 -0.202617 -50.272060
v 0.053643 -0.196207 -49.984343
v 0.053643 -0.196207 -49.984343
v 0.196023 -0.202617 -50.272060
v 0.196023 -0.390000 -50.272060
v 0.053643 -0.196207 -49.984343
v 0.196023 -0.390000 -50.272060
v 0.053643 -0.390000 -49.984343
v 3.297332 -0.209558 -49.966118
v 2.812476 -0.251537 -49.782411
v 3.197084 -0.219556 -49.618097
v 3.197084 -0.219556 -49.618097
v 2.812476 -0.251537 -49.782411
v 2.812476 -0.390000 -49.782411
v 3.197084 -0.219556 -49.618097
v 2.812476 -0.390000 -49.782411
v 3.197084 -0.390000 -49.618097
v 3.297332 -0.209558 -49.966118
v 2.887170 -0.218345 -50.118854
v 2.812476 -0.251537 -49.782411
v 2.812476 -0.251537 -49.782411
v 2.887170 -0.218345 -50.118854
v 2.887170 -0.390000 -50.118854
v 2.812476 -0.251537 -49.782411
v 2.887170 -0.390000 -50.118854
v 2.812476 -0.390000 -49.782411
v 3.297332 -0.209558 -49.966118
v 3.187731 -0.216251 -50.334907
v 2.887170 -0.218345 -50.118854
v 2.887170 -0.218345 -50.118854
v 3.187731 -0.216251 -50.334907
v 3.187731 -0.390000 -50.334907
v 2.887170 -0.218345 -50.118854
v 3.187731 -0.390000 -50.334907
v 2.887170 -0.390000 -50.118854
v 3.297332 -0.209558 -49.966118
v 3.641403 -0.230051 -50.304999
v 3.187731 -0.216251 -50.334907
v 3.187731 -0.216251 -50.334907
v 3.641403 -0.230051 -50.304999
v 3.641403 -0.390000 -50.304999
v 3.187731 -0.216251 -50.334907
v 3.641403 -0.390000 -50.304999
v 3.187731 -0.390000 -50.334907
v 3.297332 -0.209558 -49.966118
v 3.804318 -0.241881 -49.967458
v 3.641403 -0.230051 -50.304999
v 3.641403 -0.230051 -50.304999
v 3.804318 -0.241881 -49.967458
v 3.804318 -0.390000 -49.967458
v 3.641403 -0.230051 -50.304999
v 3.804318 -0.390000 -49.967458
v 3.641403 -0.390000 -50.304999
v 3.297332 -0.209558 -49.966118
v 3.652274 -0.244617 -49.621357
v 3.804318 -0.241881 -49.967458
v 3.804318 -0.241881 -49.967458
v 3.652274 -0.244617 -49.621357
v 3.652274 -0.390000 -49.621357
v 3.804318 -0.241881 -49.967458
v 3.652274 -0.390000 -49.621357
v 3.804318 -0.390000 -49.967458
v 3.297332 -0.209558 -49.966118
v 3.197084 -0.219556 -49.618097
v 3.652274 -0.244617 -49.621357
v 3.652274 -0.244617 -49.621357
v 3.197084 -0.219556 -49.618097
v 3.197084 -0.390000 -49.618097
v 3.652274 -0.244617 -49.621357
v 3.197084 -0.390000 -49.618097
v 3.652274 -0.390000 -49.621357
v 5.750461 -0.209747 -50.969368
v 5.814444 -0.260607 -50.619975
v 6.212552 -0.264245 -50.824688
v 6.212552 -0.264245 -50.824688
v 5.814444 -0.260607 -50.619975
v 5.814444 -0.390000 -50.619975
v 6.212552 -0.264245 -50.824688
v 5.814444 -0.390000 -50.619975
v 6.212552 -0.390000 -50.824688
v 5.750461 -0.209747 -50.969368
v 5.382918 -0.229566 -50.744345
v 5.814444 -0.260607 -50.619975
v 5.814444 -0.260607 -50.619975
v 5.382918 -0.229566 -50.744345
v 5.382918 -0.390000 -50.744345
v 5.814444 -0.260607 -50.619975
v 5.382918 -0.390000 -50.744345
v 5.814444 -0.390000 -50.619975
v 5.750461 -0.209747 -50.969368
v 5.288659 -0.232009 -51.113958
v 5.382918 -0.229566 -50.744345
v 5.382918 -0.229566 -50.744345
v 5.288659 -0.232009 -51.113958
v 5.288659 -0.390000 -51.113958
v 5.382918 -0.229566 -50.744345
v 5.288659 -0.390000 -51.113958
v 5.382918 -0.390000 -50.744345
v 5.750461 -0.209747 -50.969368
v 5.681555 -0.257211 -51.345644
v 5.288659 -0.232009 -51.113958
v 5.288659 -0.232009 -51.113958
v 5.681555 -0.257211 -51.345644
v 5.681555 -0.390000 -51.345644
v 5.288659 -0.232009 -51.113958
v 5.681555 -0.390000 -51.345644
v 5.288659 -0.390000 -51.113958
v 5.750461 -0.209747 -50.969368
v 6.146422 -0.251078 -51.211789
v 5.681555 -0.257211 -51.345644
v 5.681555 -0.257211 -51.345644
v 6.146422 -0.251078 -51.211789
v 6.146422 -0.390000 -51.211789
v 5.681555 -0.257211 -51.345644
v 6.146422 -0.390000 -51.211789
v 5.681555 -0.390000 -51.345644
v 5.750461 -0.209747 -50.969368
v 6.212552 -0.264245 -50.824688
v 6.146422 -0.251078 -51.211789
v 6.146422 -0.251078 -51.211789
v 6.212552 -0.264245 -50.824688
v 6.212552 -0.390000 -50.824688
v 6.146422 -0.251078 -51.211789
v 6.212552 -0.390000 -50.824688
v 6.146422 -0.390000 -51.211789
v 8.446469 -0.200983 -50.391043
v 8.179105 -0.245040 -50.404677
v 8.341667 -0.225965 -50.186048
v 8.341667 -0.225965 -50.186048
v 8.179105 -0.245040 -50.404677
v 8.179105 -0.390000 -50.404677
v 8.341667 -0.225965 -50.186048
v 8.179105 -0.390000 -50.404677
v 8.341667 -0.390000 -50.186048
v 8.446469 -0.200983 -50.391043
v 8.360761 -0.228945 -50.654090
v 8.179105 -0.245040 -50.404677
v 8.179105 -0.245040 -50.404677
v 8.360761 -0.228945 -50.654090
v 8.360761 -0.390000 -50.654090
v 8.179105 -0.245040 -50.404677
v 8.360761 -0.390000 -50.654090
v 8.179105 -0.390000 -50.404677
v 8.446469 -0.200983 -50.391043
v 8.683611 -0.218821 -50.507794
v 8.360761 -0.228945 -50.654090
v 8.360761 -0.228945 -50.654090
v 8.683611 -0.218821 -50.507794
v 8.683611 -0.390000 -50.507794
v 8.360761 -0.228945 -50.654090
v 8.683611 -0.390000 -50.507794
v 8.360761 -0.390000 -50.654090
v 8.446469 -0.200983 -50.391043
v 8.675862 -0.237348 -50.242282
v 8.683611 -0.218821 -50.507794
v 8.683611 -0.218821 -50.507794
v 8.675862 -0.237348 -50.242282
v 8.675862 -0.390000 -50.242282
v 8.683611 -0.218821 -50.507794
v 8.675862 -0.390000 -50.242282
v 8.683611 -0.390000 -50.507794
v 8.446469 -0.200983 -50.391043
v 8.341667 -0.225965 -50.186048
v 8.675862 -0.237348 -50.242282
v 8.675862 -0.237348 -50.242282
v 8.341667 -0.225965 -50.186048
v 8.341667 -0.390000 -50.186048
v 8.675862 -0.237348 -50.242282
v 8.341667 -0.390000 -50.186048
v 8.675862 -0.390000 -50.242282
v -6.374702 0.000000 -32.000000
v -5.681951 -0.120761 -31.539255
v -5.554714 0.000000 -32.000000
v -6.374702 0.000000 -32.000000
v -6.786997 -0.146070 -30.514480
v -5.681951 -0.120761 -31.539255
v -6.786997 -0.146070 -30.514480
v -5.681951 -0.390000 -31.539255
v -5.681951 -0.120761 -31.539255
v -6.786997 -0.146070 -30.514480
v -6.786997 -0.390000 -30.514480
v -5.681951 -0.390000 -31.539255
v -5.554714 0.000000 -32.000000
v -4.965266 -0.160805 -31.152588
v -4.734727 0.000000 -32.000000
v -5.554714 0.000000 -32.000000
v -5.681951 -0.120761 -31.539255
v -4.965266 -0.160805 -31.152588
v -5.681951 -0.120761 -31.539255
v -4.965266 -0.390000 -31.152588
v -4.965266 -0.160805 -31.152588
v -5.681951 -0.120761 -31.539255
v -5.681951 -0.390000 -31.539255
v -4.965266 -0.390000 -31.152588
v -4.734727 0.000000 -32.000000
v -4.169593 -0.226292 -31.050347
v -3.914739 0.000000 -32.000000
v -4.734727 0.000000 -32.000000
v -4.965266 -0.160805 -31.152588
v -4.169593 -0.226292 -31.050347
v -4.965266 -0.160805 -31.152588
v -4.169593 -0.390000 -31.050347
v -4.169593 -0.226292 -31.050347
v -4.965266 -0.160805 -31.152588
v -4.965266 -0.390000 -31.152588
v -4.169593 -0.390000 -31.050347
v -3.914739 0.000000 -32.000000
v -3.328459 -0.160464 -31.118375
v -3.094752 0.000000 -32.000000
v -3.914739 0.000000 -32.000000
v -4.169593 -0.226292 -31.050347
v -3.328459 -0.160464 -31.118375
v -4.169593 -0.226292 -31.050347
v -3.328459 -0.390000 -31.118375
v -3.328459 -0.160464 -31.118375
v -4.169593 -0.226292 -31.050347
v -4.169593 -0.390000 -31.050347
v -3.328459 -0.390000 -31.118375
v -3.094752 0.000000 -32.000000
v -2.370420 -0.158483 -31.636192
v -2.274765 0.000000 -32.000000
v -3.094752 0.000000 -32.000000
v -3.328459 -0.160464 -31.118375
v -2.370420 -0.158483 -31.636192
v -3.328459 -0.160464 -31.118375
v -2.370420 -0.390000 -31.636192
v -2.370420 -0.158483 -31.636192
v -3.328459 -0.160464 -31.118375
v -3.328459 -0.390000 -31.118375
v -2.370420 -0.390000 -31.636192
v -2.274765 0.000000 -32.000000
v -1.773279 -0.206637 -30.760914
v -1.454777 0.000000 -32.000000
v -2.274765 0.000000 -32.000000
v -2.370420 -0.158483 -31.636192
v -1.773279 -0.206637 -30.760914
v -2.370420 -0.158483 -31.636192
v -1.773279 -0.390000 -30.760914
v -1.773279 -0.206637 -30.760914
v -2.370420 -0.158483 -31.636192
v -2.370420 -0.390000 -31.636192
v -1.773279 -0.390000 -30.760914
v -1.454777 0.000000 -32.000000
v -0.780613 -0.153949 -31.429687
v -0.634790 0.000000 -32.000000
v -1.454777 0.000000 -32.000000
v -1.773279 -0.206637 -30.760914
v -0.780613 -0.153949 -31.429687
v -1.773279 -0.206637 -30.760914
v -0.780613 -0.390000 -31.429687
v -0.780613 -0.153949 -31.429687
v -1.773279 -0.206637 -30.760914
v -1.773279 -0.390000 -30.760914
v -0.780613 -0.390000 -31.429687
v -0.634790 0.000000 -32.000000
v -0.126950 -0.186203 -30.751298
v 0.185198 0.000000 -32.000000
v -0.634790 0.000000 -32.000000
v -0.780613 -0.153949 -31.429687
v -0.126950 -0.186203 -30.751298
v -0.780613 -0.153949 -31.429687
v -0.126950 -0.390000 -30.751298
v -0.126950 -0.186203 -30.751298
v -0.780613 -0.153949 -31.429687
v -0.780613 -0.390000 -31.429687
v -0.126950 -0.390000 -30.751298
v 0.185198 0.000000 -32.000000
v 0.913617 -0.206781 -31.633075
v 1.005185 0.000000 -32.000000
v 0.185198 0.000000 -32.000000
v -0.126950 -0.186203 -30.751298
v 0.913617 -0.206781 -31.633075
v -0.126950 -0.186203 -30.751298
v 0.913617 -0.390000 -31.633075
v 0.913617 -0.206781 -31.633075
v -0.126950 -0.186203 -30.751298
v -0.126950 -0.390000 -30.751298
v 0.913617 -0.390000 -31.633075
v 1.005185 0.000000 -32.000000
v 1.722103 -0.113842 -31.581097
v 1.825173 0.000000 -32.000000
v 1.005185 0.000000 -32.000000
v 0.913617 -0.206781 -31.633075
v 1.722103 -0.113842 -31.581097
v 0.913617 -0.206781 -31.633075
v 1.722103 -0.390000 -31.581097
v 1.722103 -0.113842 -31.581097
v 0.913617 -0.206781 -31.633075
v 0.913617 -0.390000 -31.633075
v 1.722103 -0.390000 -31.581097
v 1.825173 0.000000 -32.000000
v 2.385171 -0.118082 -30.917374
v 2.645160 0.000000 -32.000000
v 1.825173 0.000000 -32.000000
v 1.722103 -0.113842 -31.581097
v 2.385171 -0.118082 -30.917374
v 1.722103 -0.113842 -31.581097
v 2.385171 -0.390000 -30.917374
v 2.385171 -0.118082 -30.917374
v 1.722103 -0.113842 -31.581097
v 1.722103 -0.390000 -31.581097
v 2.385171 -0.390000 -30.917374
v 2.645160 0.000000 -32.000000
v 3.195584 -0.229021 -30.859736
v 3.465148 0.000000 -32.000000
v 2.645160 0.000000 -32.000000
v 2.385171 -0.118082 -30.917374
v 3.195584 -0.229021 -30.859736
v 2.385171 -0.118082 -30.917374
v 3.195584 -0.390000 -30.859736
v 3.195584 -0.229021 -30.859736
v 2.385171 -0.118082 -30.917374
v 2.385171 -0.390000 -30.917374
v 3.195584 -0.390000 -30.859736
v 3.465148 0.000000 -32.000000
v 4.119274 -0.164043 -31.293719
v 4.285135 0.000000 -32.000000
v 3.465148 0.000000 -32.000000
v 3.195584 -0.229021 -30.859736
v 4.119274 -0.164043 -31.293719
v 3.195584 -0.229021 -30.859736
v 4.119274 -0.390000 -31.293719
v 4.119274 -0.164043 -31.293719
v 3.195584 -0.229021 -30.859736
v 3.195584 -0.390000 -30.859736
v 4.119274 -0.390000 -31.293719
v 4.285135 0.000000 -32.000000
v 4.775936 -0.239018 -30.555338
v 5.105122 0.000000 -32.000000
v 4.285135 0.000000 -32.000000
v 4.119274 -0.164043 -31.293719
v 4.775936 -0.239018 -30.555338
v 4.119274 -0.164043 -31.293719
v 4.775936 -0.390000 -30.555338
v 4.775936 -0.239018 -30.555338
v 4.119274 -0.164043 -31.293719
v 4.119274 -0.390000 -31.293719
v 4.775936 -0.390000 -30.555338
v 5.105122 0.000000 -32.000000
v 5.744983 -0.131215 -31.208666
v 5.925110 0.000000 -32.000000
v 5.105122 0.000000 -32.000000
v 4.775936 -0.239018 -30.555338
v 5.744983 -0.131215 -31.208666
v 4.775936 -0.239018 -30.555338
v 5.744983 -0.390000 -31.208666
v 5.744983 -0.131215 -31.208666
v 4.775936 -0.239018 -30.555338
v 4.775936 -0.390000 -30.555338
v 5.744983 -0.390000 -31.208666
v 5.925110 0.000000 -32.000000
v 6.545917 -0.189772 -31.109643
v 6.745097 0.000000 -32.000000
v 5.925110 0.000000 -32.000000
v 5.744983 -0.131215 -31.208666
v 6.545917 -0.189772 -31.109643
v 5.744983 -0.131215 -31.208666
v 6.545917 -0.390000 -31.109643
v 6.545917 -0.189772 -31.109643
v 5.744983 -0.131215 -31.208666
v 5.744983 -0.390000 -31.208666
v 6.545917 -0.390000 -31.109643
v -5.413543 -0.193235 -30.028644
v -5.546995 -0.248144 -29.594274
v -4.903669 -0.236299 -29.785160
v -4.903669 -0.236299 -29.785160
v -5.546995 -0.248144 -29.594274
v -5.546995 -0.390000 -29.594274
v -4.903669 -0.236299 -29.785160
v -5.546995 -0.390000 -29.594274
v -4.903669 -0.390000 -29.785160
v -5.413543 -0.193235 -30.028644
v -6.068604 -0.232121 -29.988218
v -5.546995 -0.248144 -29.594274
v -5.546995 -0.248144 -29.594274
v -6.068604 -0.232121 -29.988218
v -6.068604 -0.390000 -29.988218
v -5.546995 -0.248144 -29.594274
v -6.068604 -0.390000 -29.988218
v -5.546995 -0.390000 -29.594274
v -5.413543 -0.193235 -30.028644
v -5.625106 -0.206874 -30.426568
v -6.068604 -0.232121 -29.988218
v -6.068604 -0.232121 -29.988218
v -5.625106 -0.206874 -30.426568
v -5.625106 -0.390000 -30.426568
v -6.068604 -0.232121 -29.988218
v -5.625106 -0.390000 -30.426568
v -6.068604 -0.390000 -29.988218
v -5.413543 -0.193235 -30.028644
v -4.918464 -0.235355 -30.358735
v -5.625106 -0.206874 -30.426568
v -5.625106 -0.206874 -30.426568
v -4.918464 -0.235355 -30.358735
v -4.918464 -0.390000 -30.358735
v -5.625106 -0.206874 -30.426568
v -4.918464 -0.390000 -30.358735
v -5.625106 -0.390000 -30.426568
v -5.413543 -0.193235 -30.028644
v -4.903669 -0.236299 -29.785160
v -4.918464 -0.235355 -30.358735
v -4.918464 -0.235355 -30.358735
v -4.903669 -0.236299 -29.785160
v -4.903669 -0.390000 -29.785160
v -4.918464 -0.235355 -30.358735
v -4.903669 -0.390000 -29.785160
v -4.918464 -0.390000 -30.358735
v -3.223905 -0.172073 -29.457329
v -3.281849 -0.218821 -28.944795
v -2.714560 -0.185119 -29.178736
v -2.714560 -0.185119 -29.178736
v -3.281849 -0.218821 -28.944795
v -3.281849 -0.390000 -28.944795
v -2.714560 -0.185119 -29.178736
v -3.281849 -0.390000 -28.944795
v -2.714560 -0.390000 -29.178736
v -3.223905 -0.172073 -29.457329
v -3.831277 -0.191853 -29.236812
v -3.281849 -0.218821 -28.944795
v -3.281849 -0.218821 -28.944795
v -3.831277 -0.191853 -29.236812
v -3.831277 -0.390000 -29.236812
v -3.281849 -0.218821 -28.944795
v -3.831277 -0.390000 -29.236812
v -3.281849 -0.390000 -28.944795
v -3.223905 -0.172073 -29.457329
v -3.732772 -0.206249 -29.735659
v -3.831277 -0.191853 -29.236812
v -3.831277 -0.191853 -29.236812
v -3.732772 -0.206249 -29.735659
v -3.732772 -0.390000 -29.735659
v -3.831277 -0.191853 -29.236812
v -3.732772 -0.390000 -29.735659
v -3.831277 -0.390000 -29.236812
v -3.223905 -0.172073 -29.457329
v -3.166063 -0.178776 -29.968965
v -3.732772 -0.206249 -29.735659
v -3.732772 -0.206249 -29.735659
v -3.166063 -0.178776 -29.968965
v -3.166063 -0.390000 -29.968965
v -3.732772 -0.206249 -29.735659
v -3.166063 -0.390000 -29.968965
v -3.732772 -0.390000 -29.735659
v -3.223905 -0.172073 -29.457329
v -2.703933 -0.208584 -29.646114
v -3.166063 -0.178776 -29.968965
v -3.166063 -0.178776 -29.968965
v -2.703933 -0.208584 -29.646114
v -2.703933 -0.390000 -29.646114
v -3.166063 -0.178776 -29.968965
v -2.703933 -0.390000 -29.646114
v -3.166063 -0.390000 -29.968965
v -3.223905 -0.172073 -29.457329
v -2.714560 -0.185119 -29.178736
v -2.703933 -0.208584 -29.646114
v -2.703933 -0.208584 -29.646114
v -2.714560 -0.185119 -29.178736
v -2.714560 -0.390000 -29.178736
v -2.703933 -0.208584 -29.646114
v -2.714560 -0.390000 -29.178736
v -2.703933 -0.390000 -29.646114
v -1.001657 -0.194102 -29.262894
v -1.269668 -0.245346 -29.349159
v -1.240543 -0.206905 -29.119524
v -1.240543 -0.206905 -29.119524
v -1.269668 -0.245346 -29.349159
v -1.269668 -0.390000 -29.349159
v -1.240543 -0.206905 -29.119524
v -1.269668 -0.390000 -29.349159
v -1.240543 -0.390000 -29.119524
v -1.001657 -0.194102 -29.262894
v -1.042925 -0.215897 -29.504908
v -1.269668 -0.245346 -29.349159
v -1.269668 -0.245346 -29.349159
v -1.042925 -0.215897 -29.504908
v -1.042925 -0.390000 -29.504908
v -1.269668 -0.245346 -29.349159
v -1.042925 -0.390000 -29.504908
v -1.269668 -0.390000 -29.349159
v -1.001657 -0.194102 -29.262894
v -0.719583 -0.225132 -29.432185
v -1.042925 -0.215897 -29.504908
v -1.042925 -0.215897 -29.504908
v -0.719583 -0.225132 -29.432185
v -0.719583 -0.390000 -29.432185
v -1.042925 -0.215897 -29.504908
v -0.719583 -0.390000 -29.432185
v -1.042925 -0.390000 -29.504908
v -1.001657 -0.194102 -29.262894
v -0.703554 -0.226075 -29.166943
v -0.719583 -0.225132 -29.432185
v -0.719583 -0.225132 -29.432185
v -0.703554 -0.226075 -29.166943
v -0.703554 -0.390000 -29.166943
v -0.719583 -0.225132 -29.432185
v -0.703554 -0.390000 -29.166943
v -0.719583 -0.390000 -29.432185
v -1.001657 -0.194102 -29.262894
v -0.963898 -0.211477 -29.041456
v -0.703554 -0.226075 -29.166943
v -0.703554 -0.226075 -29.166943
v -0.963898 -0.211477 -29.041456
v -0.963898 -0.390000 -29.041456
v -0.703554 -0.226075 -29.166943
v -0.963898 -0.390000 -29.041456
v -0.703554 -0.390000 -29.166943
v -1.001657 -0.194102 -29.262894
v -1.240543 -0.206905 -29.119524
v -0.963898 -0.211477 -29.041456
v -0.963898 -0.211477 -29.041456
v -1.240543 -0.206905 -29.119524
v -1.240543 -0.390000 -29.119524
v -0.963898 -0.211477 -29.041456
v -1.240543 -0.390000 -29.119524
v -0.963898 -0.390000 -29.041456
v 1.328376 -0.183939 -29.025634
v 0.970515 -0.234379 -29.143944
v 1.033735 -0.229979 -28.852261
v 1.033735 -0.229979 -28.852261
v 0.970515 -0.234379 -29.143944
v 0.970515 -0.390000 -29.143944
v 1.033735 -0.229979 -28.852261
v 0.970515 -0.390000 -29.143944
v 1.033735 -0.390000 -28.852261
v 1.328376 -0.183939 -29.025634
v 1.292173 -0.237619 -29.254612
v 0.970515 -0.234379 -29.143944
v 0.970515 -0.234379 -29.143944
v 1.292173 -0.237619 -29.254612
v 1.292173 -0.390000 -29.254612
v 0.970515 -0.234379 -29.143944
v 1.292173 -0.390000 -29.254612
v 0.970515 -0.390000 -29.143944
v 1.328376 -0.183939 -29.025634
v 1.589227 -0.236140 -29.179125
v 1.292173 -0.237619 -29.254612
v 1.292173 -0.237619 -29.254612
v 1.589227 -0.236140 -29.179125
v 1.589227 -0.390000 -29.179125
v 1.292173 -0.237619 -29.254612
v 1.589227 -0.390000 -29.179125
v 1.292173 -0.390000 -29.254612
v 1.328376 -0.183939 -29.025634
v 1.608915 -0.220540 -28.932888
v 1.589227 -0.236140 -29.179125
v 1.589227 -0.236140 -29.179125
v 1.608915 -0.220540 -28.932888
v 1.608915 -0.390000 -28.932888
v 1.589227 -0.236140 -29.179125
v 1.608915 -0.390000 -28.932888
v 1.589227 -0.390000 -29.179125
v 1.328376 -0.183939 -29.025634
v 1.367666 -0.227139 -28.777137
v 1.608915 -0.220540 -28.932888
v 1.608915 -0.220540 -28.932888
v 1.367666 -0.227139 -28.777137
v 1.367666 -0.390000 -28.777137
v 1.608915 -0.220540 -28.932888
v 1.367666 -0.390000 -28.777137
v 1.608915 -0.390000 -28.932888
v 1.328376 -0.183939 -29.025634
v 1.033735 -0.229979 -28.852261
v 1.367666 -0.227139 -28.777137
v 1.367666 -0.227139 -28.777137
v 1.033735 -0.229979 -28.852261
v 1.033735 -0.390000 -28.852261
v 1.367666 -0.227139 -28.777137
v 1.033735 -0.390000 -28.852261
v 1.367666 -0.390000 -28.777137
v 4.851606 -0.246250 -29.185831
v 5.328127 -0.285103 -29.425835
v 4.823350 -0.279871 -29.628394
v 4.823350 -0.279871 -29.628394
v 5.328127 -0.285103 -29.425835
v 5.328127 -0.390000 -29.425835
v 4.823350 -0.279871 -29.628394
v 5.328127 -0.390000 -29.425835
v 4.823350 -0.390000 -29.628394
v 4.851606 -0.246250 -29.185831
v 5.448802 -0.272333 -28.946959
v 5.328127 -0.285103 -29.425835
v 5.328127 -0.285103 -29.425835
v 5.448802 -0.272333 -28.946959
v 5.448802 -0.390000 -28.946959
v 5.328127 -0.285103 -29.425835
v 5.448802 -0.390000 -28.946959
v 5.328127 -0.390000 -29.425835
v 4.851606 -0.246250 -29.185831
v 4.881405 -0.262745 -28.719109
v 5.448802 -0.272333 -28.946959
v 5.448802 -0.272333 -28.946959
v 4.881405 -0.262745 -28.719109
v 4.881405 -0.390000 -28.719109
v 5.448802 -0.272333 -28.946959
v 4.881405 -0.390000 -28.719109
v 5.448802 -0.390000 -28.946959
v 4.851606 -0.246250 -29.185831
v 4.336448 -0.280290 -28.926367
v 4.881405 -0.262745 -28.719109
v 4.881405 -0.262745 -28.719109
v 4.336448 -0.280290 -28.926367
v 4.336448 -0.390000 -28.926367
v 4.881405 -0.262745 -28.719109
v 4.336448 -0.390000 -28.926367
v 4.881405 -0.390000 -28.719109
v 4.851606 -0.246250 -29.185831
v 4.233855 -0.268618 -29.432924
v 4.336448 -0.280290 -28.926367
v 4.336448 -0.280290 -28.926367
v 4.233855 -0.268618 -29.432924
v 4.233855 -0.390000 -29.432924
v 4.336448 -0.280290 -28.926367
v 4.233855 -0.390000 -29.432924
v 4.336448 -0.390000 -28.926367
v 4.851606 -0.246250 -29.185831
v 4.823350 -0.279871 -29.628394
v 4.233855 -0.268618 -29.432924
v 4.233855 -0.268618 -29.432924
v 4.823350 -0.279871 -29.628394
v 4.823350 -0.390000 -29.628394
v 4.233855 -0.268618 -29.432924
v 4.823350 -0.390000 -29.628394
v 4.233855 -0.390000 -29.432924
v 7.945588 0.000000 32.000000
v 8.929240 0.000000 32.000000
v 9.062607 -0.207119 31.348116
v 7.945588 0.000000 32.000000
v 9.062607 -0.207119 31.348116
v 8.175170 -0.193582 30.831293
v 8.175170 -0.193582 30.831293
v 9.062607 -0.207119 31.348116
v 9.062607 -0.390000 31.348116
v 8.175170 -0.193582 30.831293
v 9.062607 -0.390000 31.348116
v 8.175170 -0.390000 30.831293
v 8.929240 0.000000 32.000000
v 9.912892 0.000000 32.000000
v 10.083198 -0.231200 31.192707
v 8.929240 0.000000 32.000000
v 10.083198 -0.231200 31.192707
v 9.062607 -0.207119 31.348116
v 9.062607 -0.207119 31.348116
v 10.083198 -0.231200 31.192707
v 10.083198 -0.390000 31.192707
v 9.062607 -0.207119 31.348116
v 10.083198 -0.390000 31.192707
v 9.062607 -0.390000 31.348116
v 9.912892 0.000000 32.000000
v 10.896543 0.000000 32.000000
v 11.026511 -0.203887 31.404630
v 9.912892 0.000000 32.000000
v 11.026511 -0.203887 31.404630
v 10.083198 -0.231200 31.192707
v 10.083198 -0.231200 31.192707
v 11.026511 -0.203887 31.404630
v 11.026511 -0.390000 31.404630
v 10.083198 -0.231200 31.192707
v 11.026511 -0.390000 31.404630
v 10.083198 -0.390000 31.192707
v 10.896543 0.000000 32.000000
v 11.880195 0.000000 32.000000
v 11.963990 -0.133873 31.628650
v 10.896543 0.000000 32.000000
v 11.963990 -0.133873 31.628650
v 11.026511 -0.203887 31.404630
v 11.026511 -0.203887 31.404630
v 11.963990 -0.133873 31.628650
v 11.963990 -0.390000 31.628650
v 11.026511 -0.203887 31.404630
v 11.963990 -0.390000 31.628650
v 11.026511 -0.390000 31.404630
v 11.880195 0.000000 32.000000
v 12.863847 0.000000 32.000000
v 12.893812 -0.169429 31.871409
v 11.880195 0.000000 32.000000
v 12.893812 -0.169429 31.871409
v 11.963990 -0.133873 31.628650
v 11.963990 -0.133873 31.628650
v 12.893812 -0.169429 31.871409
v 12.893812 -0.390000 31.871409
v 11.963990 -0.133873 31.628650
v 12.893812 -0.390000 31.871409
v 11.963990 -0.390000 31.628650
v 12.863847 0.000000 32.000000
v 13.847499 0.000000 32.000000
v 14.065956 -0.124771 31.080838
v 12.863847 0.000000 32.000000
v 14.065956 -0.124771 31.080838
v 12.893812 -0.169429 31.871409
v 12.893812 -0.169429 31.871409
v 14.065956 -0.124771 31.080838
v 14.065956 -0.390000 31.080838
v 12.893812 -0.169429 31.871409
v 14.065956 -0.390000 31.080838
v 12.893812 -0.390000 31.871409
v 13.847499 0.000000 32.000000
v 14.831150 0.000000 32.000000
v 14.886397 -0.145693 31.775837
v 13.847499 0.000000 32.000000
v 14.886397 -0.145693 31.775837
v 14.065956 -0.124771 31.080838
v 14.065956 -0.124771 31.080838
v 14.886397 -0.145693 31.775837
v 14.886397 -0.390000 31.775837
v 14.065956 -0.124771 31.080838
v 14.886397 -0.390000 31.775837
v 14.065956 -0.390000 31.080838
v 14.831150 0.000000 32.000000
v 15.814802 0.000000 32.000000
v 16.083852 -0.130274 30.926521
v 14.831150 0.000000 32.000000
v 16.083852 -0.130274 30.926521
v 14.886397 -0.145693 31.775837
v 14.886397 -0.145693 31.775837
v 16.083852 -0.130274 30.926521
v 16.083852 -0.390000 30.926521
v 14.886397 -0.145693 31.775837
v 16.083852 -0.390000 30.926521
v 14.886397 -0.390000 31.775837
v 15.814802 0.000000 32.000000
v 16.798454 0.000000 32.000000
v 16.862197 -0.188599 31.754876
v 15.814802 0.000000 32.000000
v 16.862197 -0.188599 31.754876
v 16.083852 -0.130274 30.926521
v 16.083852 -0.130274 30.926521
v 16.862197 -0.188599 31.754876
v 16.862197 -0.390000 31.754876
v 16.083852 -0.130274 30.926521
v 16.862197 -0.390000 31.754876
v 16.083852 -0.390000 30.926521
v 16.798454 0.000000 32.000000
v 17.782106 0.000000 32.000000
v 18.231790 -0.202331 30.279508
v 16.798454 0.000000 32.000000
v 18.231790 -0.202331 30.279508
v 16.862197 -0.188599 31.754876
v 16.862197 -0.188599 31.754876
v 18.231790 -0.202331 30.279508
v 18.231790 -0.390000 30.279508
v 16.862197 -0.188599 31.754876
v 18.231790 -0.390000 30.279508
v 16.862197 -0.390000 31.754876
v 17.782106 0.000000 32.000000
v 18.765758 0.000000 32.000000
v 19.185159 -0.154878 30.439652
v 17.782106 0.000000 32.000000
v 19.185159 -0.154878 30.439652
v 18.231790 -0.202331 30.279508
v 18.231790 -0.202331 30.279508
v 19.185159 -0.154878 30.439652
v 19.185159 -0.390000 30.439652
v 18.231790 -0.202331 30.279508
v 19.185159 -0.390000 30.439652
v 18.231790 -0.390000 30.279508
v 18.765758 0.000000 32.000000
v 19.749409 0.000000 32.000000
v 20.090933 -0.113621 30.766757
v 18.765758 0.000000 32.000000
v 20.090933 -0.113621 30.766757
v 19.185159 -0.154878 30.439652
v 19.185159 -0.154878 30.439652
v 20.090933 -0.113621 30.766757
v 20.090933 -0.390000 30.766757
v 19.185159 -0.154878 30.439652
v 20.090933 -0.390000 30.766757
v 19.185159 -0.390000 30.439652
v 19.749409 0.000000 32.000000
v 20.733061 0.000000 32.000000
v 20.891389 -0.234231 31.447015
v 19.749409 0.000000 32.000000
v 20.891389 -0.234231 31.447015
v 20.090933 -0.113621 30.766757
v 20.090933 -0.113621 30.766757
v 20.891389 -0.234231 31.447015
v 20.891389 -0.390000 31.447015
v 20.090933 -0.113621 30.766757
v 20.891389 -0.390000 31.447015
v 20.090933 -0.390000 30.766757
v 20.733061 0.000000 32.000000
v 21.716713 0.000000 32.000000
v 21.881469 -0.188794 31.437835
v 20.733061 0.000000 32.000000
v 21.881469 -0.188794 31.437835
v 20.891389 -0.234231 31.447015
v 20.891389 -0.234231 31.447015
v 21.881469 -0.188794 31.437835
v 21.881469 -0.390000 31.437835
v 20.891389 -0.234231 31.447015
v 21.881469 -0.390000 31.437835
v 20.891389 -0.390000 31.447015
v 21.716713 0.000000 32.000000
v 22.700365 0.000000 32.000000
v 22.903082 -0.229522 31.322994
v 21.716713 0.000000 32.000000
v 22.903082 -0.229522 31.322994
v 21.881469 -0.188794 31.437835
v 21.881469 -0.188794 31.437835
v 22.903082 -0.229522 31.322994
v 22.903082 -0.390000 31.322994
v 21.881469 -0.188794 31.437835
v 22.903082 -0.390000 31.322994
v 21.881469 -0.390000 31.437835
v 22.700365 0.000000 32.000000
v 23.684016 0.000000 32.000000
v 23.955480 -0.177057 31.110971
v 22.700365 0.000000 32.000000
v 23.955480 -0.177057 31.110971
v 22.903082 -0.229522 31.322994
v 22.903082 -0.229522 31.322994
v 23.955480 -0.177057 31.110971
v 23.955480 -0.390000 31.110971
v 22.903082 -0.229522 31.322994
v 23.955480 -0.390000 31.110971
v 22.903082 -0.390000 31.322994
v 10.513884 -0.245818 29.978991
v 10.656386 -0.269548 29.556243
v 10.016822 -0.267478 29.729789
v 10.016822 -0.267478 29.729789
v 10.656386 -0.269548 29.556243
v 10.656386 -0.390000 29.556243
v 10.016822 -0.267478 29.729789
v 10.656386 -0.390000 29.556243
v 10.016822 -0.390000 29.729789
v 10.513884 -0.245818 29.978991
v 11.201398 -0.272461 29.948363
v 10.656386 -0.269548 29.556243
v 10.656386 -0.269548 29.556243
v 11.201398 -0.272461 29.948363
v 11.201398 -0.390000 29.948363
v 10.656386 -0.269548 29.556243
v 11.201398 -0.390000 29.948363
v 10.656386 -0.390000 29.556243
v 10.513884 -0.245818 29.978991
v 10.745222 -0.277754 30.442550
v 11.201398 -0.272461 29.948363
v 11.201398 -0.272461 29.948363
v 10.745222 -0.277754 30.442550
v 10.745222 -0.390000 30.442550
v 11.201398 -0.272461 29.948363
v 10.745222 -0.390000 30.442550
v 11.201398 -0.390000 29.948363
v 10.513884 -0.245818 29.978991
v 9.971435 -0.253881 30.324918
v 10.745222 -0.277754 30.442550
v 10.745222 -0.277754 30.442550
v 9.971435 -0.253881 30.324918
v 9.971435 -0.390000 30.324918
v 10.745222 -0.277754 30.442550
v 9.971435 -0.390000 30.324918
v 10.745222 -0.390000 30.442550
v 10.513884 -0.245818 29.978991
v 10.016822 -0.267478 29.729789
v 9.971435 -0.253881 30.324918
v 9.971435 -0.253881 30.324918
v 10.016822 -0.267478 29.729789
v 10.016822 -0.390000 29.729789
v 9.971435 -0.253881 30.324918
v 10.016822 -0.390000 29.729789
v 9.971435 -0.390000 30.324918
v 14.129136 -0.214872 28.904706
v 13.610727 -0.243718 29.041445
v 14.136267 -0.223148 29.370844
v 14.136267 -0.223148 29.370844
v 13.610727 -0.243718 29.041445
v 13.610727 -0.390000 29.041445
v 14.136267 -0.223148 29.370844
v 13.610727 -0.390000 29.041445
v 14.136267 -0.390000 29.370844
v 14.129136 -0.214872 28.904706
v 13.745796 -0.234978 28.503320
v 13.610727 -0.243718 29.041445
v 13.610727 -0.243718 29.041445
v 13.745796 -0.234978 28.503320
v 13.745796 -0.390000 28.503320
v 13.610727 -0.243718 29.041445
v 13.745796 -0.390000 28.503320
v 13.610727 -0.390000 29.041445
v 14.129136 -0.214872 28.904706
v 14.500313 -0.250375 28.496055
v 13.745796 -0.234978 28.503320
v 13.745796 -0.234978 28.503320
v 14.500313 -0.250375 28.496055
v 14.500313 -0.390000 28.496055
v 13.745796 -0.234978 28.503320
v 14.500313 -0.390000 28.496055
v 13.745796 -0.390000 28.503320
v 14.129136 -0.214872 28.904706
v 14.653611 -0.258361 29.032252
v 14.500313 -0.250375 28.496055
v 14.500313 -0.250375 28.496055
v 14.653611 -0.258361 29.032252
v 14.653611 -0.390000 29.032252
v 14.500313 -0.250375 28.496055
v 14.653611 -0.390000 29.032252
v 14.500313 -0.390000 28.496055
v 14.129136 -0.214872 28.904706
v 14.136267 -0.223148 29.370844
v 14.653611 -0.258361 29.032252
v 14.653611 -0.258361 29.032252
v 14.136267 -0.223148 29.370844
v 14.136267 -0.390000 29.370844
v 14.653611 -0.258361 29.032252
v 14.136267 -0.390000 29.370844
v 14.653611 -0.390000 29.032252
v 16.702068 -0.234259 29.507534
v 16.916981 -0.247693 29.020792
v 16.261894 -0.268595 29.248779
v 16.261894 -0.268595 29.248779
v 16.916981 -0.247693 29.020792
v 16.916981 -0.390000 29.020792
v 16.261894 -0.268595 29.248779
v 16.916981 -0.390000 29.020792
v 16.261894 -0.390000 29.248779
v 16.702068 -0.234259 29.507534
v 17.287815 -0.260291 29.515538
v 16.916981 -0.247693 29.020792
v 16.916981 -0.247693 29.020792
v 17.287815 -0.260291 29.515538
v 17.287815 -0.390000 29.515538
v 16.916981 -0.247693 29.020792
v 17.287815 -0.390000 29.515538
v 16.916981 -0.390000 29.020792
v 16.702068 -0.234259 29.507534
v 16.859225 -0.270994 29.908573
v 17.287815 -0.260291 29.515538
v 17.287815 -0.260291 29.515538
v 16.859225 -0.270994 29.908573
v 16.859225 -0.390000 29.908573
v 17.287815 -0.260291 29.515538
v 16.859225 -0.390000 29.908573
v 17.287815 -0.390000 29.515538
v 16.702068 -0.234259 29.507534
v 16.258768 -0.279452 29.749616
v 16.859225 -0.270994 29.908573
v 16.859225 -0.270994 29.908573
v 16.258768 -0.279452 29.749616
v 16.258768 -0.390000 29.749616
v 16.859225 -0.270994 29.908573
v 16.258768 -0.390000 29.749616
v 16.859225 -0.390000 29.908573
v 16.702068 -0.234259 29.507534
v 16.261894 -0.268595 29.248779
v 16.258768 -0.279452 29.749616
v 16.258768 -0.279452 29.749616
v 16.261894 -0.268595 29.248779
v 16.261894 -0.390000 29.248779
v 16.258768 -0.279452 29.749616
v 16.261894 -0.390000 29.248779
v 16.258768 -0.390000 29.749616
v 19.232332 -0.163069 28.827758
v 18.755166 -0.214627 28.989581
v 19.092235 -0.193680 29.233525
v 19.092235 -0.193680 29.233525
v 18.755166 -0.214627 28.989581
v 18.755166 -0.390000 28.989581
v 19.092235 -0.193680 29.233525
v 18.755166 -0.390000 28.989581
v 19.092235 -0.390000 29.233525
v 19.232332 -0.163069 28.827758
v 18.825093 -0.213355 28.659361
v 18.755166 -0.214627 28.989581
v 18.755166 -0.214627 28.989581
v 18.825093 -0.213355 28.659361
v 18.825093 -0.390000 28.659361
v 18.755166 -0.214627 28.989581
v 18.825093 -0.390000 28.659361
v 18.755166 -0.390000 28.989581
v 19.232332 -0.163069 28.827758
v 19.126726 -0.192300 28.389367
v 18.825093 -0.213355 28.659361
v 18.825093 -0.213355 28.659361
v 19.126726 -0.192300 28.389367
v 19.126726 -0.390000 28.389367
v 18.825093 -0.213355 28.659361
v 19.126726 -0.390000 28.389367
v 18.825093 -0.390000 28.659361
v 19.232332 -0.163069 28.827758
v 19.531213 -0.211545 28.557552
v 19.126726 -0.192300 28.389367
v 19.126726 -0.192300 28.389367
v 19.531213 -0.211545 28.557552
v 19.531213 -0.390000 28.557552
v 19.126726 -0.192300 28.389367
v 19.531213 -0.390000 28.557552
v 19.126726 -0.390000 28.389367
v 19.232332 -0.163069 28.827758
v 19.794964 -0.203056 28.844735
v 19.531213 -0.211545 28.557552
v 19.531213 -0.211545 28.557552
v 19.794964 -0.203056 28.844735
v 19.794964 -0.390000 28.844735
v 19.531213 -0.211545 28.557552
v 19.794964 -0.390000 28.844735
v 19.531213 -0.390000 28.557552
v 19.232332 -0.163069 28.827758
v 19.510928 -0.202119 29.122977
v 19.794964 -0.203056 28.844735
v 19.794964 -0.203056 28.844735
v 19.510928 -0.202119 29.122977
v 19.510928 -0.390000 29.122977
v 19.794964 -0.203056 28.844735
v 19.510928 -0.390000 29.122977
v 19.794964 -0.390000 28.844735
v 19.232332 -0.163069 28.827758
v 19.092235 -0.193680 29.233525
v 19.510928 -0.202119 29.122977
v 19.510928 -0.202119 29.122977
v 19.092235 -0.193680 29.233525
v 19.092235 -0.390000 29.233525
v 19.510928 -0.202119 29.122977
v 19.092235 -0.390000 29.233525
v 19.510928 -0.390000 29.122977
v 22.350669 -0.227656 30.063169
v 22.541854 -0.234632 29.865960
v 22.221329 -0.242818 29.824393
v 22.221329 -0.242818 29.824393
v 22.541854 -0.234632 29.865960
v 22.541854 -0.390000 29.865960
v 22.221329 -0.242818 29.824393
v 22.541854 -0.390000 29.865960
v 22.221329 -0.390000 29.824393
v 22.350669 -0.227656 30.063169
v 22.720063 -0.275125 30.099034
v 22.541854 -0.234632 29.865960
v 22.541854 -0.234632 29.865960
v 22.720063 -0.275125 30.099034
v 22.720063 -0.390000 30.099034
v 22.541854 -0.234632 29.865960
v 22.720063 -0.390000 30.099034
v 22.541854 -0.390000 29.865960
v 22.350669 -0.227656 30.063169
v 22.503764 -0.266892 30.345800
v 22.720063 -0.275125 30.099034
v 22.720063 -0.275125 30.099034
v 22.503764 -0.266892 30.345800
v 22.503764 -0.390000 30.345800
v 22.720063 -0.275125 30.099034
v 22.503764 -0.390000 30.345800
v 22.720063 -0.390000 30.099034
v 22.350669 -0.227656 30.063169
v 22.155068 -0.262860 30.264935
v 22.503764 -0.266892 30.345800
v 22.503764 -0.266892 30.345800
v 22.155068 -0.262860 30.264935
v 22.155068 -0.390000 30.264935
v 22.503764 -0.266892 30.345800
v 22.155068 -0.390000 30.264935
v 22.503764 -0.390000 30.345800
v 22.350669 -0.227656 30.063169
v 21.989814 -0.258363 30.028133
v 22.155068 -0.262860 30.264935
v 22.155068 -0.262860 30.264935
v 21.989814 -0.258363 30.028133
v 21.989814 -0.390000 30.028133
v 22.155068 -0.262860 30.264935
v 21.989814 -0.390000 30.028133
v 22.155068 -0.390000 30.264935
v 22.350669 -0.227656 30.063169
v 22.221329 -0.242818 29.824393
v 21.989814 -0.258363 30.028133
v 21.989814 -0.258363 30.028133
v 22.221329 -0.242818 29.824393
v 22.221329 -0.390000 29.824393
v 21.989814 -0.258363 30.028133
v 22.221329 -0.390000 29.824393
v 21.989814 -0.390000 30.028133
v 6.005657 0.000000 48.000000
v 6.874611 -0.184454 48.533461
v 6.874061 0.000000 48.000000
v 6.005657 0.000000 48.000000
v 6.012066 -0.148879 48.736333
v 6.874611 -0.184454 48.533461
v 6.012066 -0.148879 48.736333
v 6.874611 -0.390000 48.533461
v 6.874611 -0.184454 48.533461
v 6.012066 -0.148879 48.736333
v 6.012066 -0.390000 48.736333
v 6.874611 -0.390000 48.533461
v 6.874061 0.000000 48.000000
v 7.739578 -0.117210 48.787407
v 7.742465 0.000000 48.000000
v 6.874061 0.000000 48.000000
v 6.874611 -0.184454 48.533461
v 7.739578 -0.117210 48.787407
v 6.874611 -0.184454 48.533461
v 7.739578 -0.390000 48.787407
v 7.739578 -0.117210 48.787407
v 6.874611 -0.184454 48.533461
v 6.874611 -0.390000 48.533461
v 7.739578 -0.390000 48.787407
v 7.742465 0.000000 48.000000
v 8.602890 -0.143183 48.808036
v 8.610869 0.000000 48.000000
v 7.742465 0.000000 48.000000
v 7.739578 -0.117210 48.787407
v 8.602890 -0.143183 48.808036
v 7.739578 -0.117210 48.787407
v 8.602890 -0.390000 48.808036
v 8.602890 -0.143183 48.808036
v 7.739578 -0.117210 48.787407
v 7.739578 -0.390000 48.787407
v 8.602890 -0.390000 48.808036
v 8.610869 0.000000 48.000000
v 9.461507 -0.186202 49.643603
v 9.479273 0.000000 48.000000
v 8.610869 0.000000 48.000000
v 8.602890 -0.143183 48.808036
v 9.461507 -0.186202 49.643603
v 8.602890 -0.143183 48.808036
v 9.461507 -0.390000 49.643603
v 9.461507 -0.186202 49.643603
v 8.602890 -0.143183 48.808036
v 8.602890 -0.390000 48.808036
v 9.461507 -0.390000 49.643603
v 9.479273 0.000000 48.000000
v 10.332834 -0.111806 48.622333
v 10.347676 0.000000 48.000000
v 9.479273 0.000000 48.000000
v 9.461507 -0.186202 49.643603
v 10.332834 -0.111806 48.622333
v 9.461507 -0.186202 49.643603
v 10.332834 -0.390000 48.622333
v 10.332834 -0.111806 48.622333
v 9.461507 -0.186202 49.643603
v 9.461507 -0.390000 49.643603
v 10.332834 -0.390000 48.622333
v 10.347676 0.000000 48.000000
v 11.192265 -0.109261 48.827913
v 11.216080 0.000000 48.000000
v 10.347676 0.000000 48.000000
v 10.332834 -0.111806 48.622333
v 11.192265 -0.109261 48.827913
v 10.332834 -0.111806 48.622333
v 11.192265 -0.390000 48.827913
v 11.192265 -0.109261 48.827913
v 10.332834 -0.111806 48.622333
v 10.332834 -0.390000 48.622333
v 11.192265 -0.390000 48.827913
v 11.216080 0.000000 48.000000
v 12.044404 -0.112532 49.244776
v 12.084484 0.000000 48.000000
v 11.216080 0.000000 48.000000
v 11.192265 -0.109261 48.827913
v 12.044404 -0.112532 49.244776
v 11.192265 -0.109261 48.827913
v 12.044404 -0.390000 49.244776
v 12.044404 -0.112532 49.244776
v 11.192265 -0.109261 48.827913
v 11.192265 -0.390000 48.827913
v 12.044404 -0.390000 49.244776
v 12.084484 0.000000 48.000000
v 12.937156 -0.229618 48.349776
v 12.952888 0.000000 48.000000
v 12.084484 0.000000 48.000000
v 12.044404 -0.112532 49.244776
v 12.937156 -0.229618 48.349776
v 12.044404 -0.112532 49.244776
v 12.937156 -0.390000 48.349776
v 12.937156 -0.229618 48.349776
v 12.044404 -0.112532 49.244776
v 12.044404 -0.390000 49.244776
v 12.937156 -0.390000 48.349776
v 12.952888 0.000000 48.000000
v 13.806624 -0.234736 48.282675
v 13.821292 0.000000 48.000000
v 12.952888 0.000000 48.000000
v 12.937156 -0.229618 48.349776
v 13.806624 -0.234736 48.282675
v 12.937156 -0.229618 48.349776
v 13.806624 -0.390000 48.282675
v 13.806624 -0.234736 48.282675
v 12.937156 -0.229618 48.349776
v 12.937156 -0.390000 48.349776
v 13.806624 -0.390000 48.282675
v 13.821292 0.000000 48.000000
v 14.643209 -0.189128 48.863000
v 14.689696 0.000000 48.000000
v 13.821292 0.000000 48.000000
v 13.806624 -0.234736 48.282675
v 14.643209 -0.189128 48.863000
v 13.806624 -0.234736 48.282675
v 14.643209 -0.390000 48.863000
v 14.643209 -0.189128 48.863000
v 13.806624 -0.234736 48.282675
v 13.806624 -0.390000 48.282675
v 14.643209 -0.390000 48.863000
v 14.689696 0.000000 48.000000
v 15.477426 -0.118047 49.442763
v 15.558099 0.000000 48.000000
v 14.689696 0.000000 48.000000
v 14.643209 -0.189128 48.863000
v 15.477426 -0.118047 49.442763
v 14.643209 -0.189128 48.863000
v 15.477426 -0.390000 49.442763
v 15.477426 -0.118047 49.442763
v 14.643209 -0.189128 48.863000
v 14.643209 -0.390000 48.863000
v 15.477426 -0.390000 49.442763
v 15.558099 0.000000 48.000000
v 16.353986 -0.170361 49.123320
v 16.426503 0.000000 48.000000
v 15.558099 0.000000 48.000000
v 15.477426 -0.118047 49.442763
v 16.353986 -0.170361 49.123320
v 15.477426 -0.118047 49.442763
v 16.353986 -0.390000 49.123320
v 16.353986 -0.170361 49.123320
v 15.477426 -0.118047 49.442763
v 15.477426 -0.390000 49.442763
v 16.353986 -0.390000 49.123320
v 16.426503 0.000000 48.000000
v 17.265772 -0.130508 48.379739
v 17.294907 0.000000 48.000000
v 16.426503 0.000000 48.000000
v 16.353986 -0.170361 49.123320
v 17.265772 -0.130508 48.379739
v 16.353986 -0.170361 49.123320
v 17.265772 -0.390000 48.379739
v 17.265772 -0.130508 48.379739
v 16.353986 -0.170361 49.123320
v 16.353986 -0.390000 49.123320
v 17.265772 -0.390000 48.379739
v 17.294907 0.000000 48.000000
v 18.112107 -0.239859 48.631636
v 18.163311 0.000000 48.000000
v 17.294907 0.000000 48.000000
v 17.265772 -0.130508 48.379739
v 18.112107 -0.239859 48.631636
v 17.265772 -0.130508 48.379739
v 18.112107 -0.390000 48.631636
v 18.112107 -0.239859 48.631636
v 17.265772 -0.130508 48.379739
v 17.265772 -0.390000 48.379739
v 18.112107 -0.390000 48.631636
v 18.163311 0.000000 48.000000
v 18.957703 -0.227234 48.865327
v 19.031715 0.000000 48.000000
v 18.163311 0.000000 48.000000
v 18.112107 -0.239859 48.631636
v 18.957703 -0.227234 48.865327
v 18.112107 -0.239859 48.631636
v 18.957703 -0.390000 48.865327
v 18.957703 -0.227234 48.865327
v 18.112107 -0.239859 48.631636
v 18.112107 -0.390000 48.631636
v 18.957703 -0.390000 48.865327
v 19.031715 0.000000 48.000000
v 19.813567 -0.111106 48.949219
v 19.900119 0.000000 48.000000
v 19.031715 0.000000 48.000000
v 18.957703 -0.227234 48.865327
v 19.813567 -0.111106 48.949219
v 18.957703 -0.227234 48.865327
v 19.813567 -0.390000 48.949219
v 19.813567 -0.111106 48.949219
v 18.957703 -0.227234 48.865327
v 18.957703 -0.390000 48.865327
v 19.813567 -0.390000 48.949219
v 7.732104 -0.180398 51.146247
v 7.799068 -0.193618 51.396893
v 8.023133 -0.221541 51.260914
v 8.023133 -0.221541 51.260914
v 7.799068 -0.193618 51.396893
v 7.799068 -0.390000 51.396893
v 8.023133 -0.221541 51.260914
v 7.799068 -0.390000 51.396893
v 8.023133 -0.390000 51.260914
v 7.732104 -0.180398 51.146247
v 7.531384 -0.221644 51.335112
v 7.799068 -0.193618 51.396893
v 7.799068 -0.193618 51.396893
v 7.531384 -0.221644 51.335112
v 7.531384 -0.390000 51.335112
v 7.799068 -0.193618 51.396893
v 7.531384 -0.390000 51.335112
v 7.799068 -0.390000 51.396893
v 7.732104 -0.180398 51.146247
v 7.417507 -0.185872 51.141596
v 7.531384 -0.221644 51.335112
v 7.531384 -0.221644 51.335112
v 7.417507 -0.185872 51.141596
v 7.417507 -0.390000 51.141596
v 7.531384 -0.221644 51.335112
v 7.417507 -0.390000 51.141596
v 7.531384 -0.390000 51.335112
v 7.732104 -0.180398 51.146247
v 7.527214 -0.190784 50.937865
v 7.417507 -0.185872 51.141596
v 7.417507 -0.185872 51.141596
v 7.527214 -0.190784 50.937865
v 7.527214 -0.390000 50.937865
v 7.417507 -0.185872 51.141596
v 7.527214 -0.390000 50.937865
v 7.417507 -0.390000 51.141596
v 7.732104 -0.180398 51.146247
v 7.818876 -0.186703 50.873631
v 7.527214 -0.190784 50.937865
v 7.527214 -0.190784 50.937865
v 7.818876 -0.186703 50.873631
v 7.818876 -0.390000 50.873631
v 7.527214 -0.190784 50.937865
v 7.818876 -0.390000 50.873631
v 7.527214 -0.390000 50.937865
v 7.732104 -0.180398 51.146247
v 8.006627 -0.190911 51.048082
v 7.818876 -0.186703 50.873631
v 7.818876 -0.186703 50.873631
v 8.006627 -0.190911 51.048082
v 8.006627 -0.390000 51.048082
v 7.818876 -0.186703 50.873631
v 8.006627 -0.390000 51.048082
v 7.818876 -0.390000 50.873631
v 7.732104 -0.180398 51.146247
v 8.023133 -0.221541 51.260914
v 8.006627 -0.190911 51.048082
v 8.006627 -0.190911 51.048082
v 8.023133 -0.221541 51.260914
v 8.023133 -0.390000 51.260914
v 8.006627 -0.190911 51.048082
v 8.023133 -0.390000 51.260914
v 8.006627 -0.390000 51.048082
v 10.869324 -0.189371 50.719195
v 10.525132 -0.224386 50.726329
v 10.699522 -0.199876 50.963353
v 10.699522 -0.199876 50.963353
v 10.525132 -0.224386 50.726329
v 10.525132 -0.390000 50.726329
v 10.699522 -0.199876 50.963353
v 10.525132 -0.390000 50.726329
v 10.699522 -0.390000 50.963353
v 10.869324 -0.189371 50.719195
v 10.673449 -0.196472 50.470091
v 10.525132 -0.224386 50.726329
v 10.525132 -0.224386 50.726329
v 10.673449 -0.196472 50.470091
v 10.673449 -0.390000 50.470091
v 10.525132 -0.224386 50.726329
v 10.673449 -0.390000 50.470091
v 10.525132 -0.390000 50.726329
v 10.869324 -0.189371 50.719195
v 11.013930 -0.205463 50.511267
v 10.673449 -0.196472 50.470091
v 10.673449 -0.196472 50.470091
v 11.013930 -0.205463 50.511267
v 11.013930 -0.390000 50.511267
v 10.673449 -0.196472 50.470091
v 11.013930 -0.390000 50.511267
v 10.673449 -0.390000 50.470091
v 10.869324 -0.189371 50.719195
v 11.162840 -0.198193 50.713112
v 11.013930 -0.205463 50.511267
v 11.013930 -0.205463 50.511267
v 11.162840 -0.198193 50.713112
v 11.162840 -0.390000 50.713112
v 11.013930 -0.205463 50.511267
v 11.162840 -0.390000 50.713112
v 11.013930 -0.390000 50.511267
v 10.869324 -0.189371 50.719195
v 11.062605 -0.242601 50.964999
v 11.162840 -0.198193 50.713112
v 11.162840 -0.198193 50.713112
v 11.062605 -0.242601 50.964999
v 11.062605 -0.390000 50.964999
v 11.162840 -0.198193 50.713112
v 11.062605 -0.390000 50.964999
v 11.162840 -0.390000 50.713112
v 10.869324 -0.189371 50.719195
v 10.699522 -0.199876 50.963353
v 11.062605 -0.242601 50.964999
v 11.062605 -0.242601 50.964999
v 10.699522 -0.199876 50.963353
v 10.699522 -0.390000 50.963353
v 11.062605 -0.242601 50.964999
v 10.699522 -0.390000 50.963353
v 11.062605 -0.390000 50.964999
v 12.944802 -0.220565 50.089073
v 13.324587 -0.261724 50.288727
v 13.383839 -0.261754 49.821321
v 13.383839 -0.261754 49.821321
v 13.324587 -0.261724 50.288727
v 13.324587 -0.390000 50.288727
v 13.383839 -0.261754 49.821321
v 13.324587 -0.390000 50.288727
v 13.383839 -0.390000 49.821321
v 12.944802 -0.220565 50.089073
v 12.792838 -0.235519 50.503013
v 13.324587 -0.261724 50.288727
v 13.324587 -0.261724 50.288727
v 12.792838 -0.235519 50.503013
v 12.792838 -0.390000 50.503013
v 13.324587 -0.261724 50.288727
v 12.792838 -0.390000 50.503013
v 13.324587 -0.390000 50.288727
v 12.944802 -0.220565 50.089073
v 12.476649 -0.253239 50.101958
v 12.792838 -0.235519 50.503013
v 12.792838 -0.235519 50.503013
v 12.476649 -0.253239 50.101958
v 12.476649 -0.390000 50.101958
v 12.792838 -0.235519 50.503013
v 12.476649 -0.390000 50.101958
v 12.792838 -0.390000 50.503013
v 12.944802 -0.220565 50.089073
v 12.776998 -0.255331 49.729871
v 12.476649 -0.253239 50.101958
v 12.476649 -0.253239 50.101958
v 12.776998 -0.255331 49.729871
v 12.776998 -0.390000 49.729871
v 12.476649 -0.253239 50.101958
v 12.776998 -0.390000 49.729871
v 12.476649 -0.390000 50.101958
v 12.944802 -0.220565 50.089073
v 13.383839 -0.261754 49.821321
v 12.776998 -0.255331 49.729871
v 12.776998 -0.255331 49.729871
v 13.383839 -0.261754 49.821321
v 13.383839 -0.390000 49.821321
v 12.776998 -0.255331 49.729871
v 13.383839 -0.390000 49.821321
v 12.776998 -0.390000 49.729871
v 15.641688 -0.188419 50.222736
v 15.662763 -0.217066 49.799399
v 15.123884 -0.234308 50.073945
v 15.123884 -0.234308 50.073945
v 15.662763 -0.217066 49.799399
v 15.662763 -0.390000 49.799399
v 15.123884 -0.234308 50.073945
v 15.662763 -0.390000 49.799399
v 15.123884 -0.390000 50.073945
v 15.641688 -0.188419 50.222736
v 16.103163 -0.233724 50.121042
v 15.662763 -0.217066 49.799399
v 15.662763 -0.217066 49.799399
v 16.103163 -0.233724 50.121042
v 16.103163 -0.390000 50.121042
v 15.662763 -0.217066 49.799399
v 16.103163 -0.390000 50.121042
v 15.662763 -0.390000 49.799399
v 15.641688 -0.188419 50.222736
v 15.941187 -0.235485 50.572012
v 16.103163 -0.233724 50.121042
v 16.103163 -0.233724 50.121042
v 15.941187 -0.235485 50.572012
v 15.941187 -0.390000 50.572012
v 16.103163 -0.233724 50.121042
v 15.941187 -0.390000 50.572012
v 16.103163 -0.390000 50.121042
v 15.641688 -0.188419 50.222736
v 15.277722 -0.220948 50.583193
v 15.941187 -0.235485 50.572012
v 15.941187 -0.235485 50.572012
v 15.277722 -0.220948 50.583193
v 15.277722 -0.390000 50.583193
v 15.941187 -0.235485 50.572012
v 15.277722 -0.390000 50.583193
v 15.941187 -0.390000 50.572012
v 15.641688 -0.188419 50.222736
v 15.123884 -0.234308 50.073945
v 15.277722 -0.220948 50.583193
v 15.277722 -0.220948 50.583193
v 15.123884 -0.234308 50.073945
v 15.123884 -0.390000 50.073945
v 15.277722 -0.220948 50.583193
v 15.123884 -0.390000 50.073945
v 15.277722 -0.390000 50.583193
v 17.693102 -0.242677 50.913630
v 17.564590 -0.280779 50.589415
v 17.310416 -0.272268 50.909360
v 17.310416 -0.272268 50.909360
v 17.564590 -0.280779 50.589415
v 17.564590 -0.390000 50.589415
v 17.310416 -0.272268 50.909360
v 17.564590 -0.390000 50.589415
v 17.310416 -0.390000 50.909360
v 17.693102 -0.242677 50.913630
v 18.008244 -0.272676 50.740356
v 17.564590 -0.280779 50.589415
v 17.564590 -0.280779 50.589415
v 18.008244 -0.272676 50.740356
v 18.008244 -0.390000 50.740356
v 17.564590 -0.280779 50.589415
v 18.008244 -0.390000 50.740356
v 17.564590 -0.390000 50.589415
v 17.693102 -0.242677 50.913630
v 17.990492 -0.282261 51.087285
v 18.008244 -0.272676 50.740356
v 18.008244 -0.272676 50.740356
v 17.990492 -0.282261 51.087285
v 17.990492 -0.390000 51.087285
v 18.008244 -0.272676 50.740356
v 17.990492 -0.390000 51.087285
v 18.008244 -0.390000 50.740356
v 17.693102 -0.242677 50.913630
v 17.577638 -0.268878 51.177889
v 17.990492 -0.282261 51.087285
v 17.990492 -0.282261 51.087285
v 17.577638 -0.268878 51.177889
v 17.577638 -0.390000 51.177889
v 17.990492 -0.282261 51.087285
v 17.577638 -0.390000 51.177889
v 17.990492 -0.390000 51.087285
v 17.693102 -0.242677 50.913630
v 17.310416 -0.272268 50.909360
v 17.577638 -0.268878 51.177889
v 17.577638 -0.268878 51.177889
v 17.310416 -0.272268 50.909360
v 17.310416 -0.390000 50.909360
v 17.577638 -0.268878 51.177889
v 17.310416 -0.390000 50.909360
v 17.577638 -0.390000 51.177889
v -1.060891 -0.212568 -69.222810
v -1.690042 -0.248013 -68.662071
v -0.895320 -0.230719 -68.507722
v -0.895320 -0.230719 -68.507722
v -1.690042 -0.248013 -68.662071
v -1.690042 -0.390000 -68.662071
v -0.895320 -0.230719 -68.507722
v -1.690042 -0.390000 -68.662071
v -0.895320 -0.390000 -68.507722
v -1.060891 -0.212568 -69.222810
v -1.920311 -0.226323 -69.253482
v -1.690042 -0.248013 -68.662071
v -1.690042 -0.248013 -68.662071
v -1.920311 -0.226323 -69.253482
v -1.920311 -0.390000 -69.253482
v -1.690042 -0.248013 -68.662071
v -1.920311 -0.390000 -69.253482
v -1.690042 -0.390000 -68.662071
v -1.060891 -0.212568 -69.222810
v -1.533843 -0.235224 -69.731463
v -1.920311 -0.226323 -69.253482
v -1.920311 -0.226323 -69.253482
v -1.533843 -0.235224 -69.731463
v -1.533843 -0.390000 -69.731463
v -1.920311 -0.226323 -69.253482
v -1.533843 -0.390000 -69.731463
v -1.920311 -0.390000 -69.253482
v -1.060891 -0.212568 -69.222810
v -0.813478 -0.219850 -69.919772
v -1.533843 -0.235224 -69.731463
v -1.533843 -0.235224 -69.731463
v -0.813478 -0.219850 -69.919772
v -0.813478 -0.390000 -69.919772
v -1.533843 -0.235224 -69.731463
v -0.813478 -0.390000 -69.919772
v -1.533843 -0.390000 -69.731463
v -1.060891 -0.212568 -69.222810
v -0.263800 -0.261668 -69.487930
v -0.813478 -0.219850 -69.919772
v -0.813478 -0.219850 -69.919772
v -0.263800 -0.261668 -69.487930
v -0.263800 -0.390000 -69.487930
v -0.813478 -0.219850 -69.919772
v -0.263800 -0.390000 -69.487930
v -0.813478 -0.390000 -69.919772
v -1.060891 -0.212568 -69.222810
v -0.324025 -0.225418 -68.912895
v -0.263800 -0.261668 -69.487930
v -0.263800 -0.261668 -69.487930
v -0.324025 -0.225418 -68.912895
v -0.324025 -0.390000 -68.912895
v -0.263800 -0.261668 -69.487930
v -0.324025 -0.390000 -68.912895
v -0.263800 -0.390000 -69.487930
v -1.060891 -0.212568 -69.222810
v -0.895320 -0.230719 -68.507722
v -0.324025 -0.225418 -68.912895
v -0.324025 -0.225418 -68.912895
v -0.895320 -0.230719 -68.507722
v -0.895320 -0.390000 -68.507722
v -0.324025 -0.225418 -68.912895
v -0.895320 -0.390000 -68.507722
v -0.324025 -0.390000 -68.912895
v 7.102748 -0.102851 -64.570833
v 7.255546 -0.154612 -64.048899
v 7.692874 -0.139697 -64.349221
v 7.692874 -0.139697 -64.349221
v 7.255546 -0.154612 -64.048899
v 7.255546 -0.390000 -64.048899
v 7.692874 -0.139697 -64.349221
v 7.255546 -0.390000 -64.048899
v 7.692874 -0.390000 -64.349221
v 7.102748 -0.102851 -64.570833
v 6.664004 -0.144816 -64.141615
v 7.255546 -0.154612 -64.048899
v 7.255546 -0.154612 -64.048899
v 6.664004 -0.144816 -64.141615
v 6.664004 -0.390000 -64.141615
v 7.255546 -0.154612 -64.048899
v 6.664004 -0.390000 -64.141615
v 7.255546 -0.390000 -64.048899
v 7.102748 -0.102851 -64.570833
v 6.330605 -0.135883 -64.570773
v 6.664004 -0.144816 -64.141615
v 6.664004 -0.144816 -64.141615
v 6.330605 -0.135883 -64.570773
v 6.330605 -0.390000 -64.570773
v 6.664004 -0.144816 -64.141615
v 6.330605 -0.390000 -64.570773
v 6.664004 -0.390000 -64.141615
v 7.102748 -0.102851 -64.570833
v 6.733384 -0.144406 -64.932030
v 6.330605 -0.135883 -64.570773
v 6.330605 -0.135883 -64.570773
v 6.733384 -0.144406 -64.932030
v 6.733384 -0.390000 -64.932030
v 6.330605 -0.135883 -64.570773
v 6.733384 -0.390000 -64.932030
v 6.330605 -0.390000 -64.570773
v 7.102748 -0.102851 -64.570833
v 7.250550 -0.139178 -65.076161
v 6.733384 -0.144406 -64.932030
v 6.733384 -0.144406 -64.932030
v 7.250550 -0.139178 -65.076161
v 7.250550 -0.390000 -65.076161
v 6.733384 -0.144406 -64.932030
v 7.250550 -0.390000 -65.076161
v 6.733384 -0.390000 -64.932030
v 7.102748 -0.102851 -64.570833
v 7.659449 -0.152804 -64.779998
v 7.250550 -0.139178 -65.076161
v 7.250550 -0.139178 -65.076161
v 7.659449 -0.152804 -64.779998
v 7.659449 -0.390000 -64.779998
v 7.250550 -0.139178 -65.076161
v 7.659449 -0.390000 -64.779998
v 7.250550 -0.390000 -65.076161
v 7.102748 -0.102851 -64.570833
v 7.692874 -0.139697 -64.349221
v 7.659449 -0.152804 -64.779998
v 7.659449 -0.152804 -64.779998
v 7.692874 -0.139697 -64.349221
v 7.692874 -0.390000 -64.349221
v 7.659449 -0.152804 -64.779998
v 7.692874 -0.390000 -64.349221
v 7.659449 -0.390000 -64.779998
v 5.525824 -0.207699 -69.349909
v 5.306958 -0.256047 -69.048321
v 5.849832 -0.240492 -69.073987
v 5.849832 -0.240492 -69.073987
v 5.306958 -0.256047 -69.048321
v 5.306958 -0.390000 -69.048321
v 5.849832 -0.240492 -69.073987
v 5.306958 -0.390000 -69.048321
v 5.849832 -0.390000 -69.073987
v 5.525824 -0.207699 -69.349909
v 5.086424 -0.239402 -69.419715
v 5.306958 -0.256047 -69.048321
v 5.306958 -0.256047 -69.048321
v 5.086424 -0.239402 -69.419715
v 5.086424 -0.390000 -69.419715
v 5.306958 -0.256047 -69.048321
v 5.086424 -0.390000 -69.419715
v 5.306958 -0.390000 -69.048321
v 5.525824 -0.207699 -69.349909
v 5.475198 -0.246505 -69.697159
v 5.086424 -0.239402 -69.419715
v 5.086424 -0.239402 -69.419715
v 5.475198 -0.246505 -69.697159
v 5.475198 -0.390000 -69.697159
v 5.086424 -0.239402 -69.419715
v 5.475198 -0.390000 -69.697159
v 5.086424 -0.390000 -69.419715
v 5.525824 -0.207699 -69.349909
v 5.898894 -0.216114 -69.482447
v 5.475198 -0.246505 -69.697159
v 5.475198 -0.246505 -69.697159
v 5.898894 -0.216114 -69.482447
v 5.898894 -0.390000 -69.482447
v 5.475198 -0.246505 -69.697159
v 5.898894 -0.390000 -69.482447
v 5.475198 -0.390000 -69.697159
v 5.525824 -0.207699 -69.349909
v 5.849832 -0.240492 -69.073987
v 5.898894 -0.216114 -69.482447
v 5.898894 -0.216114 -69.482447
v 5.849832 -0.240492 -69.073987
v 5.849832 -0.390000 -69.073987
v 5.898894 -0.216114 -69.482447
v 5.849832 -0.390000 -69.073987
v 5.898894 -0.390000 -69.482447
v -1.586256 -0.125411 -64.243952
v -2.244752 -0.143447 -65.192465
v -2.676887 -0.158715 -64.267181
v -2.676887 -0.158715 -64.267181
v -2.244752 -0.143447 -65.192465
v -2.244752 -0.390000 -65.192465
v -2.676887 -0.158715 -64.267181
v -2.244752 -0.390000 -65.192465
v -2.676887 -0.390000 -64.267181
v -1.586256 -0.125411 -64.243952
v -1.004174 -0.135260 -64.982994
v -2.244752 -0.143447 -65.192465
v -2.244752 -0.143447 -65.192465
v -1.004174 -0.135260 -64.982994
v -1.004174 -0.390000 -64.982994
v -2.244752 -0.143447 -65.192465
v -1.004174 -0.390000 -64.982994
v -2.244752 -0.390000 -65.192465
v -1.586256 -0.125411 -64.243952
v -0.419488 -0.133817 -64.219101
v -1.004174 -0.135260 -64.982994
v -1.004174 -0.135260 -64.982994
v -0.419488 -0.133817 -64.219101
v -0.419488 -0.390000 -64.219101
v -1.004174 -0.135260 -64.982994
v -0.419488 -0.390000 -64.219101
v -1.004174 -0.390000 -64.982994
v -1.586256 -0.125411 -64.243952
v -1.075072 -0.175134 -63.507630
v -0.419488 -0.133817 -64.219101
v -0.419488 -0.133817 -64.219101
v -1.075072 -0.175134 -63.507630
v -1.075072 -0.390000 -63.507630
v -0.419488 -0.133817 -64.219101
v -1.075072 -0.390000 -63.507630
v -0.419488 -0.390000 -64.219101
v -1.586256 -0.125411 -64.243952
v -2.260067 -0.149222 -63.388447
v -1.075072 -0.175134 -63.507630
v -1.075072 -0.175134 -63.507630
v -2.260067 -0.149222 -63.388447
v -2.260067 -0.390000 -63.388447
v -1.075072 -0.175134 -63.507630
v -2.260067 -0.390000 -63.388447
v -1.075072 -0.390000 -63.507630
v -1.586256 -0.125411 -64.243952
v -2.676887 -0.158715 -64.267181
v -2.260067 -0.149222 -63.388447
v -2.260067 -0.149222 -63.388447
v -2.676887 -0.158715 -64.267181
v -2.676887 -0.390000 -64.267181
v -2.260067 -0.149222 -63.388447
v -2.676887 -0.390000 -64.267181
v -2.260067 -0.390000 -63.388447
v 8.887030 -0.115904 -64.712625
v 9.590140 -0.154746 -64.195372
v 9.692063 -0.139371 -64.900719
v 9.692063 -0.139371 -64.900719
v 9.590140 -0.154746 -64.195372
v 9.590140 -0.390000 -64.195372
v 9.692063 -0.139371 -64.900719
v 9.590140 -0.390000 -64.195372
v 9.692063 -0.390000 -64.900719
v 8.887030 -0.115904 -64.712625
v 8.707640 -0.153321 -64.121833
v 9.590140 -0.154746 -64.195372
v 9.590140 -0.154746 -64.195372
v 8.707640 -0.153321 -64.121833
v 8.707640 -0.390000 -64.121833
v 9.590140 -0.154746 -64.195372
v 8.707640 -0.390000 -64.121833
v 9.590140 -0.390000 -64.195372
v 8.887030 -0.115904 -64.712625
v 8.063999 -0.161510 -64.520326
v 8.707640 -0.153321 -64.121833
v 8.707640 -0.153321 -64.121833
v 8.063999 -0.161510 -64.520326
v 8.063999 -0.390000 -64.520326
v 8.707640 -0.153321 -64.121833
v 8.063999 -0.390000 -64.520326
v 8.707640 -0.390000 -64.121833
v 8.887030 -0.115904 -64.712625
v 8.301019 -0.152271 -65.143732
v 8.063999 -0.161510 -64.520326
v 8.063999 -0.161510 -64.520326
v 8.301019 -0.152271 -65.143732
v 8.301019 -0.390000 -65.143732
v 8.063999 -0.161510 -64.520326
v 8.301019 -0.390000 -65.143732
v 8.063999 -0.390000 -64.520326
v 8.887030 -0.115904 -64.712625
v 9.113908 -0.127780 -65.459812
v 8.301019 -0.152271 -65.143732
v 8.301019 -0.152271 -65.143732
v 9.113908 -0.127780 -65.459812
v 9.113908 -0.390000 -65.459812
v 8.301019 -0.152271 -65.143732
v 9.113908 -0.390000 -65.459812
v 8.301019 -0.390000 -65.143732
v 8.887030 -0.115904 -64.712625
v 9.692063 -0.139371 -64.900719
v 9.113908 -0.127780 -65.459812
v 9.113908 -0.127780 -65.459812
v 9.692063 -0.139371 -64.900719
v 9.692063 -0.390000 -64.900719
v 9.113908 -0.127780 -65.459812
v 9.692063 -0.390000 -64.900719
v 9.113908 -0.390000 -65.459812
v 8.264181 -0.165075 -60.288520
v 9.550576 -0.181206 -60.067015
v 9.182785 -0.186292 -61.071859
v 9.182785 -0.186292 -61.071859
v 9.550576 -0.181206 -60.067015
v 9.550576 -0.390000 -60.067015
v 9.182785 -0.186292 -61.071859
v 9.550576 -0.390000 -60.067015
v 9.182785 -0.390000 -61.071859
v 8.264181 -0.165075 -60.288520
v 8.600813 -0.219692 -59.458332
v 9.550576 -0.181206 -60.067015
v 9.550576 -0.181206 -60.067015
v 8.600813 -0.219692 -59.458332
v 8.600813 -0.390000 -59.458332
v 9.550576 -0.181206 -60.067015
v 8.600813 -0.390000 -59.458332
v 9.550576 -0.390000 -60.067015
v 8.264181 -0.165075 -60.288520
v 7.313823 -0.192135 -59.478103
v 8.600813 -0.219692 -59.458332
v 8.600813 -0.219692 -59.458332
v 7.313823 -0.192135 -59.478103
v 7.313823 -0.390000 -59.478103
v 8.600813 -0.219692 -59.458332
v 7.313823 -0.390000 -59.478103
v 8.600813 -0.390000 -59.458332
v 8.264181 -0.165075 -60.288520
v 7.043898 -0.173619 -60.498641
v 7.313823 -0.192135 -59.478103
v 7.313823 -0.192135 -59.478103
v 7.043898 -0.173619 -60.498641
v 7.043898 -0.390000 -60.498641
v 7.313823 -0.192135 -59.478103
v 7.043898 -0.390000 -60.498641
v 7.313823 -0.390000 -59.478103
v 8.264181 -0.165075 -60.288520
v 7.911430 -0.208502 -61.158458
v 7.043898 -0.173619 -60.498641
v 7.043898 -0.173619 -60.498641
v 7.911430 -0.208502 -61.158458
v 7.911430 -0.390000 -61.158458
v 7.043898 -0.173619 -60.498641
v 7.911430 -0.390000 -61.158458
v 7.043898 -0.390000 -60.498641
v 8.264181 -0.165075 -60.288520
v 9.182785 -0.186292 -61.071859
v 7.911430 -0.208502 -61.158458
v 7.911430 -0.208502 -61.158458
v 9.182785 -0.186292 -61.071859
v 9.182785 -0.390000 -61.071859
v 7.911430 -0.208502 -61.158458
v 9.182785 -0.390000 -61.071859
v 7.911430 -0.390000 -61.158458
v 8.193744 -0.154041 -65.402400
v 7.315820 -0.188662 -65.297125
v 7.798706 -0.166821 -64.610456
v 7.798706 -0.166821 -64.610456
v 7.315820 -0.188662 -65.297125
v 7.315820 -0.390000 -65.297125
v 7.798706 -0.166821 -64.610456
v 7.315820 -0.390000 -65.297125
v 7.798706 -0.390000 -64.610456
v 8.193744 -0.154041 -65.402400
v 7.617841 -0.159658 -65.962298
v 7.315820 -0.188662 -65.297125
v 7.315820 -0.188662 -65.297125
v 7.617841 -0.159658 -65.962298
v 7.617841 -0.390000 -65.962298
v 7.315820 -0.188662 -65.297125
v 7.617841 -0.390000 -65.962298
v 7.315820 -0.390000 -65.297125
v 8.193744 -0.154041 -65.402400
v 8.605051 -0.195829 -66.226958
v 7.617841 -0.159658 -65.962298
v 7.617841 -0.159658 -65.962298
v 8.605051 -0.195829 -66.226958
v 8.605051 -0.390000 -66.226958
v 7.617841 -0.159658 -65.962298
v 8.605051 -0.390000 -66.226958
v 7.617841 -0.390000 -65.962298
v 8.193744 -0.154041 -65.402400
v 9.311282 -0.164137 -65.536408
v 8.605051 -0.195829 -66.226958
v 8.605051 -0.195829 -66.226958
v 9.311282 -0.164137 -65.536408
v 9.311282 -0.390000 -65.536408
v 8.605051 -0.195829 -66.226958
v 9.311282 -0.390000 -65.536408
v 8.605051 -0.390000 -66.226958
v 8.193744 -0.154041 -65.402400
v 8.922927 -0.164349 -64.693483
v 9.311282 -0.164137 -65.536408
v 9.311282 -0.164137 -65.536408
v 8.922927 -0.164349 -64.693483
v 8.922927 -0.390000 -64.693483
v 9.311282 -0.164137 -65.536408
v 8.922927 -0.390000 -64.693483
v 9.311282 -0.390000 -65.536408
v 8.193744 -0.154041 -65.402400
v 7.798706 -0.166821 -64.610456
v 8.922927 -0.164349 -64.693483
v 8.922927 -0.164349 -64.693483
v 7.798706 -0.166821 -64.610456
v 7.798706 -0.390000 -64.610456
v 8.922927 -0.164349 -64.693483
v 7.798706 -0.390000 -64.610456
v 8.922927 -0.390000 -64.693483
v 5.645263 -0.133521 -50.913786
v 6.356761 -0.164081 -51.104640
v 5.630265 -0.151195 -51.598980
v 5.630265 -0.151195 -51.598980
v 6.356761 -0.164081 -51.104640
v 6.356761 -0.390000 -51.104640
v 5.630265 -0.151195 -51.598980
v 6.356761 -0.390000 -51.104640
v 5.630265 -0.390000 -51.598980
v 5.645263 -0.133521 -50.913786
v 6.108471 -0.164565 -50.433942
v 6.356761 -0.164081 -51.104640
v 6.356761 -0.164081 -51.104640
v 6.108471 -0.164565 -50.433942
v 6.108471 -0.390000 -50.433942
v 6.356761 -0.164081 -51.104640
v 6.108471 -0.390000 -50.433942
v 6.356761 -0.390000 -51.104640
v 5.645263 -0.133521 -50.913786
v 5.212335 -0.183726 -50.431914
v 6.108471 -0.164565 -50.433942
v 6.108471 -0.164565 -50.433942
v 5.212335 -0.183726 -50.431914
v 5.212335 -0.390000 -50.431914
v 6.108471 -0.164565 -50.433942
v 5.212335 -0.390000 -50.431914
v 6.108471 -0.390000 -50.433942
v 5.645263 -0.133521 -50.913786
v 4.855483 -0.159590 -51.102381
v 5.212335 -0.183726 -50.431914
v 5.212335 -0.183726 -50.431914
v 4.855483 -0.159590 -51.102381
v 4.855483 -0.390000 -51.102381
v 5.212335 -0.183726 -50.431914
v 4.855483 -0.390000 -51.102381
v 5.212335 -0.390000 -50.431914
v 5.645263 -0.133521 -50.913786
v 5.630265 -0.151195 -51.598980
v 4.855483 -0.159590 -51.102381
v 4.855483 -0.159590 -51.102381
v 5.630265 -0.151195 -51.598980
v 5.630265 -0.390000 -51.598980
v 4.855483 -0.159590 -51.102381
v 5.630265 -0.390000 -51.598980
v 4.855483 -0.390000 -51.102381
v -0.498347 -0.192092 -61.534324
v -0.590424 -0.223105 -60.980019
v 0.143673 -0.233177 -61.151693
v 0.143673 -0.233177 -61.151693
v -0.590424 -0.223105 -60.980019
v -0.590424 -0.390000 -60.980019
v 0.143673 -0.233177 -61.151693
v -0.590424 -0.390000 -60.980019
v 0.143673 -0.390000 -61.151693
v -0.498347 -0.192092 -61.534324
v -1.184401 -0.201988 -61.311383
v -0.590424 -0.223105 -60.980019
v -0.590424 -0.223105 -60.980019
v -1.184401 -0.201988 -61.311383
v -1.184401 -0.390000 -61.311383
v -0.590424 -0.223105 -60.980019
v -1.184401 -0.390000 -61.311383
v -0.590424 -0.390000 -60.980019
v -0.498347 -0.192092 -61.534324
v -1.152974 -0.226261 -61.924468
v -1.184401 -0.201988 -61.311383
v -1.184401 -0.201988 -61.311383
v -1.152974 -0.226261 -61.924468
v -1.152974 -0.390000 -61.924468
v -1.184401 -0.201988 -61.311383
v -1.152974 -0.390000 -61.924468
v -1.184401 -0.390000 -61.311383
v -0.498347 -0.192092 -61.534324
v -0.407283 -0.239894 -62.082525
v -1.152974 -0.226261 -61.924468
v -1.152974 -0.226261 -61.924468
v -0.407283 -0.239894 -62.082525
v -0.407283 -0.390000 -62.082525
v -1.152974 -0.226261 -61.924468
v -0.407283 -0.390000 -62.082525
v -1.152974 -0.390000 -61.924468
v -0.498347 -0.192092 -61.534324
v 0.134871 -0.243486 -61.740095
v -0.407283 -0.239894 -62.082525
v -0.407283 -0.239894 -62.082525
v 0.134871 -0.243486 -61.740095
v 0.134871 -0.390000 -61.740095
v -0.407283 -0.239894 -62.082525
v 0.134871 -0.390000 -61.740095
v -0.407283 -0.390000 -62.082525
v -0.498347 -0.192092 -61.534324
v 0.143673 -0.233177 -61.151693
v 0.134871 -0.243486 -61.740095
v 0.134871 -0.243486 -61.740095
v 0.143673 -0.233177 -61.151693
v 0.143673 -0.390000 -61.151693
v 0.134871 -0.243486 -61.740095
v 0.143673 -0.390000 -61.151693
v 0.134871 -0.390000 -61.740095
v 7.985355 -0.223699 -63.768406
v 8.814090 -0.252075 -64.204172
v 7.924449 -0.275632 -64.450345
v 7.924449 -0.275632 -64.450345
v 8.814090 -0.252075 -64.204172
v 8.814090 -0.390000 -64.204172
v 7.924449 -0.275632 -64.450345
v 8.814090 -0.390000 -64.204172
v 7.924449 -0.390000 -64.450345
v 7.985355 -0.223699 -63.768406
v 8.785192 -0.272148 -63.463922
v 8.814090 -0.252075 -64.204172
v 8.814090 -0.252075 -64.204172
v 8.785192 -0.272148 -63.463922
v 8.785192 -0.390000 -63.463922
v 8.814090 -0.252075 -64.204172
v 8.785192 -0.390000 -63.463922
v 8.814090 -0.390000 -64.204172
v 7.985355 -0.223699 -63.768406
v 8.052188 -0.242379 -63.020107
v 8.785192 -0.272148 -63.463922
v 8.785192 -0.272148 -63.463922
v 8.052188 -0.242379 -63.020107
v 8.052188 -0.390000 -63.020107
v 8.785192 -0.272148 -63.463922
v 8.052188 -0.390000 -63.020107
v 8.785192 -0.390000 -63.463922
v 7.985355 -0.223699 -63.768406
v 7.230062 -0.269855 -63.371258
v 8.052188 -0.242379 -63.020107
v 8.052188 -0.242379 -63.020107
v 7.230062 -0.269855 -63.371258
v 7.230062 -0.390000 -63.371258
v 8.052188 -0.242379 -63.020107
v 7.230062 -0.390000 -63.371258
v 8.052188 -0.390000 -63.020107
v 7.985355 -0.223699 -63.768406
v 7.066866 -0.278100 -64.118060
v 7.230062 -0.269855 -63.371258
v 7.230062 -0.269855 -63.371258
v 7.066866 -0.278100 -64.118060
v 7.066866 -0.390000 -64.118060
v 7.230062 -0.269855 -63.371258
v 7.066866 -0.390000 -64.118060
v 7.230062 -0.390000 -63.371258
v 7.985355 -0.223699 -63.768406
v 7.924449 -0.275632 -64.450345
v 7.066866 -0.278100 -64.118060
v 7.066866 -0.278100 -64.118060
v 7.924449 -0.275632 -64.450345
v 7.924449 -0.390000 -64.450345
v 7.066866 -0.278100 -64.118060
v 7.924449 -0.390000 -64.450345
v 7.066866 -0.390000 -64.118060
v 2.665608 -0.221559 -50.656867
v 2.991502 -0.246197 -50.473151
v 2.985325 -0.228144 -50.839006
v 2.985325 -0.228144 -50.839006
v 2.991502 -0.246197 -50.473151
v 2.991502 -0.390000 -50.473151
v 2.985325 -0.228144 -50.839006
v 2.991502 -0.390000 -50.473151
v 2.985325 -0.390000 -50.839006
v 2.665608 -0.221559 -50.656867
v 2.531639 -0.271313 -50.332504
v 2.991502 -0.246197 -50.473151
v 2.991502 -0.246197 -50.473151
v 2.531639 -0.271313 -50.332504
v 2.531639 -0.390000 -50.332504
v 2.991502 -0.246197 -50.473151
v 2.531639 -0.390000 -50.332504
v 2.991502 -0.390000 -50.473151
v 2.665608 -0.221559 -50.656867
v 2.216000 -0.265789 -50.655990
v 2.531639 -0.271313 -50.332504
v 2.531639 -0.271313 -50.332504
v 2.216000 -0.265789 -50.655990
v 2.216000 -0.390000 -50.655990
v 2.531639 -0.271313 -50.332504
v 2.216000 -0.390000 -50.655990
v 2.531639 -0.390000 -50.332504
v 2.665608 -0.221559 -50.656867
v 2.537429 -0.233699 -50.961973
v 2.216000 -0.265789 -50.655990
v 2.216000 -0.265789 -50.655990
v 2.537429 -0.233699 -50.961973
v 2.537429 -0.390000 -50.961973
v 2.216000 -0.265789 -50.655990
v 2.537429 -0.390000 -50.961973
v 2.216000 -0.390000 -50.655990
v 2.665608 -0.221559 -50.656867
v 2.985325 -0.228144 -50.839006
v 2.537429 -0.233699 -50.961973
v 2.537429 -0.233699 -50.961973
v 2.985325 -0.228144 -50.839006
v 2.985325 -0.390000 -50.839006
v 2.537429 -0.233699 -50.961973
v 2.985325 -0.390000 -50.839006
v 2.537429 -0.390000 -50.961973
v -3.480915 -0.100726 -14.151249
v -3.962977 -0.133741 -13.938283
v -3.365143 -0.115912 -13.708450
v -3.365143 -0.115912 -13.708450
v -3.962977 -0.133741 -13.938283
v -3.962977 -0.390000 -13.938283
v -3.365143 -0.115912 -13.708450
v -3.962977 -0.390000 -13.938283
v -3.365143 -0.390000 -13.708450
v -3.480915 -0.100726 -14.151249
v -3.828361 -0.148601 -14.399351
v -3.962977 -0.133741 -13.938283
v -3.962977 -0.133741 -13.938283
v -3.828361 -0.148601 -14.399351
v -3.828361 -0.390000 -14.399351
v -3.962977 -0.133741 -13.938283
v -3.828361 -0.390000 -14.399351
v -3.962977 -0.390000 -13.938283
v -3.480915 -0.100726 -14.151249
v -3.274807 -0.118608 -14.504448
v -3.828361 -0.148601 -14.399351
v -3.828361 -0.148601 -14.399351
v -3.274807 -0.118608 -14.504448
v -3.274807 -0.390000 -14.504448
v -3.828361 -0.148601 -14.399351
v -3.274807 -0.390000 -14.504448
v -3.828361 -0.390000 -14.399351
v -3.480915 -0.100726 -14.151249
v -2.978254 -0.117463 -14.106762
v -3.274807 -0.118608 -14.504448
v -3.274807 -0.118608 -14.504448
v -2.978254 -0.117463 -14.106762
v -2.978254 -0.390000 -14.106762
v -3.274807 -0.118608 -14.504448
v -2.978254 -0.390000 -14.106762
v -3.274807 -0.390000 -14.504448
v -3.480915 -0.100726 -14.151249
v -3.365143 -0.115912 -13.708450
v -2.978254 -0.117463 -14.106762
v -2.978254 -0.117463 -14.106762
v -3.365143 -0.115912 -13.708450
v -3.365143 -0.390000 -13.708450
v -2.978254 -0.117463 -14.106762
v -3.365143 -0.390000 -13.708450
v -2.978254 -0.390000 -14.106762
v -3.554480 -0.148929 -10.675043
v -2.381251 -0.203136 -10.947092
v -3.161696 -0.180448 -11.432762
v -3.161696 -0.180448 -11.432762
v -2.381251 -0.203136 -10.947092
v -2.381251 -0.390000 -10.947092
v -3.161696 -0.180448 -11.432762
v -2.381251 -0.390000 -10.947092
v -3.161696 -0.390000 -11.432762
v -3.554480 -0.148929 -10.675043
v -2.532643 -0.191500 -10.119599
v -2.381251 -0.203136 -10.947092
v -2.381251 -0.203136 -10.947092
v -2.532643 -0.191500 -10.119599
v -2.532643 -0.390000 -10.119599
v -2.381251 -0.203136 -10.947092
v -2.532643 -0.390000 -10.119599
v -2.381251 -0.390000 -10.947092
v -3.554480 -0.148929 -10.675043
v -3.475005 -0.177854 -9.716222
v -2.532643 -0.191500 -10.119599
v -2.532643 -0.191500 -10.119599
v -3.475005 -0.177854 -9.716222
v -3.475005 -0.390000 -9.716222
v -2.532643 -0.191500 -10.119599
v -3.475005 -0.390000 -9.716222
v -2.532643 -0.390000 -10.119599
v -3.554480 -0.148929 -10.675043
v -4.410608 -0.164529 -10.068036
v -3.475005 -0.177854 -9.716222
v -3.475005 -0.177854 -9.716222
v -4.410608 -0.164529 -10.068036
v -4.410608 -0.390000 -10.068036
v -3.475005 -0.177854 -9.716222
v -4.410608 -0.390000 -10.068036
v -3.475005 -0.390000 -9.716222
v -3.554480 -0.148929 -10.675043
v -4.837243 -0.188723 -10.836345
v -4.410608 -0.164529 -10.068036
v -4.410608 -0.164529 -10.068036
v -4.837243 -0.188723 -10.836345
v -4.837243 -0.390000 -10.836345
v -4.410608 -0.164529 -10.068036
v -4.837243 -0.390000 -10.836345
v -4.410608 -0.390000 -10.068036
v -3.554480 -0.148929 -10.675043
v -4.038051 -0.186934 -11.344073
v -4.837243 -0.188723 -10.836345
v -4.837243 -0.188723 -10.836345
v -4.038051 -0.186934 -11.344073
v -4.038051 -0.390000 -11.344073
v -4.837243 -0.188723 -10.836345
v -4.038051 -0.390000 -11.344073
v -4.837243 -0.390000 -10.836345
v -3.554480 -0.148929 -10.675043
v -3.161696 -0.180448 -11.432762
v -4.038051 -0.186934 -11.344073
v -4.038051 -0.186934 -11.344073
v -3.161696 -0.180448 -11.432762
v -3.161696 -0.390000 -11.432762
v -4.038051 -0.186934 -11.344073
v -3.161696 -0.390000 -11.432762
v -4.038051 -0.390000 -11.344073
v -4.820799 -0.160285 -14.809434
v -5.818092 -0.184287 -14.934276
v -5.369751 -0.185232 -14.282884
v -5.369751 -0.185232 -14.282884
v -5.818092 -0.184287 -14.934276
v -5.818092 -0.390000 -14.934276
v -5.369751 -0.185232 -14.282884
v -5.818092 -0.390000 -14.934276
v -5.369751 -0.390000 -14.282884
v -4.820799 -0.160285 -14.809434
v -5.122074 -0.174277 -15.425391
v -5.818092 -0.184287 -14.934276
v -5.818092 -0.184287 -14.934276
v -5.122074 -0.174277 -15.425391
v -5.122074 -0.390000 -15.425391
v -5.818092 -0.184287 -14.934276
v -5.122074 -0.390000 -15.425391
v -5.818092 -0.390000 -14.934276
v -4.820799 -0.160285 -14.809434
v -4.215978 -0.169727 -15.389571
v -5.122074 -0.174277 -15.425391
v -5.122074 -0.174277 -15.425391
v -4.215978 -0.169727 -15.389571
v -4.215978 -0.390000 -15.389571
v -5.122074 -0.174277 -15.425391
v -4.215978 -0.390000 -15.389571
v -5.122074 -0.390000 -15.425391
v -4.820799 -0.160285 -14.809434
v -3.954796 -0.204018 -14.701027
v -4.215978 -0.169727 -15.389571
v -4.215978 -0.169727 -15.389571
v -3.954796 -0.204018 -14.701027
v -3.954796 -0.390000 -14.701027
v -4.215978 -0.169727 -15.389571
v -3.954796 -0.390000 -14.701027
v -4.215978 -0.390000 -15.389571
v -4.820799 -0.160285 -14.809434
v -4.490412 -0.211543 -14.133961
v -3.954796 -0.204018 -14.701027
v -3.954796 -0.204018 -14.701027
v -4.490412 -0.211543 -14.133961
v -4.490412 -0.390000 -14.133961
v -3.954796 -0.204018 -14.701027
v -4.490412 -0.390000 -14.133961
v -3.954796 -0.390000 -14.701027
v -4.820799 -0.160285 -14.809434
v -5.369751 -0.185232 -14.282884
v -4.490412 -0.211543 -14.133961
v -4.490412 -0.211543 -14.133961
v -5.369751 -0.185232 -14.282884
v -5.369751 -0.390000 -14.282884
v -4.490412 -0.211543 -14.133961
v -5.369751 -0.390000 -14.282884
v -4.490412 -0.390000 -14.133961
v -2.314733 -0.213424 -16.907448
v -1.853767 -0.264031 -17.483122
v -2.667473 -0.254035 -17.424643
v -2.667473 -0.254035 -17.424643
v -1.853767 -0.264031 -17.483122
v -1.853767 -0.390000 -17.483122
v -2.667473 -0.254035 -17.424643
v -1.853767 -0.390000 -17.483122
v -2.667473 -0.390000 -17.424643
v -2.314733 -0.213424 -16.907448
v -1.568534 -0.244862 -16.887245
v -1.853767 -0.264031 -17.483122
v -1.853767 -0.264031 -17.483122
v -1.568534 -0.244862 -16.887245
v -1.568534 -0.390000 -16.887245
v -1.853767 -0.264031 -17.483122
v -1.568534 -0.390000 -16.887245
v -1.853767 -0.390000 -17.483122
v -2.314733 -0.213424 -16.907448
v -1.990540 -0.247138 -16.432108
v -1.568534 -0.244862 -16.887245
v -1.568534 -0.244862 -16.887245
v -1.990540 -0.247138 -16.432108
v -1.990540 -0.390000 -16.432108
v -1.568534 -0.244862 -16.887245
v -1.990540 -0.390000 -16.432108
v -1.568534 -0.390000 -16.887245
v -2.314733 -0.213424 -16.907448
v -2.773540 -0.261447 -16.334470
v -1.990540 -0.247138 -16.432108
v -1.990540 -0.247138 -16.432108
v -2.773540 -0.261447 -16.334470
v -2.773540 -0.390000 -16.334470
v -1.990540 -0.247138 -16.432108
v -2.773540 -0.390000 -16.334470
v -1.990540 -0.390000 -16.432108
v -2.314733 -0.213424 -16.907448
v -3.103505 -0.253669 -16.928803
v -2.773540 -0.261447 -16.334470
v -2.773540 -0.261447 -16.334470
v -3.103505 -0.253669 -16.928803
v -3.103505 -0.390000 -16.928803
v -2.773540 -0.261447 -16.334470
v -3.103505 -0.390000 -16.928803
v -2.773540 -0.390000 -16.334470
v -2.314733 -0.213424 -16.907448
v -2.667473 -0.254035 -17.424643
v -3.103505 -0.253669 -16.928803
v -3.103505 -0.253669 -16.928803
v -2.667473 -0.254035 -17.424643
v -2.667473 -0.390000 -17.424643
v -3.103505 -0.253669 -16.928803
v -2.667473 -0.390000 -17.424643
v -3.103505 -0.390000 -16.928803
v 3.331889 -0.229033 -15.843405
v 2.782547 -0.263856 -14.901226
v 3.916515 -0.281997 -14.947409
v 3.916515 -0.281997 -14.947409
v 2.782547 -0.263856 -14.901226
v 2.782547 -0.390000 -14.901226
v 3.916515 -0.281997 -14.947409
v 2.782547 -0.390000 -14.901226
v 3.916515 -0.390000 -14.947409
v 3.331889 -0.229033 -15.843405
v 2.201685 -0.265033 -15.621708
v 2.782547 -0.263856 -14.901226
v 2.782547 -0.263856 -14.901226
v 2.201685 -0.265033 -15.621708
v 2.201685 -0.390000 -15.621708
v 2.782547 -0.263856 -14.901226
v 2.201685 -0.390000 -15.621708
v 2.782547 -0.390000 -14.901226
v 3.331889 -0.229033 -15.843405
v 2.282251 -0.283723 -16.467380
v 2.201685 -0.265033 -15.621708
v 2.201685 -0.265033 -15.621708
v 2.282251 -0.283723 -16.467380
v 2.282251 -0.390000 -16.467380
v 2.201685 -0.265033 -15.621708
v 2.282251 -0.390000 -16.467380
v 2.201685 -0.390000 -15.621708
v 3.331889 -0.229033 -15.843405
v 3.307831 -0.278909 -16.697183
v 2.282251 -0.283723 -16.467380
v 2.282251 -0.283723 -16.467380
v 3.307831 -0.278909 -16.697183
v 3.307831 -0.390000 -16.697183
v 2.282251 -0.283723 -16.467380
v 3.307831 -0.390000 -16.697183
v 2.282251 -0.390000 -16.467380
v 3.331889 -0.229033 -15.843405
v 4.350775 -0.274010 -16.506268
v 3.307831 -0.278909 -16.697183
v 3.307831 -0.278909 -16.697183
v 4.350775 -0.274010 -16.506268
v 4.350775 -0.390000 -16.506268
v 3.307831 -0.278909 -16.697183
v 4.350775 -0.390000 -16.506268
v 3.307831 -0.390000 -16.697183
v 3.331889 -0.229033 -15.843405
v 4.560193 -0.239759 -15.646774
v 4.350775 -0.274010 -16.506268
v 4.350775 -0.274010 -16.506268
v 4.560193 -0.239759 -15.646774
v 4.560193 -0.390000 -15.646774
v 4.350775 -0.274010 -16.506268
v 4.560193 -0.390000 -15.646774
v 4.350775 -0.390000 -16.506268
v 3.331889 -0.229033 -15.843405
v 3.916515 -0.281997 -14.947409
v 4.560193 -0.239759 -15.646774
v 4.560193 -0.239759 -15.646774
v 3.916515 -0.281997 -14.947409
v 3.916515 -0.390000 -14.947409
v 4.560193 -0.239759 -15.646774
v 3.916515 -0.390000 -14.947409
v 4.560193 -0.390000 -15.646774
v -5.786433 -0.194606 -27.449201
v -4.850937 -0.214286 -27.044046
v -4.874097 -0.215610 -27.876093
v -4.874097 -0.215610 -27.876093
v -4.850937 -0.214286 -27.044046
v -4.850937 -0.390000 -27.044046
v -4.874097 -0.215610 -27.876093
v -4.850937 -0.390000 -27.044046
v -4.874097 -0.390000 -27.876093
v -5.786433 -0.194606 -27.449201
v -5.768739 -0.230038 -26.624662
v -4.850937 -0.214286 -27.044046
v -4.850937 -0.214286 -27.044046
v -5.768739 -0.230038 -26.624662
v -5.768739 -0.390000 -26.624662
v -4.850937 -0.214286 -27.044046
v -5.768739 -0.390000 -26.624662
v -4.850937 -0.390000 -27.044046
v -5.786433 -0.194606 -27.449201
v -6.837836 -0.247032 -26.957239
v -5.768739 -0.230038 -26.624662
v -5.768739 -0.230038 -26.624662
v -6.837836 -0.247032 -26.957239
v -6.837836 -0.390000 -26.957239
v -5.768739 -0.230038 -26.624662
v -6.837836 -0.390000 -26.957239
v -5.768739 -0.390000 -26.624662
v -5.786433 -0.194606 -27.449201
v -6.802551 -0.244199 -27.889274
v -6.837836 -0.247032 -26.957239
v -6.837836 -0.247032 -26.957239
v -6.802551 -0.244199 -27.889274
v -6.802551 -0.390000 -27.889274
v -6.837836 -0.247032 -26.957239
v -6.802551 -0.390000 -27.889274
v -6.837836 -0.390000 -26.957239
v -5.786433 -0.194606 -27.449201
v -5.808270 -0.210764 -28.466820
v -6.802551 -0.244199 -27.889274
v -6.802551 -0.244199 -27.889274
v -5.808270 -0.210764 -28.466820
v -5.808270 -0.390000 -28.466820
v -6.802551 -0.244199 -27.889274
v -5.808270 -0.390000 -28.466820
v -6.802551 -0.390000 -27.889274
v -5.786433 -0.194606 -27.449201
v -4.874097 -0.215610 -27.876093
v -5.808270 -0.210764 -28.466820
v -5.808270 -0.210764 -28.466820
v -4.874097 -0.215610 -27.876093
v -4.874097 -0.390000 -27.876093
v -5.808270 -0.210764 -28.466820
v -4.874097 -0.390000 -27.876093
v -5.808270 -0.390000 -28.466820
v -4.414193 -0.151204 -24.589186
v -3.908811 -0.200893 -25.445476
v -4.907634 -0.156563 -25.354132
v -4.907634 -0.156563 -25.354132
v -3.908811 -0.200893 -25.445476
v -3.908811 -0.390000 -25.445476
v -4.907634 -0.156563 -25.354132
v -3.908811 -0.390000 -25.445476
v -4.907634 -0.390000 -25.354132
v -4.414193 -0.151204 -24.589186
v -3.394874 -0.172465 -24.785242
v -3.908811 -0.200893 -25.445476
v -3.908811 -0.200893 -25.445476
v -3.394874 -0.172465 -24.785242
v -3.394874 -0.390000 -24.785242
v -3.908811 -0.200893 -25.445476
v -3.394874 -0.390000 -24.785242
v -3.908811 -0.390000 -25.445476
v -4.414193 -0.151204 -24.589186
v -3.472873 -0.184927 -24.024235
v -3.394874 -0.172465 -24.785242
v -3.394874 -0.172465 -24.785242
v -3.472873 -0.184927 -24.024235
v -3.472873 -0.390000 -24.024235
v -3.394874 -0.172465 -24.785242
v -3.472873 -0.390000 -24.024235
v -3.394874 -0.390000 -24.785242
v -4.414193 -0.151204 -24.589186
v -4.392496 -0.161293 -23.614739
v -3.472873 -0.184927 -24.024235
v -3.472873 -0.184927 -24.024235
v -4.392496 -0.161293 -23.614739
v -4.392496 -0.390000 -23.614739
v -3.472873 -0.184927 -24.024235
v -4.392496 -0.390000 -23.614739
v -3.472873 -0.390000 -24.024235
v -4.414193 -0.151204 -24.589186
v -5.224389 -0.196911 -24.067012
v -4.392496 -0.161293 -23.614739
v -4.392496 -0.161293 -23.614739
v -5.224389 -0.196911 -24.067012
v -5.224389 -0.390000 -24.067012
v -4.392496 -0.161293 -23.614739
v -5.224389 -0.390000 -24.067012
v -4.392496 -0.390000 -23.614739
v -4.414193 -0.151204 -24.589186
v -5.452773 -0.181200 -24.759340
v -5.224389 -0.196911 -24.067012
v -5.224389 -0.196911 -24.067012
v -5.452773 -0.181200 -24.759340
v -5.452773 -0.390000 -24.759340
v -5.224389 -0.196911 -24.067012
v -5.452773 -0.390000 -24.759340
v -5.224389 -0.390000 -24.067012
v -4.414193 -0.151204 -24.589186
v -4.907634 -0.156563 -25.354132
v -5.452773 -0.181200 -24.759340
v -5.452773 -0.181200 -24.759340
v -4.907634 -0.156563 -25.354132
v -4.907634 -0.390000 -25.354132
v -5.452773 -0.181200 -24.759340
v -4.907634 -0.390000 -25.354132
v -5.452773 -0.390000 -24.759340
v 4.390582 -0.112116 -10.830497
v 4.666825 -0.144042 -11.134738
v 4.231880 -0.154903 -11.258762
v 4.231880 -0.154903 -11.258762
v 4.666825 -0.144042 -11.134738
v 4.666825 -0.390000 -11.134738
v 4.231880 -0.154903 -11.258762
v 4.666825 -0.390000 -11.134738
v 4.231880 -0.390000 -11.258762
v 4.390582 -0.112116 -10.830497
v 4.937702 -0.127706 -10.854838
v 4.666825 -0.144042 -11.134738
v 4.666825 -0.144042 -11.134738
v 4.937702 -0.127706 -10.854838
v 4.937702 -0.390000 -10.854838
v 4.666825 -0.144042 -11.134738
v 4.937702 -0.390000 -10.854838
v 4.666825 -0.390000 -11.134738
v 4.390582 -0.112116 -10.830497
v 4.719970 -0.136160 -10.543507
v 4.937702 -0.127706 -10.854838
v 4.937702 -0.127706 -10.854838
v 4.719970 -0.136160 -10.543507
v 4.719970 -0.390000 -10.543507
v 4.937702 -0.127706 -10.854838
v 4.719970 -0.390000 -10.543507
v 4.937702 -0.390000 -10.854838
v 4.390582 -0.112116 -10.830497
v 4.308725 -0.130038 -10.452707
v 4.719970 -0.136160 -10.543507
v 4.719970 -0.136160 -10.543507
v 4.308725 -0.130038 -10.452707
v 4.308725 -0.390000 -10.452707
v 4.719970 -0.136160 -10.543507
v 4.308725 -0.390000 -10.452707
v 4.719970 -0.390000 -10.543507
v 4.390582 -0.112116 -10.830497
v 3.963570 -0.151334 -10.646035
v 4.308725 -0.130038 -10.452707
v 4.308725 -0.130038 -10.452707
v 3.963570 -0.151334 -10.646035
v 3.963570 -0.390000 -10.646035
v 4.308725 -0.130038 -10.452707
v 3.963570 -0.390000 -10.646035
v 4.308725 -0.390000 -10.452707
v 4.390582 -0.112116 -10.830497
v 3.878702 -0.156456 -10.995469
v 3.963570 -0.151334 -10.646035
v 3.963570 -0.151334 -10.646035
v 3.878702 -0.156456 -10.995469
v 3.878702 -0.390000 -10.995469
v 3.963570 -0.151334 -10.646035
v 3.878702 -0.390000 -10.995469
v 3.963570 -0.390000 -10.646035
v 4.390582 -0.112116 -10.830497
v 4.231880 -0.154903 -11.258762
v 3.878702 -0.156456 -10.995469
v 3.878702 -0.156456 -10.995469
v 4.231880 -0.154903 -11.258762
v 4.231880 -0.390000 -11.258762
v 3.878702 -0.156456 -10.995469
v 4.231880 -0.390000 -11.258762
v 3.878702 -0.390000 -10.995469
v -5.616744 -0.196455 -19.738014
v -4.698746 -0.202317 -20.278966
v -5.990639 -0.208246 -20.581630
v -5.990639 -0.208246 -20.581630
v -4.698746 -0.202317 -20.278966
v -4.698746 -0.390000 -20.278966
v -5.990639 -0.208246 -20.581630
v -4.698746 -0.390000 -20.278966
v -5.990639 -0.390000 -20.581630
v -5.616744 -0.196455 -19.738014
v -4.552583 -0.219170 -19.158326
v -4.698746 -0.202317 -20.278966
v -4.698746 -0.202317 -20.278966
v -4.552583 -0.219170 -19.158326
v -4.552583 -0.390000 -19.158326
v -4.698746 -0.202317 -20.278966
v -4.552583 -0.390000 -19.158326
v -4.698746 -0.390000 -20.278966
v -5.616744 -0.196455 -19.738014
v -5.962430 -0.246301 -18.852191
v -4.552583 -0.219170 -19.158326
v -4.552583 -0.219170 -19.158326
v -5.962430 -0.246301 -18.852191
v -5.962430 -0.390000 -18.852191
v -4.552583 -0.219170 -19.158326
v -5.962430 -0.390000 -18.852191
v -4.552583 -0.390000 -19.158326
v -5.616744 -0.196455 -19.738014
v -6.949667 -0.204231 -19.718591
v -5.962430 -0.246301 -18.852191
v -5.962430 -0.246301 -18.852191
v -6.949667 -0.204231 -19.718591
v -6.949667 -0.390000 -19.718591
v -5.962430 -0.246301 -18.852191
v -6.949667 -0.390000 -19.718591
v -5.962430 -0.390000 -18.852191
v -5.616744 -0.196455 -19.738014
v -5.990639 -0.208246 -20.581630
v -6.949667 -0.204231 -19.718591
v -6.949667 -0.204231 -19.718591
v -5.990639 -0.208246 -20.581630
v -5.990639 -0.390000 -20.581630
v -6.949667 -0.204231 -19.718591
v -5.990639 -0.390000 -20.581630
v -6.949667 -0.390000 -19.718591
v -5.819623 -0.153798 -22.363074
v -5.967934 -0.184068 -22.774532
v -6.301986 -0.162411 -22.458953
v -6.301986 -0.162411 -22.458953
v -5.967934 -0.184068 -22.774532
v -5.967934 -0.390000 -22.774532
v -6.301986 -0.162411 -22.458953
v -5.967934 -0.390000 -22.774532
v -6.301986 -0.390000 -22.458953
v -5.819623 -0.153798 -22.363074
v -5.404840 -0.179976 -22.694647
v -5.967934 -0.184068 -22.774532
v -5.967934 -0.184068 -22.774532
v -5.404840 -0.179976 -22.694647
v -5.404840 -0.390000 -22.694647
v -5.967934 -0.184068 -22.774532
v -5.404840 -0.390000 -22.694647
v -5.967934 -0.390000 -22.774532
v -5.819623 -0.153798 -22.363074
v -5.327139 -0.169899 -22.265183
v -5.404840 -0.179976 -22.694647
v -5.404840 -0.179976 -22.694647
v -5.327139 -0.169899 -22.265183
v -5.327139 -0.390000 -22.265183
v -5.404840 -0.179976 -22.694647
v -5.327139 -0.390000 -22.265183
v -5.404840 -0.390000 -22.694647
v -5.819623 -0.153798 -22.363074
v -5.688879 -0.178084 -22.000349
v -5.327139 -0.169899 -22.265183
v -5.327139 -0.169899 -22.265183
v -5.688879 -0.178084 -22.000349
v -5.688879 -0.390000 -22.000349
v -5.327139 -0.169899 -22.265183
v -5.688879 -0.390000 -22.000349
v -5.327139 -0.390000 -22.265183
v -5.819623 -0.153798 -22.363074
v -6.233280 -0.168926 -22.032401
v -5.688879 -0.178084 -22.000349
v -5.688879 -0.178084 -22.000349
v -6.233280 -0.168926 -22.032401
v -6.233280 -0.390000 -22.032401
v -5.688879 -0.178084 -22.000349
v -6.233280 -0.390000 -22.032401
v -5.688879 -0.390000 -22.000349
v -5.819623 -0.153798 -22.363074
v -6.301986 -0.162411 -22.458953
v -6.233280 -0.168926 -22.032401
v -6.233280 -0.168926 -22.032401
v -6.301986 -0.162411 -22.458953
v -6.301986 -0.390000 -22.458953
v -6.233280 -0.168926 -22.032401
v -6.301986 -0.390000 -22.458953
v -6.233280 -0.390000 -22.032401
v -6.916263 -0.098678 -19.609052
v -7.248542 -0.141723 -19.433744
v -6.943222 -0.112876 -19.341679
v -6.943222 -0.112876 -19.341679
v -7.248542 -0.141723 -19.433744
v -7.248542 -0.390000 -19.433744
v -6.943222 -0.112876 -19.341679
v -7.248542 -0.390000 -19.433744
v -6.943222 -0.390000 -19.341679
v -6.916263 -0.098678 -19.609052
v -7.258747 -0.119917 -19.692533
v -7.248542 -0.141723 -19.433744
v -7.248542 -0.141723 -19.433744
v -7.258747 -0.119917 -19.692533
v -7.258747 -0.390000 -19.692533
v -7.248542 -0.141723 -19.433744
v -7.258747 -0.390000 -19.692533
v -7.248542 -0.390000 -19.433744
v -6.916263 -0.098678 -19.609052
v -7.053051 -0.118186 -19.883881
v -7.258747 -0.119917 -19.692533
v -7.258747 -0.119917 -19.692533
v -7.053051 -0.118186 -19.883881
v -7.053051 -0.390000 -19.883881
v -7.258747 -0.119917 -19.692533
v -7.053051 -0.390000 -19.883881
v -7.258747 -0.390000 -19.692533
v -6.916263 -0.098678 -19.609052
v -6.711073 -0.135963 -19.883919
v -7.053051 -0.118186 -19.883881
v -7.053051 -0.118186 -19.883881
v -6.711073 -0.135963 -19.883919
v -6.711073 -0.390000 -19.883919
v -7.053051 -0.118186 -19.883881
v -6.711073 -0.390000 -19.883919
v -7.053051 -0.390000 -19.883881
v -6.916263 -0.098678 -19.609052
v -6.604413 -0.149764 -19.644798
v -6.711073 -0.135963 -19.883919
v -6.711073 -0.135963 -19.883919
v -6.604413 -0.149764 -19.644798
v -6.604413 -0.390000 -19.644798
v -6.711073 -0.135963 -19.883919
v -6.604413 -0.390000 -19.644798
v -6.711073 -0.390000 -19.883919
v -6.916263 -0.098678 -19.609052
v -6.631602 -0.109530 -19.401505
v -6.604413 -0.149764 -19.644798
v -6.604413 -0.149764 -19.644798
v -6.631602 -0.109530 -19.401505
v -6.631602 -0.390000 -19.401505
v -6.604413 -0.149764 -19.644798
v -6.631602 -0.390000 -19.401505
v -6.604413 -0.390000 -19.644798
v -6.916263 -0.098678 -19.609052
v -6.943222 -0.112876 -19.341679
v -6.631602 -0.109530 -19.401505
v -6.631602 -0.109530 -19.401505
v -6.943222 -0.112876 -19.341679
v -6.943222 -0.390000 -19.341679
v -6.631602 -0.109530 -19.401505
v -6.943222 -0.390000 -19.341679
v -6.631602 -0.390000 -19.401505
v 23.569487 -0.233574 22.906958
v 22.793224 -0.288017 22.584627
v 22.871182 -0.285435 23.432421
v 22.871182 -0.285435 23.432421
v 22.793224 -0.288017 22.584627
v 22.793224 -0.390000 22.584627
v 22.871182 -0.285435 23.432421
v 22.793224 -0.390000 22.584627
v 22.871182 -0.390000 23.432421
v 23.569487 -0.233574 22.906958
v 23.731539 -0.270325 22.192197
v 22.793224 -0.288017 22.584627
v 22.793224 -0.288017 22.584627
v 23.731539 -0.270325 22.192197
v 23.731539 -0.390000 22.192197
v 22.793224 -0.288017 22.584627
v 23.731539 -0.390000 22.192197
v 22.793224 -0.390000 22.584627
v 23.569487 -0.233574 22.906958
v 24.508817 -0.251922 22.804361
v 23.731539 -0.270325 22.192197
v 23.731539 -0.270325 22.192197
v 24.508817 -0.251922 22.804361
v 24.508817 -0.390000 22.804361
v 23.731539 -0.270325 22.192197
v 24.508817 -0.390000 22.804361
v 23.731539 -0.390000 22.192197
v 23.569487 -0.233574 22.906958
v 24.021140 -0.267743 23.630177
v 24.508817 -0.251922 22.804361
v 24.508817 -0.251922 22.804361
v 24.021140 -0.267743 23.630177
v 24.021140 -0.390000 23.630177
v 24.508817 -0.251922 22.804361
v 24.021140 -0.390000 23.630177
v 24.508817 -0.390000 22.804361
v 23.569487 -0.233574 22.906958
v 22.871182 -0.285435 23.432421
v 24.021140 -0.267743 23.630177
v 24.021140 -0.267743 23.630177
v 22.871182 -0.285435 23.432421
v 22.871182 -0.390000 23.432421
v 24.021140 -0.267743 23.630177
v 22.871182 -0.390000 23.432421
v 24.021140 -0.390000 23.630177
v 10.478958 -0.164926 25.997011
v 10.854944 -0.184734 26.399276
v 11.110463 -0.200012 26.018326
v 11.110463 -0.200012 26.018326
v 10.854944 -0.184734 26.399276
v 10.854944 -0.390000 26.399276
v 11.110463 -0.200012 26.018326
v 10.854944 -0.390000 26.399276
v 11.110463 -0.390000 26.018326
v 10.478958 -0.164926 25.997011
v 10.317734 -0.200568 26.455599
v 10.854944 -0.184734 26.399276
v 10.854944 -0.184734 26.399276
v 10.317734 -0.200568 26.455599
v 10.317734 -0.390000 26.455599
v 10.854944 -0.184734 26.399276
v 10.317734 -0.390000 26.455599
v 10.854944 -0.390000 26.399276
v 10.478958 -0.164926 25.997011
v 10.001420 -0.207418 26.156938
v 10.317734 -0.200568 26.455599
v 10.317734 -0.200568 26.455599
v 10.001420 -0.207418 26.156938
v 10.001420 -0.390000 26.156938
v 10.317734 -0.200568 26.455599
v 10.001420 -0.390000 26.156938
v 10.317734 -0.390000 26.455599
v 10.478958 -0.164926 25.997011
v 9.936076 -0.201077 25.770037
v 10.001420 -0.207418 26.156938
v 10.001420 -0.207418 26.156938
v 9.936076 -0.201077 25.770037
v 9.936076 -0.390000 25.770037
v 10.001420 -0.207418 26.156938
v 9.936076 -0.390000 25.770037
v 10.001420 -0.390000 26.156938
v 10.478958 -0.164926 25.997011
v 10.376449 -0.200345 25.560477
v 9.936076 -0.201077 25.770037
v 9.936076 -0.201077 25.770037
v 10.376449 -0.200345 25.560477
v 10.376449 -0.390000 25.560477
v 9.936076 -0.201077 25.770037
v 10.376449 -0.390000 25.560477
v 9.936076 -0.390000 25.770037
v 10.478958 -0.164926 25.997011
v 10.884137 -0.208481 25.634079
v 10.376449 -0.200345 25.560477
v 10.376449 -0.200345 25.560477
v 10.884137 -0.208481 25.634079
v 10.884137 -0.390000 25.634079
v 10.376449 -0.200345 25.560477
v 10.884137 -0.390000 25.634079
v 10.376449 -0.390000 25.560477
v 10.478958 -0.164926 25.997011
v 11.110463 -0.200012 26.018326
v 10.884137 -0.208481 25.634079
v 10.884137 -0.208481 25.634079
v 11.110463 -0.200012 26.018326
v 11.110463 -0.390000 26.018326
v 10.884137 -0.208481 25.634079
v 11.110463 -0.390000 26.018326
v 10.884137 -0.390000 25.634079
v 20.726101 -0.156943 14.517492
v 21.131298 -0.187524 14.739524
v 21.093452 -0.171176 14.384418
v 21.093452 -0.171176 14.384418
v 21.131298 -0.187524 14.739524
v 21.131298 -0.390000 14.739524
v 21.093452 -0.171176 14.384418
v 21.131298 -0.390000 14.739524
v 21.093452 -0.390000 14.384418
v 20.726101 -0.156943 14.517492
v 20.681839 -0.181067 14.905210
v 21.131298 -0.187524 14.739524
v 21.131298 -0.187524 14.739524
v 20.681839 -0.181067 14.905210
v 20.681839 -0.390000 14.905210
v 21.131298 -0.187524 14.739524
v 20.681839 -0.390000 14.905210
v 21.131298 -0.390000 14.739524
v 20.726101 -0.156943 14.517492
v 20.258459 -0.211417 14.686897
v 20.681839 -0.181067 14.905210
v 20.681839 -0.181067 14.905210
v 20.258459 -0.211417 14.686897
v 20.258459 -0.390000 14.686897
v 20.681839 -0.181067 14.905210
v 20.258459 -0.390000 14.686897
v 20.681839 -0.390000 14.905210
v 20.726101 -0.156943 14.517492
v 20.394146 -0.200198 14.335593
v 20.258459 -0.211417 14.686897
v 20.258459 -0.211417 14.686897
v 20.394146 -0.200198 14.335593
v 20.394146 -0.390000 14.335593
v 20.258459 -0.211417 14.686897
v 20.394146 -0.390000 14.335593
v 20.258459 -0.390000 14.686897
v 20.726101 -0.156943 14.517492
v 20.761604 -0.170944 14.206508
v 20.394146 -0.200198 14.335593
v 20.394146 -0.200198 14.335593
v 20.761604 -0.170944 14.206508
v 20.761604 -0.390000 14.206508
v 20.394146 -0.200198 14.335593
v 20.761604 -0.390000 14.206508
v 20.394146 -0.390000 14.335593
v 20.726101 -0.156943 14.517492
v 21.093452 -0.171176 14.384418
v 20.761604 -0.170944 14.206508
v 20.761604 -0.170944 14.206508
v 21.093452 -0.171176 14.384418
v 21.093452 -0.390000 14.384418
v 20.761604 -0.170944 14.206508
v 21.093452 -0.390000 14.384418
v 20.761604 -0.390000 14.206508
v 19.223488 -0.120892 25.392529
v 18.751333 -0.171930 24.714343
v 18.259332 -0.164969 25.372884
v 18.259332 -0.164969 25.372884
v 18.751333 -0.171930 24.714343
v 18.751333 -0.390000 24.714343
v 18.259332 -0.164969 25.372884
v 18.751333 -0.390000 24.714343
v 18.259332 -0.390000 25.372884
v 19.223488 -0.120892 25.392529
v 19.858090 -0.150009 24.584665
v 18.751333 -0.171930 24.714343
v 18.751333 -0.171930 24.714343
v 19.858090 -0.150009 24.584665
v 19.858090 -0.390000 24.584665
v 18.751333 -0.171930 24.714343
v 19.858090 -0.390000 24.584665
v 18.751333 -0.390000 24.714343
v 19.223488 -0.120892 25.392529
v 20.172603 -0.171685 25.411868
v 19.858090 -0.150009 24.584665
v 19.858090 -0.150009 24.584665
v 20.172603 -0.171685 25.411868
v 20.172603 -0.390000 25.411868
v 19.858090 -0.150009 24.584665
v 20.172603 -0.390000 25.411868
v 19.858090 -0.390000 24.584665
v 19.223488 -0.120892 25.392529
v 19.686314 -0.158694 26.057317
v 20.172603 -0.171685 25.411868
v 20.172603 -0.171685 25.411868
v 19.686314 -0.158694 26.057317
v 19.686314 -0.390000 26.057317
v 20.172603 -0.171685 25.411868
v 19.686314 -0.390000 26.057317
v 20.172603 -0.390000 25.411868
v 19.223488 -0.120892 25.392529
v 18.643322 -0.167897 26.131095
v 19.686314 -0.158694 26.057317
v 19.686314 -0.158694 26.057317
v 18.643322 -0.167897 26.131095
v 18.643322 -0.390000 26.131095
v 19.686314 -0.158694 26.057317
v 18.643322 -0.390000 26.131095
v 19.686314 -0.390000 26.057317
v 19.223488 -0.120892 25.392529
v 18.259332 -0.164969 25.372884
v 18.643322 -0.167897 26.131095
v 18.643322 -0.167897 26.131095
v 18.259332 -0.164969 25.372884
v 18.259332 -0.390000 25.372884
v 18.643322 -0.167897 26.131095
v 18.259332 -0.390000 25.372884
v 18.643322 -0.390000 26.131095
v 18.329046 -0.129874 19.584276
v 18.659407 -0.165972 20.107663
v 18.985139 -0.150847 19.510417
v 18.985139 -0.150847 19.510417
v 18.659407 -0.165972 20.107663
v 18.659407 -0.390000 20.107663
v 18.985139 -0.150847 19.510417
v 18.659407 -0.390000 20.107663
v 18.985139 -0.390000 19.510417
v 18.329046 -0.129874 19.584276
v 17.793319 -0.148460 19.990813
v 18.659407 -0.165972 20.107663
v 18.659407 -0.165972 20.107663
v 17.793319 -0.148460 19.990813
v 17.793319 -0.390000 19.990813
v 18.659407 -0.165972 20.107663
v 17.793319 -0.390000 19.990813
v 18.659407 -0.390000 20.107663
v 18.329046 -0.129874 19.584276
v 17.654367 -0.138817 19.306964
v 17.793319 -0.148460 19.990813
v 17.793319 -0.148460 19.990813
v 17.654367 -0.138817 19.306964
v 17.654367 -0.390000 19.306964
v 17.793319 -0.148460 19.990813
v 17.654367 -0.390000 19.306964
v 17.793319 -0.390000 19.990813
v 18.329046 -0.129874 19.584276
v 18.457179 -0.160500 19.004907
v 17.654367 -0.138817 19.306964
v 17.654367 -0.138817 19.306964
v 18.457179 -0.160500 19.004907
v 18.457179 -0.390000 19.004907
v 17.654367 -0.138817 19.306964
v 18.457179 -0.390000 19.004907
v 17.654367 -0.390000 19.306964
v 18.329046 -0.129874 19.584276
v 18.985139 -0.150847 19.510417
v 18.457179 -0.160500 19.004907
v 18.457179 -0.160500 19.004907
v 18.985139 -0.150847 19.510417
v 18.985139 -0.390000 19.510417
v 18.457179 -0.160500 19.004907
v 18.985139 -0.390000 19.510417
v 18.457179 -0.390000 19.004907
v 12.520500 -0.099322 10.139147
v 12.158763 -0.120116 9.251232
v 11.553927 -0.152847 9.850607
v 11.553927 -0.152847 9.850607
v 12.158763 -0.120116 9.251232
v 12.158763 -0.390000 9.251232
v 11.553927 -0.152847 9.850607
v 12.158763 -0.390000 9.251232
v 11.553927 -0.390000 9.850607
v 12.520500 -0.099322 10.139147
v 13.158185 -0.132729 9.396142
v 12.158763 -0.120116 9.251232
v 12.158763 -0.120116 9.251232
v 13.158185 -0.132729 9.396142
v 13.158185 -0.390000 9.396142
v 12.158763 -0.120116 9.251232
v 13.158185 -0.390000 9.396142
v 12.158763 -0.390000 9.251232
v 12.520500 -0.099322 10.139147
v 13.486938 -0.131565 10.076222
v 13.158185 -0.132729 9.396142
v 13.158185 -0.132729 9.396142
v 13.486938 -0.131565 10.076222
v 13.486938 -0.390000 10.076222
v 13.158185 -0.132729 9.396142
v 13.486938 -0.390000 10.076222
v 13.158185 -0.390000 9.396142
v 12.520500 -0.099322 10.139147
v 13.297951 -0.150338 10.781687
v 13.486938 -0.131565 10.076222
v 13.486938 -0.131565 10.076222
v 13.297951 -0.150338 10.781687
v 13.297951 -0.390000 10.781687
v 13.486938 -0.131565 10.076222
v 13.297951 -0.390000 10.781687
v 13.486938 -0.390000 10.076222
v 12.520500 -0.099322 10.139147
v 12.366841 -0.108569 10.982817
v 13.297951 -0.150338 10.781687
v 13.297951 -0.150338 10.781687
v 12.366841 -0.108569 10.982817
v 12.366841 -0.390000 10.982817
v 13.297951 -0.150338 10.781687
v 12.366841 -0.390000 10.982817
v 13.297951 -0.390000 10.781687
v 12.520500 -0.099322 10.139147
v 11.637527 -0.133011 10.544606
v 12.366841 -0.108569 10.982817
v 12.366841 -0.108569 10.982817
v 11.637527 -0.133011 10.544606
v 11.637527 -0.390000 10.544606
v 12.366841 -0.108569 10.982817
v 11.637527 -0.390000 10.544606
v 12.366841 -0.390000 10.982817
v 12.520500 -0.099322 10.139147
v 11.553927 -0.152847 9.850607
v 11.637527 -0.133011 10.544606
v 11.637527 -0.133011 10.544606
v 11.553927 -0.152847 9.850607
v 11.553927 -0.390000 9.850607
v 11.637527 -0.133011 10.544606
v 11.553927 -0.390000 9.850607
v 11.637527 -0.390000 10.544606
v 10.520319 -0.107116 15.220357
v 10.442530 -0.122519 14.691606
v 9.786335 -0.126985 15.104360
v 9.786335 -0.126985 15.104360
v 10.442530 -0.122519 14.691606
v 10.442530 -0.390000 14.691606
v 9.786335 -0.126985 15.104360
v 10.442530 -0.390000 14.691606
v 9.786335 -0.390000 15.104360
v 10.520319 -0.107116 15.220357
v 11.177259 -0.138849 14.986338
v 10.442530 -0.122519 14.691606
v 10.442530 -0.122519 14.691606
v 11.177259 -0.138849 14.986338
v 11.177259 -0.390000 14.986338
v 10.442530 -0.122519 14.691606
v 11.177259 -0.390000 14.986338
v 10.442530 -0.390000 14.691606
v 10.520319 -0.107116 15.220357
v 10.929727 -0.124453 15.568291
v 11.177259 -0.138849 14.986338
v 11.177259 -0.138849 14.986338
v 10.929727 -0.124453 15.568291
v 10.929727 -0.390000 15.568291
v 11.177259 -0.138849 14.986338
v 10.929727 -0.390000 15.568291
v 11.177259 -0.390000 14.986338
v 10.520319 -0.107116 15.220357
v 10.151171 -0.125190 15.730240
v 10.929727 -0.124453 15.568291
v 10.929727 -0.124453 15.568291
v 10.151171 -0.125190 15.730240
v 10.151171 -0.390000 15.730240
v 10.929727 -0.124453 15.568291
v 10.151171 -0.390000 15.730240
v 10.929727 -0.390000 15.568291
v 10.520319 -0.107116 15.220357
v 9.786335 -0.126985 15.104360
v 10.151171 -0.125190 15.730240
v 10.151171 -0.125190 15.730240
v 9.786335 -0.126985 15.104360
v 9.786335 -0.390000 15.104360
v 10.151171 -0.125190 15.730240
v 9.786335 -0.390000 15.104360
v 10.151171 -0.390000 15.730240
v 21.855991 -0.156862 15.164008
v 21.517175 -0.185184 15.328260
v 21.866848 -0.164880 15.424556
v 21.866848 -0.164880 15.424556
v 21.517175 -0.185184 15.328260
v 21.517175 -0.390000 15.328260
v 21.866848 -0.164880 15.424556
v 21.517175 -0.390000 15.328260
v 21.866848 -0.390000 15.424556
v 21.855991 -0.156862 15.164008
v 21.560602 -0.211699 15.040786
v 21.517175 -0.185184 15.328260
v 21.517175 -0.185184 15.328260
v 21.560602 -0.211699 15.040786
v 21.560602 -0.390000 15.040786
v 21.517175 -0.185184 15.328260
v 21.560602 -0.390000 15.040786
v 21.517175 -0.390000 15.328260
v 21.855991 -0.156862 15.164008
v 21.843190 -0.188680 14.856806
v 21.560602 -0.211699 15.040786
v 21.560602 -0.211699 15.040786
v 21.843190 -0.188680 14.856806
v 21.843190 -0.390000 14.856806
v 21.560602 -0.211699 15.040786
v 21.843190 -0.390000 14.856806
v 21.560602 -0.390000 15.040786
v 21.855991 -0.156862 15.164008
v 22.215479 -0.186556 14.989734
v 21.843190 -0.188680 14.856806
v 21.843190 -0.188680 14.856806
v 22.215479 -0.186556 14.989734
v 22.215479 -0.390000 14.989734
v 21.843190 -0.188680 14.856806
v 22.215479 -0.390000 14.989734
v 21.843190 -0.390000 14.856806
v 21.855991 -0.156862 15.164008
v 22.221200 -0.192345 15.316356
v 22.215479 -0.186556 14.989734
v 22.215479 -0.186556 14.989734
v 22.221200 -0.192345 15.316356
v 22.221200 -0.390000 15.316356
v 22.215479 -0.186556 14.989734
v 22.221200 -0.390000 15.316356
v 22.215479 -0.390000 14.989734
v 21.855991 -0.156862 15.164008
v 21.866848 -0.164880 15.424556
v 22.221200 -0.192345 15.316356
v 22.221200 -0.192345 15.316356
v 21.866848 -0.164880 15.424556
v 21.866848 -0.390000 15.424556
v 22.221200 -0.192345 15.316356
v 21.866848 -0.390000 15.424556
v 22.221200 -0.390000 15.316356
v 11.159438 -0.206055 14.185257
v 10.836246 -0.260919 13.685906
v 10.555668 -0.259466 14.086999
v 10.555668 -0.259466 14.086999
v 10.836246 -0.260919 13.685906
v 10.836246 -0.390000 13.685906
v 10.555668 -0.259466 14.086999
v 10.836246 -0.390000 13.685906
v 10.555668 -0.390000 14.086999
v 11.159438 -0.206055 14.185257
v 11.457552 -0.245171 13.678362
v 10.836246 -0.260919 13.685906
v 10.836246 -0.260919 13.685906
v 11.457552 -0.245171 13.678362
v 11.457552 -0.390000 13.678362
v 10.836246 -0.260919 13.685906
v 11.457552 -0.390000 13.678362
v 10.836246 -0.390000 13.685906
v 11.159438 -0.206055 14.185257
v 11.954398 -0.219777 14.031473
v 11.457552 -0.245171 13.678362
v 11.457552 -0.245171 13.678362
v 11.954398 -0.219777 14.031473
v 11.954398 -0.390000 14.031473
v 11.457552 -0.245171 13.678362
v 11.954398 -0.390000 14.031473
v 11.457552 -0.390000 13.678362
v 11.159438 -0.206055 14.185257
v 11.772037 -0.228394 14.551901
v 11.954398 -0.219777 14.031473
v 11.954398 -0.219777 14.031473
v 11.772037 -0.228394 14.551901
v 11.772037 -0.390000 14.551901
v 11.954398 -0.219777 14.031473
v 11.772037 -0.390000 14.551901
v 11.954398 -0.390000 14.031473
v 11.159438 -0.206055 14.185257
v 11.173540 -0.216663 14.773145
v 11.772037 -0.228394 14.551901
v 11.772037 -0.228394 14.551901
v 11.173540 -0.216663 14.773145
v 11.173540 -0.390000 14.773145
v 11.772037 -0.228394 14.551901
v 11.173540 -0.390000 14.773145
v 11.772037 -0.390000 14.551901
v 11.159438 -0.206055 14.185257
v 10.657939 -0.254968 14.509359
v 11.173540 -0.216663 14.773145
v 11.173540 -0.216663 14.773145
v 10.657939 -0.254968 14.509359
v 10.657939 -0.390000 14.509359
v 11.173540 -0.216663 14.773145
v 10.657939 -0.390000 14.509359
v 11.173540 -0.390000 14.773145
v 11.159438 -0.206055 14.185257
v 10.555668 -0.259466 14.086999
v 10.657939 -0.254968 14.509359
v 10.657939 -0.254968 14.509359
v 10.555668 -0.259466 14.086999
v 10.555668 -0.390000 14.086999
v 10.657939 -0.254968 14.509359
v 10.555668 -0.390000 14.086999
v 10.657939 -0.390000 14.509359
v 17.104498 -0.174795 16.279979
v 17.886904 -0.215652 16.027175
v 17.194881 -0.221355 15.744377
v 17.194881 -0.221355 15.744377
v 17.886904 -0.215652 16.027175
v 17.886904 -0.390000 16.027175
v 17.194881 -0.221355 15.744377
v 17.886904 -0.390000 16.027175
v 17.194881 -0.390000 15.744377
v 17.104498 -0.174795 16.279979
v 17.702231 -0.224286 16.637711
v 17.886904 -0.215652 16.027175
v 17.886904 -0.215652 16.027175
v 17.702231 -0.224286 16.637711
v 17.702231 -0.390000 16.637711
v 17.886904 -0.215652 16.027175
v 17.702231 -0.390000 16.637711
v 17.886904 -0.390000 16.027175
v 17.104498 -0.174795 16.279979
v 17.001597 -0.209816 16.889763
v 17.702231 -0.224286 16.637711
v 17.702231 -0.224286 16.637711
v 17.001597 -0.209816 16.889763
v 17.001597 -0.390000 16.889763
v 17.702231 -0.224286 16.637711
v 17.001597 -0.390000 16.889763
v 17.702231 -0.390000 16.637711
v 17.104498 -0.174795 16.279979
v 16.452713 -0.208095 16.490578
v 17.001597 -0.209816 16.889763
v 17.001597 -0.209816 16.889763
v 16.452713 -0.208095 16.490578
v 16.452713 -0.390000 16.490578
v 17.001597 -0.209816 16.889763
v 16.452713 -0.390000 16.490578
v 17.001597 -0.390000 16.889763
v 17.104498 -0.174795 16.279979
v 16.484449 -0.206998 15.908891
v 16.452713 -0.208095 16.490578
v 16.452713 -0.208095 16.490578
v 16.484449 -0.206998 15.908891
v 16.484449 -0.390000 15.908891
v 16.452713 -0.208095 16.490578
v 16.484449 -0.390000 15.908891
v 16.452713 -0.390000 16.490578
v 17.104498 -0.174795 16.279979
v 17.194881 -0.221355 15.744377
v 16.484449 -0.206998 15.908891
v 16.484449 -0.206998 15.908891
v 17.194881 -0.221355 15.744377
v 17.194881 -0.390000 15.744377
v 16.484449 -0.206998 15.908891
v 17.194881 -0.390000 15.744377
v 16.484449 -0.390000 15.908891
v 9.607479 -0.093079 15.431543
v 9.580041 -0.137059 15.198485
v 9.358522 -0.122775 15.303866
v 9.358522 -0.122775 15.303866
v 9.580041 -0.137059 15.198485
v 9.580041 -0.390000 15.198485
v 9.358522 -0.122775 15.303866
v 9.580041 -0.390000 15.198485
v 9.358522 -0.390000 15.303866
v 9.607479 -0.093079 15.431543
v 9.872047 -0.145892 15.233523
v 9.580041 -0.137059 15.198485
v 9.580041 -0.137059 15.198485
v 9.872047 -0.145892 15.233523
v 9.872047 -0.390000 15.233523
v 9.580041 -0.137059 15.198485
v 9.872047 -0.390000 15.233523
v 9.580041 -0.390000 15.198485
v 9.607479 -0.093079 15.431543
v 9.926096 -0.143889 15.464749
v 9.872047 -0.145892 15.233523
v 9.872047 -0.145892 15.233523
v 9.926096 -0.143889 15.464749
v 9.926096 -0.390000 15.464749
v 9.872047 -0.145892 15.233523
v 9.926096 -0.390000 15.464749
v 9.872047 -0.390000 15.233523
v 9.607479 -0.093079 15.431543
v 9.779621 -0.147626 15.655354
v 9.926096 -0.143889 15.464749
v 9.926096 -0.143889 15.464749
v 9.779621 -0.147626 15.655354
v 9.779621 -0.390000 15.655354
v 9.926096 -0.143889 15.464749
v 9.779621 -0.390000 15.655354
v 9.926096 -0.390000 15.464749
v 9.607479 -0.093079 15.431543
v 9.487945 -0.120123 15.681344
v 9.779621 -0.147626 15.655354
v 9.779621 -0.147626 15.655354
v 9.487945 -0.120123 15.681344
v 9.487945 -0.390000 15.681344
v 9.779621 -0.147626 15.655354
v 9.487945 -0.390000 15.681344
v 9.779621 -0.390000 15.655354
v 9.607479 -0.093079 15.431543
v 9.297994 -0.106670 15.510461
v 9.487945 -0.120123 15.681344
v 9.487945 -0.120123 15.681344
v 9.297994 -0.106670 15.510461
v 9.297994 -0.390000 15.510461
v 9.487945 -0.120123 15.681344
v 9.297994 -0.390000 15.510461
v 9.487945 -0.390000 15.681344
v 9.607479 -0.093079 15.431543
v 9.358522 -0.122775 15.303866
v 9.297994 -0.106670 15.510461
v 9.297994 -0.106670 15.510461
v 9.358522 -0.122775 15.303866
v 9.358522 -0.390000 15.303866
v 9.297994 -0.106670 15.510461
v 9.358522 -0.390000 15.303866
v 9.297994 -0.390000 15.510461
v 8.169795 -0.203536 61.335732
v 7.244588 -0.255080 61.215726
v 7.611947 -0.214283 62.173683
v 7.611947 -0.214283 62.173683
v 7.244588 -0.255080 61.215726
v 7.244588 -0.390000 61.215726
v 7.611947 -0.214283 62.173683
v 7.244588 -0.390000 61.215726
v 7.611947 -0.390000 62.173683
v 8.169795 -0.203536 61.335732
v 8.025690 -0.234872 60.588856
v 7.244588 -0.255080 61.215726
v 7.244588 -0.255080 61.215726
v 8.025690 -0.234872 60.588856
v 8.025690 -0.390000 60.588856
v 7.244588 -0.255080 61.215726
v 8.025690 -0.390000 60.588856
v 7.244588 -0.390000 61.215726
v 8.169795 -0.203536 61.335732
v 9.156551 -0.217482 60.951006
v 8.025690 -0.234872 60.588856
v 8.025690 -0.234872 60.588856
v 9.156551 -0.217482 60.951006
v 9.156551 -0.390000 60.951006
v 8.025690 -0.234872 60.588856
v 9.156551 -0.390000 60.951006
v 8.025690 -0.390000 60.588856
v 8.169795 -0.203536 61.335732
v 9.042937 -0.224147 62.027359
v 9.156551 -0.217482 60.951006
v 9.156551 -0.217482 60.951006
v 9.042937 -0.224147 62.027359
v 9.042937 -0.390000 62.027359
v 9.156551 -0.217482 60.951006
v 9.042937 -0.390000 62.027359
v 9.156551 -0.390000 60.951006
v 8.169795 -0.203536 61.335732
v 7.611947 -0.214283 62.173683
v 9.042937 -0.224147 62.027359
v 9.042937 -0.224147 62.027359
v 7.611947 -0.214283 62.173683
v 7.611947 -0.390000 62.173683
v 9.042937 -0.224147 62.027359
v 7.611947 -0.390000 62.173683
v 9.042937 -0.390000 62.027359
v 13.762049 -0.171526 55.929678
v 13.080770 -0.213447 56.201936
v 13.725461 -0.202449 56.498563
v 13.725461 -0.202449 56.498563
v 13.080770 -0.213447 56.201936
v 13.080770 -0.390000 56.201936
v 13.725461 -0.202449 56.498563
v 13.080770 -0.390000 56.201936
v 13.725461 -0.390000 56.498563
v 13.762049 -0.171526 55.929678
v 13.186236 -0.208738 55.639432
v 13.080770 -0.213447 56.201936
v 13.080770 -0.213447 56.201936
v 13.186236 -0.208738 55.639432
v 13.186236 -0.390000 55.639432
v 13.080770 -0.213447 56.201936
v 13.186236 -0.390000 55.639432
v 13.080770 -0.390000 56.201936
v 13.762049 -0.171526 55.929678
v 13.796153 -0.223954 55.399429
v 13.186236 -0.208738 55.639432
v 13.186236 -0.208738 55.639432
v 13.796153 -0.223954 55.399429
v 13.796153 -0.390000 55.399429
v 13.186236 -0.208738 55.639432
v 13.796153 -0.390000 55.399429
v 13.186236 -0.390000 55.639432
v 13.762049 -0.171526 55.929678
v 14.401952 -0.223302 55.673954
v 13.796153 -0.223954 55.399429
v 13.796153 -0.223954 55.399429
v 14.401952 -0.223302 55.673954
v 14.401952 -0.390000 55.673954
v 13.796153 -0.223954 55.399429
v 14.401952 -0.390000 55.673954
v 13.796153 -0.390000 55.399429
v 13.762049 -0.171526 55.929678
v 14.388239 -0.183178 56.245316
v 14.401952 -0.223302 55.673954
v 14.401952 -0.223302 55.673954
v 14.388239 -0.183178 56.245316
v 14.388239 -0.390000 56.245316
v 14.401952 -0.223302 55.673954
v 14.388239 -0.390000 56.245316
v 14.401952 -0.390000 55.673954
v 13.762049 -0.171526 55.929678
v 13.725461 -0.202449 56.498563
v 14.388239 -0.183178 56.245316
v 14.388239 -0.183178 56.245316
v 13.725461 -0.202449 56.498563
v 13.725461 -0.390000 56.498563
v 14.388239 -0.183178 56.245316
v 13.725461 -0.390000 56.498563
v 14.388239 -0.390000 56.245316
v 16.457770 -0.118182 59.033478
v 15.903026 -0.149798 59.037649
v 16.175541 -0.163785 59.423400
v 16.175541 -0.163785 59.423400
v 15.903026 -0.149798 59.037649
v 15.903026 -0.390000 59.037649
v 16.175541 -0.163785 59.423400
v 15.903026 -0.390000 59.037649
v 16.175541 -0.390000 59.423400
v 16.457770 -0.118182 59.033478
v 16.182591 -0.141072 58.669851
v 15.903026 -0.149798 59.037649
v 15.903026 -0.149798 59.037649
v 16.182591 -0.141072 58.669851
v 16.182591 -0.390000 58.669851
v 15.903026 -0.149798 59.037649
v 16.182591 -0.390000 58.669851
v 15.903026 -0.390000 59.037649
v 16.457770 -0.118182 59.033478
v 16.704404 -0.156118 58.692733
v 16.182591 -0.141072 58.669851
v 16.182591 -0.141072 58.669851
v 16.704404 -0.156118 58.692733
v 16.704404 -0.390000 58.692733
v 16.182591 -0.141072 58.669851
v 16.704404 -0.390000 58.692733
v 16.182591 -0.390000 58.669851
v 16.457770 -0.118182 59.033478
v 16.966906 -0.135026 59.029651
v 16.704404 -0.156118 58.692733
v 16.704404 -0.156118 58.692733
v 16.966906 -0.135026 59.029651
v 16.966906 -0.390000 59.029651
v 16.704404 -0.156118 58.692733
v 16.966906 -0.390000 59.029651
v 16.704404 -0.390000 58.692733
v 16.457770 -0.118182 59.033478
v 16.759004 -0.171562 59.431536
v 16.966906 -0.135026 59.029651
v 16.966906 -0.135026 59.029651
v 16.759004 -0.171562 59.431536
v 16.759004 -0.390000 59.431536
v 16.966906 -0.135026 59.029651
v 16.759004 -0.390000 59.431536
v 16.966906 -0.390000 59.029651
v 16.457770 -0.118182 59.033478
v 16.175541 -0.163785 59.423400
v 16.759004 -0.171562 59.431536
v 16.759004 -0.171562 59.431536
v 16.175541 -0.163785 59.423400
v 16.175541 -0.390000 59.423400
v 16.759004 -0.171562 59.431536
v 16.175541 -0.390000 59.423400
v 16.759004 -0.390000 59.431536
v 15.937715 -0.135256 54.930065
v 17.107809 -0.175443 54.875179
v 16.602728 -0.143801 54.192833
v 16.602728 -0.143801 54.192833
v 17.107809 -0.175443 54.875179
v 17.107809 -0.390000 54.875179
v 16.602728 -0.143801 54.192833
v 17.107809 -0.390000 54.875179
v 16.602728 -0.390000 54.192833
v 15.937715 -0.135256 54.930065
v 16.661300 -0.172664 55.556606
v 17.107809 -0.175443 54.875179
v 17.107809 -0.175443 54.875179
v 16.661300 -0.172664 55.556606
v 16.661300 -0.390000 55.556606
v 17.107809 -0.175443 54.875179
v 16.661300 -0.390000 55.556606
v 17.107809 -0.390000 54.875179
v 15.937715 -0.135256 54.930065
v 15.752228 -0.171166 55.802524
v 16.661300 -0.172664 55.556606
v 16.661300 -0.172664 55.556606
v 15.752228 -0.171166 55.802524
v 15.752228 -0.390000 55.802524
v 16.661300 -0.172664 55.556606
v 15.752228 -0.390000 55.802524
v 16.661300 -0.390000 55.556606
v 15.937715 -0.135256 54.930065
v 14.914566 -0.146779 55.375275
v 15.752228 -0.171166 55.802524
v 15.752228 -0.171166 55.802524
v 14.914566 -0.146779 55.375275
v 14.914566 -0.390000 55.375275
v 15.752228 -0.171166 55.802524
v 14.914566 -0.390000 55.375275
v 15.752228 -0.390000 55.802524
v 15.937715 -0.135256 54.930065
v 15.080871 -0.159790 54.656330
v 14.914566 -0.146779 55.375275
v 14.914566 -0.146779 55.375275
v 15.080871 -0.159790 54.656330
v 15.080871 -0.390000 54.656330
v 14.914566 -0.146779 55.375275
v 15.080871 -0.390000 54.656330
v 14.914566 -0.390000 55.375275
v 15.937715 -0.135256 54.930065
v 15.683213 -0.151335 54.251148
v 15.080871 -0.159790 54.656330
v 15.080871 -0.159790 54.656330
v 15.683213 -0.151335 54.251148
v 15.683213 -0.390000 54.251148
v 15.080871 -0.159790 54.656330
v 15.683213 -0.390000 54.251148
v 15.080871 -0.390000 54.656330
v 15.937715 -0.135256 54.930065
v 16.602728 -0.143801 54.192833
v 15.683213 -0.151335 54.251148
v 15.683213 -0.151335 54.251148
v 16.602728 -0.143801 54.192833
v 16.602728 -0.390000 54.192833
v 15.683213 -0.151335 54.251148
v 16.602728 -0.390000 54.192833
v 15.683213 -0.390000 54.251148
v 7.373099 -0.123689 66.417347
v 7.288580 -0.176565 66.078137
v 6.930842 -0.130658 66.374981
v 6.930842 -0.130658 66.374981
v 7.288580 -0.176565 66.078137
v 7.288580 -0.390000 66.078137
v 6.930842 -0.130658 66.374981
v 7.288580 -0.390000 66.078137
v 6.930842 -0.390000 66.374981
v 7.373099 -0.123689 66.417347
v 7.834034 -0.140650 66.218070
v 7.288580 -0.176565 66.078137
v 7.288580 -0.176565 66.078137
v 7.834034 -0.140650 66.218070
v 7.834034 -0.390000 66.218070
v 7.288580 -0.176565 66.078137
v 7.834034 -0.390000 66.218070
v 7.288580 -0.390000 66.078137
v 7.373099 -0.123689 66.417347
v 7.714981 -0.130974 66.666033
v 7.834034 -0.140650 66.218070
v 7.834034 -0.140650 66.218070
v 7.714981 -0.130974 66.666033
v 7.714981 -0.390000 66.666033
v 7.834034 -0.140650 66.218070
v 7.714981 -0.390000 66.666033
v 7.834034 -0.390000 66.218070
v 7.373099 -0.123689 66.417347
v 7.145638 -0.136475 66.797796
v 7.714981 -0.130974 66.666033
v 7.714981 -0.130974 66.666033
v 7.145638 -0.136475 66.797796
v 7.145638 -0.390000 66.797796
v 7.714981 -0.130974 66.666033
v 7.145638 -0.390000 66.797796
v 7.714981 -0.390000 66.666033
v 7.373099 -0.123689 66.417347
v 6.930842 -0.130658 66.374981
v 7.145638 -0.136475 66.797796
v 7.145638 -0.136475 66.797796
v 6.930842 -0.130658 66.374981
v 6.930842 -0.390000 66.374981
v 7.145638 -0.136475 66.797796
v 6.930842 -0.390000 66.374981
v 7.145638 -0.390000 66.797796
v 9.732626 -0.212772 56.059365
v 8.789093 -0.218698 56.714816
v 9.996335 -0.253716 57.053612
v 9.996335 -0.253716 57.053612
v 8.789093 -0.218698 56.714816
v 8.789093 -0.390000 56.714816
v 9.996335 -0.253716 57.053612
v 8.789093 -0.390000 56.714816
v 9.996335 -0.390000 57.053612
v 9.732626 -0.212772 56.059365
v 8.557793 -0.241101 55.756103
v 8.789093 -0.218698 56.714816
v 8.789093 -0.218698 56.714816
v 8.557793 -0.241101 55.756103
v 8.557793 -0.390000 55.756103
v 8.789093 -0.218698 56.714816
v 8.557793 -0.390000 55.756103
v 8.789093 -0.390000 56.714816
v 9.732626 -0.212772 56.059365
v 9.472542 -0.232725 55.078785
v 8.557793 -0.241101 55.756103
v 8.557793 -0.241101 55.756103
v 9.472542 -0.232725 55.078785
v 9.472542 -0.390000 55.078785
v 8.557793 -0.241101 55.756103
v 9.472542 -0.390000 55.078785
v 8.557793 -0.390000 55.756103
v 9.732626 -0.212772 56.059365
v 10.570073 -0.254788 55.477609
v 9.472542 -0.232725 55.078785
v 9.472542 -0.232725 55.078785
v 10.570073 -0.254788 55.477609
v 10.570073 -0.390000 55.477609
v 9.472542 -0.232725 55.078785
v 10.570073 -0.390000 55.477609
v 9.472542 -0.390000 55.078785
v 9.732626 -0.212772 56.059365
v 10.749009 -0.244219 56.321726
v 10.570073 -0.254788 55.477609
v 10.570073 -0.254788 55.477609
v 10.749009 -0.244219 56.321726
v 10.749009 -0.390000 56.321726
v 10.570073 -0.254788 55.477609
v 10.749009 -0.390000 56.321726
v 10.570073 -0.390000 55.477609
v 9.732626 -0.212772 56.059365
v 9.996335 -0.253716 57.053612
v 10.749009 -0.244219 56.321726
v 10.749009 -0.244219 56.321726
v 9.996335 -0.253716 57.053612
v 9.996335 -0.390000 57.053612
v 10.749009 -0.244219 56.321726
v 9.996335 -0.390000 57.053612
v 10.749009 -0.390000 56.321726
v 12.726812 -0.231518 51.756337
v 11.796661 -0.246664 51.902193
v 12.346367 -0.237377 52.333637
v 12.346367 -0.237377 52.333637
v 11.796661 -0.246664 51.902193
v 11.796661 -0.390000 51.902193
v 12.346367 -0.237377 52.333637
v 11.796661 -0.390000 51.902193
v 12.346367 -0.390000 52.333637
v 12.726812 -0.231518 51.756337
v 12.107580 -0.275585 51.350167
v 11.796661 -0.246664 51.902193
v 11.796661 -0.246664 51.902193
v 12.107580 -0.275585 51.350167
v 12.107580 -0.390000 51.350167
v 11.796661 -0.246664 51.902193
v 12.107580 -0.390000 51.350167
v 11.796661 -0.390000 51.902193
v 12.726812 -0.231518 51.756337
v 12.752616 -0.249875 50.982578
v 12.107580 -0.275585 51.350167
v 12.107580 -0.275585 51.350167
v 12.752616 -0.249875 50.982578
v 12.752616 -0.390000 50.982578
v 12.107580 -0.275585 51.350167
v 12.752616 -0.390000 50.982578
v 12.107580 -0.390000 51.350167
v 12.726812 -0.231518 51.756337
v 13.438527 -0.264770 51.336774
v 12.752616 -0.249875 50.982578
v 12.752616 -0.249875 50.982578
v 13.438527 -0.264770 51.336774
v 13.438527 -0.390000 51.336774
v 12.752616 -0.249875 50.982578
v 13.438527 -0.390000 51.336774
v 12.752616 -0.390000 50.982578
v 12.726812 -0.231518 51.756337
v 13.637136 -0.269958 51.937951
v 13.438527 -0.264770 51.336774
v 13.438527 -0.264770 51.336774
v 13.637136 -0.269958 51.937951
v 13.637136 -0.390000 51.937951
v 13.438527 -0.264770 51.336774
v 13.637136 -0.390000 51.937951
v 13.438527 -0.390000 51.336774
v 12.726812 -0.231518 51.756337
v 13.085280 -0.249671 52.377785
v 13.637136 -0.269958 51.937951
v 13.637136 -0.269958 51.937951
v 13.085280 -0.249671 52.377785
v 13.085280 -0.390000 52.377785
v 13.637136 -0.269958 51.937951
v 13.085280 -0.390000 52.377785
v 13.637136 -0.390000 51.937951
v 12.726812 -0.231518 51.756337
v 12.346367 -0.237377 52.333637
v 13.085280 -0.249671 52.377785
v 13.085280 -0.249671 52.377785
v 12.346367 -0.237377 52.333637
v 12.346367 -0.390000 52.333637
v 13.085280 -0.249671 52.377785
v 12.346367 -0.390000 52.333637
v 13.085280 -0.390000 52.377785
v 12.166950 -0.178088 51.503690
v 12.987871 -0.198527 51.089100
v 12.285032 -0.202072 50.572605
v 12.285032 -0.202072 50.572605
v 12.987871 -0.198527 51.089100
v 12.987871 -0.390000 51.089100
v 12.285032 -0.202072 50.572605
v 12.987871 -0.390000 51.089100
v 12.285032 -0.390000 50.572605
v 12.166950 -0.178088 51.503690
v 13.358069 -0.198777 51.814671
v 12.987871 -0.198527 51.089100
v 12.987871 -0.198527 51.089100
v 13.358069 -0.198777 51.814671
v 13.358069 -0.390000 51.814671
v 12.987871 -0.198527 51.089100
v 13.358069 -0.390000 51.814671
v 12.987871 -0.390000 51.089100
v 12.166950 -0.178088 51.503690
v 12.567106 -0.229707 52.358223
v 13.358069 -0.198777 51.814671
v 13.358069 -0.198777 51.814671
v 12.567106 -0.229707 52.358223
v 12.567106 -0.390000 52.358223
v 13.358069 -0.198777 51.814671
v 12.567106 -0.390000 52.358223
v 13.358069 -0.390000 51.814671
v 12.166950 -0.178088 51.503690
v 11.598523 -0.202463 52.231088
v 12.567106 -0.229707 52.358223
v 12.567106 -0.229707 52.358223
v 11.598523 -0.202463 52.231088
v 11.598523 -0.390000 52.231088
v 12.567106 -0.229707 52.358223
v 11.598523 -0.390000 52.231088
v 12.567106 -0.390000 52.358223
v 12.166950 -0.178088 51.503690
v 11.175244 -0.192545 51.601516
v 11.598523 -0.202463 52.231088
v 11.598523 -0.202463 52.231088
v 11.175244 -0.192545 51.601516
v 11.175244 -0.390000 51.601516
v 11.598523 -0.202463 52.231088
v 11.175244 -0.390000 51.601516
v 11.598523 -0.390000 52.231088
v 12.166950 -0.178088 51.503690
v 11.416575 -0.193361 50.934104
v 11.175244 -0.192545 51.601516
v 11.175244 -0.192545 51.601516
v 11.416575 -0.193361 50.934104
v 11.416575 -0.390000 50.934104
v 11.175244 -0.192545 51.601516
v 11.416575 -0.390000 50.934104
v 11.175244 -0.390000 51.601516
v 12.166950 -0.178088 51.503690
v 12.285032 -0.202072 50.572605
v 11.416575 -0.193361 50.934104
v 11.416575 -0.193361 50.934104
v 12.285032 -0.202072 50.572605
v 12.285032 -0.390000 50.572605
v 11.416575 -0.193361 50.934104
v 12.285032 -0.390000 50.572605
v 11.416575 -0.390000 50.934104
v 6.409839 -0.216568 69.688280
v 6.567251 -0.270679 69.306163
v 5.974089 -0.237246 69.443028
v 5.974089 -0.237246 69.443028
v 6.567251 -0.270679 69.306163
v 6.567251 -0.390000 69.306163
v 5.974089 -0.237246 69.443028
v 6.567251 -0.390000 69.306163
v 5.974089 -0.390000 69.443028
v 6.409839 -0.216568 69.688280
v 6.884603 -0.222346 69.687072
v 6.567251 -0.270679 69.306163
v 6.567251 -0.270679 69.306163
v 6.884603 -0.222346 69.687072
v 6.884603 -0.390000 69.687072
v 6.567251 -0.270679 69.306163
v 6.884603 -0.390000 69.687072
v 6.567251 -0.390000 69.306163
v 6.409839 -0.216568 69.688280
v 6.558373 -0.251861 70.040931
v 6.884603 -0.222346 69.687072
v 6.884603 -0.222346 69.687072
v 6.558373 -0.251861 70.040931
v 6.558373 -0.390000 70.040931
v 6.884603 -0.222346 69.687072
v 6.558373 -0.390000 70.040931
v 6.884603 -0.390000 69.687072
v 6.409839 -0.216568 69.688280
v 6.043573 -0.250790 69.897271
v 6.558373 -0.251861 70.040931
v 6.558373 -0.251861 70.040931
v 6.043573 -0.250790 69.897271
v 6.043573 -0.390000 69.897271
v 6.558373 -0.251861 70.040931
v 6.043573 -0.390000 69.897271
v 6.558373 -0.390000 70.040931
v 6.409839 -0.216568 69.688280
v 5.974089 -0.237246 69.443028
v 6.043573 -0.250790 69.897271
v 6.043573 -0.250790 69.897271
v 5.974089 -0.237246 69.443028
v 5.974089 -0.390000 69.443028
v 6.043573 -0.250790 69.897271
v 5.974089 -0.390000 69.443028
v 6.043573 -0.390000 69.897271
v 12.259454 -0.134589 63.726898
v 13.117388 -0.160011 63.434302
v 12.500606 -0.153644 63.022671
v 12.500606 -0.153644 63.022671
v 13.117388 -0.160011 63.434302
v 13.117388 -0.390000 63.434302
v 12.500606 -0.153644 63.022671
v 13.117388 -0.390000 63.434302
v 12.500606 -0.390000 63.022671
v 12.259454 -0.134589 63.726898
v 12.956148 -0.158557 64.013553
v 13.117388 -0.160011 63.434302
v 13.117388 -0.160011 63.434302
v 12.956148 -0.158557 64.013553
v 12.956148 -0.390000 64.013553
v 13.117388 -0.160011 63.434302
v 12.956148 -0.390000 64.013553
v 13.117388 -0.390000 63.434302
v 12.259454 -0.134589 63.726898
v 12.411438 -0.150127 64.350727
v 12.956148 -0.158557 64.013553
v 12.956148 -0.158557 64.013553
v 12.411438 -0.150127 64.350727
v 12.411438 -0.390000 64.350727
v 12.956148 -0.158557 64.013553
v 12.411438 -0.390000 64.350727
v 12.956148 -0.390000 64.013553
v 12.259454 -0.134589 63.726898
v 11.728013 -0.179627 64.209356
v 12.411438 -0.150127 64.350727
v 12.411438 -0.150127 64.350727
v 11.728013 -0.179627 64.209356
v 11.728013 -0.390000 64.209356
v 12.411438 -0.150127 64.350727
v 11.728013 -0.390000 64.209356
v 12.411438 -0.390000 64.350727
v 12.259454 -0.134589 63.726898
v 11.447397 -0.179377 63.703700
v 11.728013 -0.179627 64.209356
v 11.728013 -0.179627 64.209356
v 11.447397 -0.179377 63.703700
v 11.447397 -0.390000 63.703700
v 11.728013 -0.179627 64.209356
v 11.447397 -0.390000 63.703700
v 11.728013 -0.390000 64.209356
v 12.259454 -0.134589 63.726898
v 11.795623 -0.151894 63.237505
v 11.447397 -0.179377 63.703700
v 11.447397 -0.179377 63.703700
v 11.795623 -0.151894 63.237505
v 11.795623 -0.390000 63.237505
v 11.447397 -0.179377 63.703700
v 11.795623 -0.390000 63.237505
v 11.447397 -0.390000 63.703700
v 12.259454 -0.134589 63.726898
v 12.500606 -0.153644 63.022671
v 11.795623 -0.151894 63.237505
v 11.795623 -0.151894 63.237505
v 12.500606 -0.153644 63.022671
v 12.500606 -0.390000 63.022671
v 11.795623 -0.151894 63.237505
v 12.500606 -0.390000 63.022671
v 11.795623 -0.390000 63.237505
v 11.666246 -0.203297 53.218474
v 12.117378 -0.219669 53.391071
v 12.192152 -0.249786 53.024563
v 12.192152 -0.249786 53.024563
v 12.117378 -0.219669 53.391071
v 12.117378 -0.390000 53.391071
v 12.192152 -0.249786 53.024563
v 12.117378 -0.390000 53.391071
v 12.192152 -0.390000 53.024563
v 11.666246 -0.203297 53.218474
v 11.774360 -0.249151 53.600631
v 12.117378 -0.219669 53.391071
v 12.117378 -0.219669 53.391071
v 11.774360 -0.249151 53.600631
v 11.774360 -0.390000 53.600631
v 12.117378 -0.219669 53.391071
v 11.774360 -0.390000 53.600631
v 12.117378 -0.390000 53.391071
v 11.666246 -0.203297 53.218474
v 11.328728 -0.257425 53.543755
v 11.774360 -0.249151 53.600631
v 11.774360 -0.249151 53.600631
v 11.328728 -0.257425 53.543755
v 11.328728 -0.390000 53.543755
v 11.774360 -0.249151 53.600631
v 11.328728 -0.390000 53.543755
v 11.774360 -0.390000 53.600631
v 11.666246 -0.203297 53.218474
v 11.033382 -0.211518 53.214913
v 11.328728 -0.257425 53.543755
v 11.328728 -0.257425 53.543755
v 11.033382 -0.211518 53.214913
v 11.033382 -0.390000 53.214913
v 11.328728 -0.257425 53.543755
v 11.033382 -0.390000 53.214913
v 11.328728 -0.390000 53.543755
v 11.666246 -0.203297 53.218474
v 11.269829 -0.219650 52.824952
v 11.033382 -0.211518 53.214913
v 11.033382 -0.211518 53.214913
v 11.269829 -0.219650 52.824952
v 11.269829 -0.390000 52.824952
v 11.033382 -0.211518 53.214913
v 11.269829 -0.390000 52.824952
v 11.033382 -0.390000 53.214913
v 11.666246 -0.203297 53.218474
v 11.815035 -0.251690 52.726394
v 11.269829 -0.219650 52.824952
v 11.269829 -0.219650 52.824952
v 11.815035 -0.251690 52.726394
v 11.815035 -0.390000 52.726394
v 11.269829 -0.219650 52.824952
v 11.815035 -0.390000 52.726394
v 11.269829 -0.390000 52.824952
v 11.666246 -0.203297 53.218474
v 12.192152 -0.249786 53.024563
v 11.815035 -0.251690 52.726394
v 11.815035 -0.251690 52.726394
v 12.192152 -0.249786 53.024563
v 12.192152 -0.390000 53.024563
v 11.815035 -0.251690 52.726394
v 12.192152 -0.390000 53.024563
v 11.815035 -0.390000 52.726394
vn 0.155401 0.986344 0.054553
vn 0.155401 0.986344 0.054553
vn -0.195206 0.976574 -0.090541
vn -0.195206 0.976574 -0.090541
vn 0.073346 0.997039 0.023080
vn 0.073346 0.997039 0.023080
vn -0.063261 0.997627 -0.027183
vn -0.063261 0.997627 -0.027183
vn 0.114507 0.992912 0.031840
vn 0.114507 0.992912 0.031840
vn -0.169321 0.983290 -0.066870
vn -0.169321 0.983290 -0.066870
vn 0.090985 0.995609 0.021989
vn 0.090985 0.995609 0.021989
vn -0.069719 0.997251 -0.025096
vn -0.069719 0.997251 -0.025096
vn 0.086818 0.996064 0.017879
vn 0.086818 0.996064 0.017879
vn -0.126459 0.991119 -0.041127
vn -0.126459 0.991119 -0.041127
vn 0.121379 0.992389 0.020788
vn 0.121379 0.992389 0.020788
vn -0.084104 0.996156 -0.024483
vn -0.084104 0.996156 -0.024483
vn 0.071139 0.997418 0.009819
vn 0.071139 0.997418 0.009819
vn -0.094219 0.995255 -0.024309
vn -0.094219 0.995255 -0.024309
vn 0.163938 0.986316 0.017480
vn 0.163938 0.986316 0.017480
vn -0.109992 0.993621 -0.024891
vn -0.109992 0.993621 -0.024891
vn 0.063772 0.997952 0.004934
vn 0.063772 0.997952 0.004934
vn -0.075123 0.997065 -0.014748
vn -0.075123 0.997065 -0.014748
vn 0.195057 0.980742 0.009870
vn 0.195057 0.980742 0.009870
vn -0.149629 0.988421 -0.025196
vn -0.149629 0.988421 -0.025196
vn 0.062644 0.998035 0.001665
vn 0.062644 0.998035 0.001665
vn -0.065399 0.997816 -0.009337
vn -0.065399 0.997816 -0.009337
vn 0.179870 0.983690 0.000993
vn 0.179870 0.983690 0.000993
vn -0.188964 0.981723 -0.022624
vn -0.188964 0.981723 -0.022624
vn 0.067431 0.997724 -0.000833
vn 0.067431 0.997724 -0.000833
vn -0.062378 0.998033 -0.006203
vn -0.062378 0.998033 -0.006203
vn 0.137120 0.990548 -0.003691
vn 0.137120 0.990548 -0.003691
vn -0.189868 0.981686 -0.015581
vn -0.189868 0.981686 -0.015581
vn 0.079503 0.996830 -0.003026
vn 0.079503 0.996830 -0.003026
vn -0.065196 0.997863 -0.004415
vn -0.065196 0.997863 -0.004415
vn 0.101158 0.994860 -0.004625
vn 0.101158 0.994860 -0.004625
vn -0.151198 0.988467 -0.008538
vn -0.151198 0.988467 -0.008538
vn 0.102048 0.994766 -0.005092
vn 0.102048 0.994766 -0.005092
vn -0.074662 0.997202 -0.003609
vn -0.074662 0.997202 -0.003609
vn 0.078996 0.996867 -0.004000
vn 0.078996 0.996867 -0.004000
vn -0.111165 0.993790 -0.004813
vn -0.111165 0.993790 -0.004813
vn 0.138430 0.990350 -0.006646
vn 0.138430 0.990350 -0.006646
vn -0.093392 0.995622 -0.003855
vn -0.093392 0.995622 -0.003855
vn 0.067186 0.997736 -0.002832
vn 0.067186 0.997736 -0.002832
vn -0.084803 0.996391 -0.003575
vn -0.084803 0.996391 -0.003575
vn 0.180978 0.983469 -0.006018
vn 0.180978 0.983469 -0.006018
vn -0.125216 0.992113 -0.005734
vn -0.125216 0.992113 -0.005734
vn 0.062593 0.998038 -0.001347
vn 0.062593 0.998038 -0.001347
vn -0.070087 0.997534 -0.003643
vn -0.070087 0.997534 -0.003643
vn 0.194713 0.980859 -0.001401
vn 0.194713 0.980859 -0.001401
vn -0.168240 0.985694 -0.010174
vn -0.168240 0.985694 -0.010174
vn 0.063900 0.997956 0.000601
vn 0.063900 0.997956 0.000601
vn -0.063399 0.997978 -0.004502
vn -0.063399 0.997978 -0.004502
vn 0.000000 1.000000 -0.000000
vn 0.000000 1.000000 0.000000
vn 0.000000 1.000000 -0.000000
vn 0.000000 1.000000 0.000000
vn 0.000000 1.000000 -0.000000
vn 0.000000 1.000000 0.000000
vn 0.000000 1.000000 -0.000000
vn 0.000000 1.000000 0.000000
vn 0.000000 1.000000 -0.000000
vn 0.000000 1.000000 0.000000
vn 0.000000 1.000000 -0.000000
vn 0.000000 1.000000 0.000000
vn 0.000000 1.000000 -0.000000
vn 0.000000 1.000000 0.000000
vn 0.000000 1.000000 -0.000000
vn 0.000000 1.000000 0.000000
vn 0.000000 1.000000 -0.000000
vn 0.000000 1.000000 0.000000
vn 0.000000 1.000000 -0.000000
vn 0.000000 1.000000 0.000000
vn 0.000000 1.000000 -0.000000
vn 0.000000 1.000000 0.000000
vn 0.000000 1.000000 -0.000000
vn 0.000000 1.000000 0.000000
vn 0.000000 1.000000 -0.000000
vn 0.000000 1.000000 0.000000
vn 0.000000 1.000000 -0.000000
vn 0.000000 1.000000 0.000000
vn 0.000000 1.000000 -0.000000
vn 0.000000 1.000000 0.000000
vn 0.000000 1.000000 -0.000000
vn 0.000000 1.000000 0.000000
vn 0.097596 0.994854 0.027194
vn 0.097596 0.994854 0.027194
vn -0.072637 0.997227 -0.016209
vn -0.072637 0.997227 -0.016209
vn 0.081676 0.996409 0.022335
vn 0.081676 0.996409 0.022335
vn -0.116588 0.992874 -0.024680
vn -0.116588 0.992874 -0.024680
vn 0.131735 0.990673 0.034834
vn 0.131735 0.990673 0.034834
vn -0.089655 0.995817 -0.017626
vn -0.089655 0.995817 -0.017626
vn 0.068499 0.997502 0.017228
vn 0.068499 0.997502 0.017228
vn -0.088064 0.995992 -0.015664
vn -0.088064 0.995992 -0.015664
vn 0.174881 0.983734 0.041044
vn 0.174881 0.983734 0.041044
vn -0.119215 0.992695 -0.018540
vn -0.119215 0.992695 -0.018540
vn 0.062906 0.997929 0.013466
vn 0.062906 0.997929 0.013466
vn -0.071795 0.997376 -0.009305
vn -0.071795 0.997376 -0.009305
vn 0.195851 0.979930 0.037149
vn 0.195851 0.979930 0.037149
vn -0.161388 0.986758 -0.016183
vn -0.161388 0.986758 -0.016183
vn 0.063304 0.997942 0.010237
vn 0.063304 0.997942 0.010237
vn -0.064019 0.997939 -0.004332
vn -0.064019 0.997939 -0.004332
vn 0.169370 0.985305 0.022079
vn 0.169370 0.985305 0.022079
vn -0.194351 0.980912 -0.006223
vn -0.194351 0.980912 -0.006223
vn 0.069808 0.997538 0.006691
vn 0.069808 0.997538 0.006691
vn -0.062552 0.998042 0.000403
vn -0.062552 0.998042 0.000403
vn 0.126291 0.991966 0.007381
vn 0.126291 0.991966 0.007381
vn -0.181941 0.983272 0.008628
vn -0.181941 0.983272 0.008628
vn 0.084263 0.996442 0.001557
vn 0.084263 0.996442 0.001557
vn -0.066973 0.997736 0.006067
vn -0.066973 0.997736 0.006067
vn 0.094074 0.995563 -0.002231
vn 0.094074 0.995563 -0.002231
vn -0.139587 0.990029 0.018925
vn -0.139587 0.990029 0.018925
vn 0.110250 0.993876 -0.007470
vn 0.110250 0.993876 -0.007470
vn -0.078544 0.996808 0.014296
vn -0.078544 0.996808 0.014296
vn 0.075034 0.997145 -0.008496
vn 0.075034 0.997145 -0.008496
vn -0.102827 0.994419 0.023596
vn -0.102827 0.994419 0.023596
vn 0.149939 0.988405 -0.023947
vn 0.149939 0.988405 -0.023947
vn -0.100337 0.994564 0.027847
vn -0.100337 0.994564 0.027847
vn 0.065354 0.997771 -0.013513
vn 0.065354 0.997771 -0.013513
vn -0.079936 0.996460 0.026038
vn -0.079936 0.996460 0.026038
vn 0.188975 0.980809 -0.047990
vn 0.188975 0.980809 -0.047990
vn -0.135783 0.989439 0.050733
vn -0.135783 0.989439 0.050733
vn 0.062368 0.997877 -0.018759
vn 0.062368 0.997877 -0.018759
vn -0.067627 0.997305 0.028455
vn -0.067627 0.997305 0.028455
vn 0.189310 0.979720 -0.065657
vn 0.189310 0.979720 -0.065657
vn -0.178237 0.980466 0.083175
vn -0.178237 0.980466 0.083175
vn 0.065216 0.997544 -0.025539
vn 0.065216 0.997544 -0.025539
vn -0.062662 0.997521 0.032012
vn -0.062662 0.997521 0.032012
vn 0.150574 0.986430 -0.065454
vn 0.150574 0.986430 -0.065454
vn -0.194210 0.975064 0.107388
vn -0.194210 0.975064 0.107388
vn 0.074709 0.996572 -0.035535
vn 0.074709 0.996572 -0.035535
vn -0.063618 0.997262 0.037692
vn -0.063618 0.997262 0.037692
vn 0.110757 0.992215 -0.056937
vn 0.110757 0.992215 -0.056937
vn -0.164274 0.980987 0.103336
vn -0.164274 0.980987 0.103336
vn 0.066349 0.997114 -0.036896
vn 0.066349 0.997114 -0.036896
vn -0.082664 0.995395 0.048526
vn -0.082664 0.995395 0.048526
vn 0.183738 0.978283 -0.095930
vn 0.183738 0.978283 -0.095930
vn -0.129118 0.989120 0.070503
vn -0.129118 0.989120 0.070503
vn 0.062430 0.997589 -0.030304
vn 0.062430 0.997589 -0.030304
vn -0.069003 0.997014 0.034656
vn -0.069003 0.997014 0.034656
vn 0.192399 0.977551 -0.085886
vn 0.192399 0.977551 -0.085886
vn -0.172151 0.981937 0.078514
vn -0.172151 0.981937 0.078514
vn 0.064364 0.997585 -0.026099
vn 0.064364 0.997585 -0.026099
vn -0.063045 0.997679 0.025722
vn -0.063045 0.997679 0.025722
vn 0.157660 0.985832 -0.057250
vn 0.157660 0.985832 -0.057250
vn -0.195631 0.978168 0.070118
vn -0.195631 0.978168 0.070118
vn 0.072710 0.997082 -0.023248
vn 0.072710 0.997082 -0.023248
vn -0.063114 0.997817 0.019429
vn -0.063114 0.997817 0.019429
vn 0.116318 0.992694 -0.032076
vn 0.116318 0.992694 -0.032076
vn -0.171672 0.984168 0.044076
vn -0.171672 0.984168 0.044076
vn 0.089805 0.995742 -0.020805
vn 0.089805 0.995742 -0.020805
vn -0.069233 0.997499 0.014233
vn -0.069233 0.997499 0.014233
vn 0.087914 0.995991 -0.016518
vn 0.087914 0.995991 -0.016518
vn -0.128586 0.991499 0.019907
vn -0.128586 0.991499 0.019907
vn 0.119472 0.992687 -0.017305
vn 0.119472 0.992687 -0.017305
vn -0.083144 0.996499 0.008724
vn -0.083144 0.996499 0.008724
vn 0.071717 0.997398 -0.007384
vn 0.071717 0.997398 -0.007384
vn -0.095554 0.995410 0.005383
vn -0.095554 0.995410 0.005383
vn 0.161704 0.986787 -0.010130
vn 0.161704 0.986787 -0.010130
vn -0.108354 0.994112 0.001026
vn -0.108354 0.994112 0.001026
vn 0.063989 0.997949 -0.001552
vn 0.063989 0.997949 -0.001552
vn -0.075853 0.997115 -0.002676
vn -0.075853 0.997115 -0.002676
vn 0.194448 0.980910 0.002307
vn 0.194448 0.980910 0.002307
vn -0.147389 0.989013 -0.011428
vn -0.147389 0.989013 -0.011428
vn 0.062562 0.998037 0.002840
vn 0.062562 0.998037 0.002840
vn -0.065721 0.997808 -0.007688
vn -0.065721 0.997808 -0.007688
vn 0.181691 0.983259 0.013824
vn 0.181691 0.983259 0.013824
vn -0.187529 0.981838 -0.028750
vn -0.187529 0.981838 -0.028750
vn 0.067025 0.997727 0.006949
vn 0.067025 0.997727 0.006949
vn -0.062387 0.997984 -0.011621
vn -0.062387 0.997984 -0.011621
vn 0.139294 0.990091 0.017830
vn 0.139294 0.990091 0.017830
vn -0.190946 0.980736 -0.041180
vn -0.190946 0.980736 -0.041180
vn 0.078657 0.996833 0.011712
vn 0.078657 0.996833 0.011712
vn -0.064896 0.997769 -0.015660
vn -0.064896 0.997769 -0.015660
vn 0.102637 0.994572 0.017065
vn 0.102637 0.994572 0.017065
vn -0.153367 0.987345 -0.040352
vn -0.153367 0.987345 -0.040352
vn 0.100555 0.994767 0.018106
vn 0.100555 0.994767 0.018106
vn -0.073966 0.997044 -0.020782
vn -0.073966 0.997044 -0.020782
vn 0.079838 0.996692 0.015190
vn 0.079838 0.996692 0.015190
vn -0.112841 0.993056 -0.033275
vn -0.112841 0.993056 -0.033275
vn 0.136200 0.990318 0.026820
vn 0.136200 0.990318 0.026820
vn -0.092108 0.995353 -0.028081
vn -0.092108 0.995353 -0.028081
vn 0.000000 1.000000 -0.000000
vn 0.000000 1.000000 0.000000
vn 0.000000 1.000000 -0.000000
vn 0.000000 1.000000 0.000000
vn 0.000000 1.000000 -0.000000
vn 0.000000 1.000000 0.000000
vn 0.000000 1.000000 -0.000000
vn 0.000000 1.000000 0.000000
vn 0.000000 1.000000 -0.000000
vn 0.000000 1.000000 0.000000
vn 0.000000 1.000000 -0.000000
vn 0.000000 1.000000 0.000000
vn 0.000000 1.000000 -0.000000
vn 0.000000 1.000000 0.000000
vn 0.000000 1.000000 -0.000000
vn 0.000000 1.000000 0.000000
vn 0.000000 1.000000 -0.000000
vn 0.000000 1.000000 0.000000
vn 0.000000 1.000000 -0.000000
vn 0.000000 1.000000 0.000000
vn 0.000000 1.000000 -0.000000
vn 0.000000 1.000000 0.000000
vn 0.000000 1.000000 -0.000000
vn 0.000000 1.000000 0.000000
vn 0.000000 1.000000 -0.000000
vn 0.000000 1.000000 0.000000
vn 0.000000 1.000000 -0.000000
vn 0.000000 1.000000 0.000000
vn 0.000000 1.000000 -0.000000
vn 0.000000 1.000000 0.000000
vn 0.000000 1.000000 -0.000000
vn 0.000000 1.000000 0.000000
vn 0.186810 0.982394 -0.001933
vn 0.186810 0.982394 -0.001933
vn -0.182632 0.983042 -0.016577
vn -0.182632 0.983042 -0.016577
vn 0.065902 0.997825 -0.001443
vn 0.065902 0.997825 -0.001443
vn -0.062523 0.998032 -0.004700
vn -0.062523 0.998032 -0.004700
vn 0.146185 0.989247 -0.004546
vn 0.146185 0.989247 -0.004546
vn -0.194047 0.980919 -0.011945
vn -0.194047 0.980919 -0.011945
vn 0.076249 0.997085 -0.002874
vn 0.076249 0.997085 -0.002874
vn -0.064111 0.997938 -0.003220
vn -0.064111 0.997938 -0.003220
vn 0.107475 0.994198 -0.004453
vn 0.107475 0.994198 -0.004453
vn -0.160497 0.987014 -0.006650
vn -0.160497 0.987014 -0.006650
vn 0.096268 0.995347 -0.004055
vn 0.096268 0.995347 -0.004055
vn -0.072036 0.997399 -0.002549
vn -0.072036 0.997399 -0.002549
vn 0.082633 0.996575 -0.003273
vn 0.082633 0.996575 -0.003273
vn -0.118480 0.992949 -0.003824
vn -0.118480 0.992949 -0.003824
vn 0.129718 0.991541 -0.004382
vn 0.129718 0.991541 -0.004382
vn -0.088524 0.996070 -0.002852
vn -0.088524 0.996070 -0.002852
vn 0.068980 0.997617 -0.001694
vn 0.068980 0.997617 -0.001694
vn -0.089206 0.996008 -0.003149
vn -0.089206 0.996008 -0.003149
vn 0.172964 0.984926 -0.002064
vn 0.172964 0.984926 -0.002064
vn -0.117362 0.993077 -0.004881
vn -0.117362 0.993077 -0.004881
vn 0.063047 0.998011 0.000257
vn 0.063047 0.998011 0.000257
vn -0.072399 0.997369 -0.003697
vn -0.072399 0.997369 -0.003697
vn 0.196106 0.980572 0.004588
vn 0.196106 0.980572 0.004588
vn -0.159130 0.987206 -0.010133
vn -0.159130 0.987206 -0.010133
vn 0.063146 0.998000 0.002899
vn 0.063146 0.998000 0.002899
vn -0.064253 0.997921 -0.005098
vn -0.064253 0.997921 -0.005098
vn 0.171543 0.985100 0.012255
vn 0.171543 0.985100 0.012255
vn -0.193546 0.980908 -0.018949
vn -0.193546 0.980908 -0.018949
vn 0.069304 0.997572 0.006916
vn 0.069304 0.997572 0.006916
vn -0.062485 0.998018 -0.007448
vn -0.062485 0.998018 -0.007448
vn 0.128318 0.991591 0.016773
vn 0.128318 0.991591 0.016773
vn -0.183630 0.982645 -0.026255
vn -0.183630 0.982645 -0.026255
vn 0.083269 0.996434 0.013649
vn 0.083269 0.996434 0.013649
vn -0.066587 0.997717 -0.011253
vn -0.066587 0.997717 -0.011253
vn 0.095361 0.995262 0.018984
vn 0.095361 0.995262 0.018984
vn -0.141778 0.989505 -0.027925
vn -0.141778 0.989505 -0.027925
vn 0.108540 0.993762 0.025597
vn 0.108540 0.993762 0.025597
vn -0.077730 0.996819 -0.017608
vn -0.077730 0.996819 -0.017608
vn 0.075739 0.996912 0.020738
vn 0.075739 0.996912 0.020738
vn -0.104354 0.994178 -0.026856
vn -0.104354 0.994178 -0.026856
vn 0.147546 0.987979 0.046123
vn 0.147546 0.987979 0.046123
vn -0.098900 0.994687 -0.028587
vn -0.098900 0.994687 -0.028587
vn 0.065661 0.997575 0.023098
vn 0.065661 0.997575 0.023098
vn -0.080818 0.996391 -0.025960
vn -0.080818 0.996391 -0.025960
vn 0.187297 0.979571 0.073217
vn 0.187297 0.979571 0.073217
vn -0.133654 0.989902 -0.047239
vn -0.133654 0.989902 -0.047239
vn 0.062367 0.997694 0.026790
vn 0.062367 0.997694 0.026790
vn -0.068064 0.997336 -0.026226
vn -0.068064 0.997336 -0.026226
vn 0.000000 0.911418 -0.411482
vn 0.101671 0.978492 -0.179492
vn 0.566387 0.000000 -0.824139
vn 0.566387 0.000000 -0.824139
vn 0.000000 0.982863 -0.184338
vn -0.254731 0.879513 -0.401957
vn -0.571746 0.000000 -0.820431
vn -0.571746 -0.000000 -0.820431
vn 0.000000 0.862117 -0.506709
vn 0.138629 0.973820 -0.180158
vn 0.598247 0.000000 -0.801312
vn 0.598247 0.000000 -0.801312
vn 0.000000 0.978914 -0.204273
vn -0.395103 0.787303 -0.473337
vn -0.685431 0.000000 -0.728137
vn -0.685431 -0.000000 -0.728137
vn 0.000000 0.927994 -0.372594
vn 0.127008 0.971595 -0.199680
vn 0.541425 0.000000 -0.840749
vn 0.541425 0.000000 -0.840749
vn 0.000000 0.983058 -0.183297
vn -0.130668 0.918580 -0.373009
vn 0.018362 0.000000 -0.999831
vn 0.018362 0.000000 -0.999831
vn 0.000000 0.993695 -0.112115
vn -0.079311 0.979443 -0.185477
vn -0.395486 0.000000 -0.918472
vn -0.395486 -0.000000 -0.918472
vn 0.000000 0.997215 -0.074580
vn -0.082014 0.990005 -0.114737
vn -0.717662 0.000000 -0.696392
vn -0.717662 -0.000000 -0.696392
vn 0.000000 0.903156 -0.429313
vn 0.219027 0.973539 -0.065181
vn 0.859698 0.000000 -0.510803
vn 0.859698 0.000000 -0.510803
vn 0.000000 0.997620 -0.068955
vn -0.593278 0.715661 -0.368578
vn -0.808401 0.000000 -0.588632
vn -0.808401 -0.000000 -0.588632
vn 0.000000 0.987272 -0.159044
vn 0.140649 0.988106 -0.062169
vn 0.421482 0.000000 -0.906837
vn 0.421482 0.000000 -0.906837
vn 0.000000 0.973435 -0.228961
vn 0.041503 0.986744 -0.156887
vn 0.720339 0.000000 -0.693622
vn 0.720339 0.000000 -0.693622
vn 0.000000 0.763659 -0.645620
vn 0.140547 0.965591 -0.218814
vn 0.320021 0.000000 -0.947410
vn 0.320021 0.000000 -0.947410
vn 0.000000 0.985450 -0.169968
vn -0.635345 0.568994 -0.522093
vn -0.792602 0.000000 -0.609740
vn -0.792602 -0.000000 -0.609740
vn 0.000000 0.950326 -0.311257
vn 0.132700 0.978063 -0.160571
vn 0.625403 0.000000 -0.780302
vn 0.625403 0.000000 -0.780302
vn 0.000000 0.995984 -0.089532
vn -0.403127 0.861123 -0.309766
vn -0.711167 0.000000 -0.703023
vn -0.711167 -0.000000 -0.703023
vn -0.021803 0.994188 -0.105428
vn 0.376659 0.000000 -0.926352
vn 0.376659 0.000000 -0.926352
vn 0.022134 0.999009 0.038606
vn 0.911294 0.000000 0.411756
vn 0.911294 0.000000 0.411756
vn 0.016127 0.998861 0.044908
vn 0.099615 0.000000 0.995026
vn 0.099615 0.000000 0.995026
vn -0.080686 0.996134 -0.034746
vn -0.921022 0.000000 0.389510
vn -0.921022 0.000000 0.389510
vn -0.066666 0.992559 -0.101898
vn -0.521147 0.000000 -0.853467
vn -0.521147 -0.000000 -0.853467
vn -0.052574 0.997557 -0.045993
vn -0.193930 0.000000 -0.981015
vn -0.193930 -0.000000 -0.981015
vn 0.085639 0.996259 -0.011544
vn 0.454264 0.000000 -0.890867
vn 0.454264 0.000000 -0.890867
vn 0.052594 0.994349 -0.092216
vn 0.996718 0.000000 -0.080953
vn 0.996718 0.000000 -0.080953
vn -0.000159 0.998136 0.061026
vn 0.350067 0.000000 0.936725
vn 0.350067 0.000000 0.936725
vn -0.020423 0.997489 0.067815
vn -0.123538 0.000000 0.992340
vn -0.123538 0.000000 0.992340
vn -0.048936 0.997976 0.040608
vn -0.764009 0.000000 0.645205
vn -0.764009 0.000000 0.645205
vn -0.051158 0.997558 -0.047540
vn -0.896263 0.000000 -0.443524
vn -0.896263 -0.000000 -0.443524
vn -0.084663 0.996401 0.004236
vn -0.392874 0.000000 0.919592
vn -0.392874 0.000000 0.919592
vn -0.053442 0.994837 0.086280
vn -0.976230 0.000000 -0.216736
vn -0.976230 -0.000000 -0.216736
vn -0.016487 0.999776 -0.013243
vn -0.583681 0.000000 -0.811983
vn -0.583681 -0.000000 -0.811983
vn 0.032218 0.999097 -0.027705
vn 0.065781 0.000000 -0.997834
vn 0.065781 0.000000 -0.997834
vn 0.063635 0.997964 0.004262
vn 0.900589 0.000000 -0.434672
vn 0.900589 0.000000 -0.434672
vn 0.063678 0.997326 0.035859
vn 0.915549 0.000000 0.402207
vn 0.915549 0.000000 0.402207
vn 0.055237 0.997478 0.044565
vn 0.007163 0.000000 0.999974
vn 0.007163 0.000000 0.999974
vn 0.075887 0.988604 0.130013
vn 0.457298 0.000000 0.889313
vn 0.457298 0.000000 0.889313
vn 0.031331 0.989886 0.138359
vn -0.276937 0.000000 0.960888
vn -0.276937 0.000000 0.960888
vn -0.050078 0.998726 0.006168
vn -0.968987 0.000000 0.247110
vn -0.968987 0.000000 0.247110
vn -0.009172 0.992303 -0.123491
vn -0.507950 0.000000 -0.861386
vn -0.507950 -0.000000 -0.861386
vn 0.024203 0.991287 -0.129475
vn 0.276701 0.000000 -0.960956
vn 0.276701 0.000000 -0.960956
vn 0.112617 0.993532 0.014555
vn 0.985719 0.000000 -0.168396
vn 0.985719 0.000000 -0.168396
vn -0.164276 0.985752 0.036144
vn -0.802478 0.000000 0.596682
vn -0.802478 0.000000 0.596682
vn -0.159743 0.985749 -0.052737
vn -0.808327 0.000000 -0.588734
vn -0.808327 -0.000000 -0.588734
vn 0.019592 0.993516 -0.111994
vn 0.412740 0.000000 -0.910849
vn 0.412740 0.000000 -0.910849
vn 0.110199 0.991270 0.072387
vn 0.999574 0.000000 0.029174
vn 0.999574 0.000000 0.029174
vn 0.058919 0.986870 0.150387
vn 0.165935 0.000000 0.986137
vn 0.165935 0.000000 0.986137
vn -0.000000 0.967326 0.253536
vn 0.090875 0.988311 0.122401
vn 0.679974 -0.000000 0.733236
vn 0.679974 0.000000 0.733236
vn -0.000000 0.982468 0.186434
vn -0.072174 0.969511 0.234178
vn -0.474824 -0.000000 0.880081
vn -0.474824 -0.000000 0.880081
vn -0.000000 0.972764 0.231799
vn 0.054741 0.978161 0.200509
vn -0.127448 -0.000000 0.991845
vn -0.127448 -0.000000 0.991845
vn -0.000000 0.983837 0.179067
vn -0.058762 0.974524 0.216449
vn 0.080613 -0.000000 0.996745
vn 0.080613 0.000000 0.996745
vn -0.000000 0.916789 0.399373
vn 0.109315 0.972433 0.205969
vn 0.475487 -0.000000 0.879723
vn 0.475487 0.000000 0.879723
vn -0.000000 0.986378 0.164494
vn -0.357204 0.887046 0.292497
vn -0.826069 -0.000000 0.563569
vn -0.826069 -0.000000 0.563569
vn -0.000000 0.965444 0.260609
vn 0.070316 0.980847 0.181646
vn 0.558740 -0.000000 0.829343
vn 0.558740 0.000000 0.829343
vn -0.000000 0.989064 0.147486
vn -0.175262 0.960858 0.214558
vn -0.720108 -0.000000 0.693862
vn -0.720108 -0.000000 0.693862
vn -0.000000 0.871184 0.490957
vn 0.179031 0.965570 0.188737
vn 0.646496 -0.000000 0.762917
vn 0.646496 0.000000 0.762917
vn -0.000000 0.965000 0.262250
vn -0.130542 0.877309 0.461831
vn -0.064158 -0.000000 0.997940
vn -0.064158 -0.000000 0.997940
vn -0.000000 0.994104 0.108427
vn -0.203822 0.956279 0.209731
vn -0.707456 -0.000000 0.706758
vn -0.707456 -0.000000 0.706758
vn -0.000000 0.980420 0.196917
vn 0.124765 0.982663 0.137141
vn -0.070943 -0.000000 0.997480
vn -0.070943 -0.000000 0.997480
vn -0.000000 0.974071 0.226241
vn 0.026450 0.978852 0.202855
vn 0.425240 -0.000000 0.905081
vn 0.425240 0.000000 0.905081
vn -0.000000 0.986588 0.163230
vn -0.113185 0.973341 0.199491
vn -0.747247 -0.000000 0.664546
vn -0.747247 -0.000000 0.664546
vn -0.000000 0.986530 0.163582
vn 0.000348 0.986575 0.163308
vn 0.559015 -0.000000 0.829157
vn 0.559015 0.000000 0.829157
vn -0.000000 0.978031 0.208459
vn 0.050319 0.983369 0.174511
vn -0.122700 -0.000000 0.992444
vn -0.122700 -0.000000 0.992444
vn 0.020824 0.991074 0.131680
vn 0.284460 0.000000 0.958688
vn 0.284460 0.000000 0.958688
vn -0.052170 0.992622 0.109450
vn -0.602677 0.000000 0.797985
vn -0.602677 0.000000 0.797985
vn -0.059420 0.998230 -0.002624
vn -0.702967 0.000000 -0.711222
vn -0.702967 -0.000000 -0.711222
vn 0.045813 0.997233 -0.058538
vn 0.095555 0.000000 -0.995424
vn 0.095555 0.000000 -0.995424
vn 0.084416 0.996430 -0.000538
vn 0.999668 0.000000 -0.025785
vn 0.999668 0.000000 -0.025785
vn -0.022767 0.995837 0.088258
vn 0.381239 0.000000 0.924476
vn 0.381239 0.000000 0.924476
vn 0.000569 0.995860 0.090898
vn -0.469322 0.000000 0.883027
vn -0.469322 0.000000 0.883027
vn -0.046286 0.998207 -0.037946
vn -0.981056 0.000000 -0.193724
vn -0.981056 -0.000000 -0.193724
vn -0.056401 0.998219 -0.019454
vn -0.380687 0.000000 -0.924704
vn -0.380687 -0.000000 -0.924704
vn 0.068102 0.997664 -0.005371
vn 0.572700 0.000000 -0.819765
vn 0.572700 0.000000 -0.819765
vn 0.052287 0.997435 -0.048888
vn 0.999742 0.000000 0.022732
vn 0.999742 0.000000 0.022732
vn -0.140197 0.979278 -0.146150
vn -0.992053 0.000000 0.125821
vn -0.992053 0.000000 0.125821
vn -0.168858 0.983824 -0.059807
vn -0.566192 0.000000 -0.824274
vn -0.566192 -0.000000 -0.824274
vn 0.050451 0.993896 -0.098110
vn 0.219430 0.000000 -0.975628
vn 0.219430 0.000000 -0.975628
vn 0.107585 0.994191 -0.002967
vn 0.998179 0.000000 -0.060321
vn 0.998179 0.000000 -0.060321
vn 0.086262 0.994259 0.063302
vn 0.434196 0.000000 0.900819
vn 0.434196 0.000000 0.900819
vn -0.005881 0.996840 0.079217
vn -0.271586 0.000000 0.962414
vn -0.271586 0.000000 0.962414
vn -0.144891 0.989310 0.016479
vn -0.977308 0.000000 0.211824
vn -0.977308 0.000000 0.211824
vn -0.065189 0.973774 -0.217979
vn -0.325339 0.000000 -0.945598
vn -0.325339 -0.000000 -0.945598
vn 0.055182 0.970146 -0.236160
vn 0.246291 0.000000 -0.969196
vn 0.246291 0.000000 -0.969196
vn 0.153247 0.985362 -0.074680
vn 0.996819 0.000000 -0.079701
vn 0.996819 0.000000 -0.079701
vn 0.075812 0.984341 0.159140
vn 0.542387 0.000000 0.840129
vn 0.542387 0.000000 0.840129
vn -0.048517 0.982740 0.178519
vn -0.219483 0.000000 0.975616
vn -0.219483 0.000000 0.975616
vn 0.041759 0.996052 -0.078334
vn 0.372419 0.000000 -0.928065
vn 0.372419 0.000000 -0.928065
vn 0.060271 0.997307 -0.041783
vn 0.969685 0.000000 -0.244357
vn 0.969685 0.000000 -0.244357
vn 0.030283 0.998984 0.033372
vn 0.372647 0.000000 0.927973
vn 0.372647 0.000000 0.927973
vn -0.046688 0.998177 0.038258
vn -0.355478 0.000000 0.934685
vn -0.355478 0.000000 0.934685
vn -0.049342 0.998237 0.032995
vn -0.980101 0.000000 0.198500
vn -0.980101 0.000000 0.198500
vn -0.005957 0.997138 -0.075370
vn -0.314737 0.000000 -0.949179
vn -0.314737 -0.000000 -0.949179
vn 0.000000 0.953052 -0.302806
vn 0.098713 0.984684 -0.143709
vn 0.503254 0.000000 -0.864138
vn 0.503254 0.000000 -0.864138
vn 0.000000 0.961352 -0.275321
vn -0.024337 0.951322 -0.307236
vn -0.150538 0.000000 -0.988604
vn -0.150538 -0.000000 -0.988604
vn 0.000000 0.946063 -0.323983
vn 0.032522 0.962639 -0.268829
vn 0.219195 0.000000 -0.975681
vn 0.219195 0.000000 -0.975681
vn 0.000000 0.940736 -0.339140
vn 0.006432 0.946473 -0.322720
vn 0.232417 0.000000 -0.972616
vn 0.232417 0.000000 -0.972616
vn 0.000000 0.604562 -0.796558
vn 0.117793 0.942371 -0.313149
vn 0.252613 0.000000 -0.967567
vn 0.252613 0.000000 -0.967567
vn 0.000000 0.990912 -0.134511
vn -0.507959 0.461955 -0.727032
vn -0.559169 0.000000 -0.829054
vn -0.559169 -0.000000 -0.829054
vn 0.000000 0.838465 -0.544955
vn 0.115492 0.987571 -0.106608
vn 0.646365 0.000000 -0.763029
vn 0.646365 0.000000 -0.763029
vn 0.000000 0.992717 -0.120473
vn -0.410572 0.714984 -0.565888
vn -0.578525 0.000000 -0.815665
vn -0.578525 -0.000000 -0.815665
vn 0.000000 0.792558 -0.609797
vn 0.158557 0.984129 -0.079691
vn 0.728763 0.000000 -0.684766
vn 0.728763 0.000000 -0.684766
vn 0.000000 0.993156 -0.116796
vn -0.614299 0.540079 -0.575284
vn -0.732891 0.000000 -0.680346
vn -0.732891 -0.000000 -0.680346
vn 0.000000 0.995110 -0.098773
vn -0.028523 0.991860 -0.124098
vn 0.165657 0.000000 -0.986183
vn 0.165657 0.000000 -0.986183
vn 0.000000 0.995783 -0.091743
vn -0.008800 0.994836 -0.101111
vn 0.339662 0.000000 -0.940547
vn 0.339662 0.000000 -0.940547
vn 0.000000 0.920802 -0.390030
vn 0.182101 0.982462 -0.040086
vn 0.647577 0.000000 -0.762000
vn 0.647577 0.000000 -0.762000
vn 0.000000 0.947970 -0.318360
vn -0.045710 0.915073 -0.400690
vn -0.009272 0.000000 -0.999957
vn -0.009272 -0.000000 -0.999957
vn 0.000000 0.947054 -0.321075
vn 0.002073 0.948151 -0.317813
vn -0.111707 0.000000 -0.993741
vn -0.111707 -0.000000 -0.993741
vn 0.000000 0.980739 -0.195322
vn -0.116863 0.929400 -0.350083
vn -0.197498 0.000000 -0.980303
vn -0.197498 -0.000000 -0.980303
vn -0.013178 0.998083 -0.060466
vn -0.261880 0.000000 -0.965101
vn -0.261880 -0.000000 -0.965101
vn 0.036745 0.998371 -0.043654
vn 0.584021 0.000000 -0.811738
vn 0.584021 0.000000 -0.811738
vn 0.040830 0.997994 0.048378
vn 0.734802 0.000000 0.678282
vn 0.734802 0.000000 0.678282
vn 0.022009 0.998087 0.057777
vn -0.150294 0.000000 0.988641
vn -0.150294 0.000000 0.988641
vn -0.030914 0.999205 -0.025186
vn -0.997105 0.000000 -0.076043
vn -0.997105 -0.000000 -0.076043
vn -0.050682 0.998543 0.018502
vn -0.531084 0.000000 0.847319
vn -0.531084 0.000000 0.847319
vn -0.054917 0.998488 0.002434
vn -0.969914 0.000000 -0.243449
vn -0.969914 -0.000000 -0.243449
vn 0.019692 0.997438 -0.068768
vn -0.009628 0.000000 -0.999954
vn -0.009628 -0.000000 -0.999954
vn 0.084910 0.996344 -0.009436
vn 0.961477 0.000000 -0.274884
vn 0.961477 0.000000 -0.274884
vn 0.078639 0.996767 0.016493
vn 0.547621 0.000000 0.836726
vn 0.547621 0.000000 0.836726
vn -0.048932 0.997593 -0.049138
vn -0.328688 0.000000 -0.944439
vn -0.328688 -0.000000 -0.944439
vn 0.044506 0.998978 -0.007920
vn 0.800175 0.000000 -0.599766
vn 0.800175 0.000000 -0.599766
vn 0.043263 0.996296 0.074309
vn 0.675876 0.000000 0.737016
vn 0.675876 0.000000 0.737016
vn -0.042484 0.993282 0.107635
vn -0.255912 0.000000 0.966700
vn -0.255912 0.000000 0.966700
vn -0.090030 0.995717 0.021023
vn -0.999981 0.000000 -0.006240
vn -0.999981 -0.000000 -0.006240
vn -0.092911 0.994747 0.042965
vn -0.586288 0.000000 0.810103
vn -0.586288 0.000000 0.810103
vn -0.114227 0.993246 -0.020365
vn -0.978306 0.000000 -0.207166
vn -0.978306 -0.000000 -0.207166
vn -0.105833 0.993548 -0.040754
vn -0.666949 0.000000 -0.745104
vn -0.666949 -0.000000 -0.745104
vn 0.083083 0.992806 -0.086213
vn 0.383931 0.000000 -0.923362
vn 0.383931 0.000000 -0.923362
vn 0.073467 0.992588 -0.096810
vn 0.736516 0.000000 -0.676420
vn 0.736516 0.000000 -0.676420
vn 0.068730 0.995396 0.066807
vn 0.699784 0.000000 0.714355
vn 0.699784 0.000000 0.714355
vn 0.043872 0.994956 0.090207
vn 0.255282 0.000000 0.966867
vn 0.255282 0.000000 0.966867
vn -0.018581 0.998404 -0.053333
vn 0.128605 0.000000 -0.991696
vn 0.128605 0.000000 -0.991696
vn 0.119332 0.989571 0.080680
vn 0.794399 0.000000 -0.607397
vn 0.794399 0.000000 -0.607397
vn 0.120211 0.990109 0.072336
vn 0.752005 0.000000 0.659158
vn 0.752005 0.000000 0.659158
vn -0.023321 0.988433 0.149852
vn -0.225910 0.000000 0.974148
vn -0.225910 0.000000 0.974148
vn -0.092531 0.992210 0.083415
vn -0.820056 0.000000 0.572283
vn -0.820056 0.000000 0.572283
vn -0.083010 0.996381 -0.018304
vn -0.660640 0.000000 -0.750703
vn -0.660640 -0.000000 -0.750703
vn -0.000000 0.945099 0.326785
vn 0.086548 0.976634 0.196712
vn 0.228954 -0.000000 0.973437
vn 0.228954 0.000000 0.973437
vn -0.000000 0.989102 0.147233
vn -0.167074 0.931761 0.322346
vn -0.281700 -0.000000 0.959503
vn -0.281700 -0.000000 0.959503
vn -0.000000 0.984661 0.174480
vn 0.026228 0.988748 0.147276
vn -0.023888 -0.000000 0.999715
vn -0.023888 -0.000000 0.999715
vn -0.000000 0.993644 0.112569
vn -0.118499 0.977923 0.172116
vn -0.697422 -0.000000 0.716661
vn -0.697422 -0.000000 0.716661
vn -0.000000 0.984242 0.176826
vn 0.047649 0.992458 0.112949
vn 0.760745 -0.000000 0.649051
vn 0.760745 0.000000 0.649051
vn -0.000000 0.991404 0.130838
vn -0.044919 0.983435 0.175609
vn -0.232642 -0.000000 0.972562
vn -0.232642 -0.000000 0.972562
vn -0.000000 0.995939 0.090036
vn -0.059274 0.989880 0.128932
vn -0.439433 -0.000000 0.898276
vn -0.439433 -0.000000 0.898276
vn -0.000000 0.835963 0.548786
vn 0.222382 0.970332 0.094881
vn 0.707995 -0.000000 0.706217
vn 0.707995 0.000000 0.706217
vn -0.000000 0.769327 0.638856
vn 0.047329 0.834048 0.549658
vn 0.076946 -0.000000 0.997035
vn 0.076946 0.000000 0.997035
vn -0.000000 0.976818 0.214072
vn -0.429460 0.705595 0.563648
vn -0.569974 -0.000000 0.821663
vn -0.569974 -0.000000 0.821663
vn -0.000000 0.996669 0.081547
vn -0.218768 0.955554 0.197628
vn -0.570692 -0.000000 0.821164
vn -0.570692 -0.000000 0.821164
vn -0.000000 0.988694 0.149944
vn 0.090643 0.992142 0.086245
vn 0.342400 -0.000000 0.939554
vn 0.342400 0.000000 0.939554
vn -0.000000 0.945708 0.325019
vn 0.083105 0.984465 0.154667
vn 0.632002 -0.000000 0.774967
vn 0.632002 0.000000 0.774967
vn -0.000000 0.934864 0.355007
vn 0.024862 0.944827 0.326624
vn -0.285266 -0.000000 0.958448
vn -0.285266 -0.000000 0.958448
vn -0.000000 0.967207 0.253988
vn -0.109296 0.932172 0.345124
vn -0.266376 -0.000000 0.963869
vn -0.266376 -0.000000 0.963869
vn -0.000000 0.993219 0.116256
vn -0.153503 0.958891 0.238675
vn -0.097553 -0.000000 0.995230
vn -0.097553 -0.000000 0.995230
vn 0.133552 0.990903 0.016583
vn 0.518809 0.000000 0.854890
vn 0.518809 0.000000 0.854890
vn -0.123150 0.988737 0.085050
vn -0.224888 0.000000 0.974385
vn -0.224888 0.000000 0.974385
vn -0.019925 0.980985 0.193060
vn -0.861848 0.000000 0.507166
vn -0.861848 0.000000 0.507166
vn -0.016899 0.999306 -0.033192
vn -0.880460 0.000000 -0.474120
vn -0.880460 -0.000000 -0.474120
vn -0.020511 0.999350 -0.029643
vn -0.215077 0.000000 -0.976597
vn -0.215077 -0.000000 -0.976597
vn 0.033861 0.999350 -0.012336
vn 0.680683 0.000000 -0.732578
vn 0.680683 0.000000 -0.732578
vn 0.086204 0.987039 0.135365
vn 0.997006 0.000000 -0.077321
vn 0.997006 0.000000 -0.077321
vn -0.101742 0.994417 -0.027976
vn -0.805477 0.000000 0.592628
vn -0.805477 0.000000 0.592628
vn -0.100047 0.993708 0.050343
vn -0.865472 0.000000 -0.500957
vn -0.865472 -0.000000 -0.500957
vn 0.032924 0.997980 -0.054336
vn 0.120060 0.000000 -0.992767
vn 0.120060 0.000000 -0.992767
vn 0.028808 0.997947 -0.057196
vn 0.804710 0.000000 -0.593668
vn 0.804710 0.000000 -0.593668
vn 0.033374 0.981908 0.186392
vn 0.929136 0.000000 0.369737
vn 0.929136 0.000000 0.369737
vn 0.115436 0.985709 0.122688
vn -0.004533 0.000000 0.999990
vn -0.004533 0.000000 0.999990
vn 0.101106 0.994794 0.012752
vn 0.992060 0.000000 0.125763
vn 0.992060 0.000000 0.125763
vn 0.074563 0.995203 0.063327
vn 0.373775 0.000000 0.927520
vn 0.373775 0.000000 0.927520
vn -0.069332 0.997537 0.010585
vn -0.785295 0.000000 0.619122
vn -0.785295 0.000000 0.619122
vn -0.071215 0.995464 -0.063079
vn -0.778128 0.000000 -0.628105
vn -0.778128 -0.000000 -0.628105
vn 0.026907 0.993705 -0.108747
vn 0.149015 0.000000 -0.988835
vn 0.149015 0.000000 -0.988835
vn -0.067873 0.995184 -0.070722
vn -0.453954 0.000000 -0.891025
vn -0.453954 -0.000000 -0.891025
vn 0.083720 0.994488 -0.063128
vn 0.589791 0.000000 -0.807556
vn 0.589791 0.000000 -0.807556
vn 0.106833 0.993379 0.042251
vn 0.941136 0.000000 0.338029
vn 0.941136 0.000000 0.338029
vn 0.023676 0.993251 0.113540
vn 0.016850 0.000000 0.999858
vn 0.016850 0.000000 0.999858
vn -0.088443 0.996081 0.000586
vn -0.957274 0.000000 0.289182
vn -0.957274 0.000000 0.289182
vn -0.075841 0.993346 -0.086675
vn -0.782991 0.000000 -0.622033
vn -0.782991 -0.000000 -0.622033
vn 0.024894 0.991666 -0.126407
vn 0.322092 0.000000 -0.946708
vn 0.322092 0.000000 -0.946708
vn 0.112788 0.993064 0.033208
vn 0.998694 0.000000 0.051100
vn 0.998694 0.000000 0.051100
vn 0.059349 0.990489 0.124137
vn 0.214356 0.000000 0.976756
vn 0.214356 0.000000 0.976756
vn -0.077648 0.994878 0.064713
vn -0.708829 0.000000 0.705380
vn -0.708829 0.000000 0.705380
vn -0.027922 0.999103 0.031826
vn -0.190655 0.000000 0.981657
vn -0.190655 0.000000 0.981657
vn -0.017538 0.998901 0.043464
vn -0.931857 0.000000 0.362824
vn -0.931857 0.000000 0.362824
vn -0.014901 0.999419 -0.030661
vn -0.777618 0.000000 -0.628737
vn -0.777618 -0.000000 -0.628737
vn -0.026521 0.999451 -0.019857
vn -0.252910 0.000000 -0.967490
vn -0.252910 -0.000000 -0.967490
vn 0.065757 0.997752 0.012918
vn 0.617779 0.000000 -0.786351
vn 0.617779 0.000000 -0.786351
vn 0.041989 0.997405 -0.058479
vn 0.994560 0.000000 0.104164
vn 0.994560 0.000000 0.104164
vn 0.007490 0.999692 0.023641
vn 0.578498 0.000000 0.815684
vn 0.578498 0.000000 0.815684
vn 0.028181 0.995500 0.090475
vn 0.566092 0.000000 0.824342
vn 0.566092 0.000000 0.824342
vn 0.001061 0.995148 0.098380
vn -0.154846 0.000000 0.987939
vn -0.154846 0.000000 0.987939
vn -0.042674 0.997633 0.053917
vn -0.789700 0.000000 0.613493
vn -0.789700 0.000000 0.613493
vn -0.042638 0.996561 -0.071050
vn -0.667693 0.000000 -0.744437
vn -0.667693 -0.000000 -0.744437
vn -0.032693 0.996164 -0.081173
vn -0.268464 0.000000 -0.963290
vn -0.268464 -0.000000 -0.963290
vn 0.070199 0.996224 -0.051083
vn 0.586593 0.000000 -0.809882
vn 0.586593 0.000000 -0.809882
vn 0.075812 0.996465 -0.036201
vn 0.997003 0.000000 -0.077362
vn 0.997003 0.000000 -0.077362
vn -0.021592 0.989493 0.142958
vn 0.047225 0.000000 0.998884
vn 0.047225 0.000000 0.998884
vn -0.086792 0.991592 0.095978
vn -0.859835 0.000000 0.510572
vn -0.859835 0.000000 0.510572
vn -0.055306 0.993151 -0.102924
vn -0.580889 0.000000 -0.813983
vn -0.580889 -0.000000 -0.813983
vn -0.016202 0.993941 -0.108713
vn 0.452032 0.000000 -0.892002
vn 0.452032 0.000000 -0.892002
vn 0.045566 0.996846 0.064969
vn 0.992863 0.000000 0.119258
vn 0.992863 0.000000 0.119258
vn -0.030569 0.999530 0.002216
vn -0.906057 0.000000 -0.423156
vn -0.906057 -0.000000 -0.423156
vn -0.003839 0.999859 -0.016348
vn 0.166493 0.000000 -0.986043
vn 0.166493 0.000000 -0.986043
vn 0.007364 0.999945 -0.007525
vn 0.794090 0.000000 -0.607800
vn 0.794090 0.000000 -0.607800
vn 0.005841 0.997975 0.063337
vn 0.735400 0.000000 0.677634
vn 0.735400 0.000000 0.677634
vn 0.026747 0.998448 0.048855
vn 0.100072 0.000000 0.994980
vn 0.100072 0.000000 0.994980
vn -0.030601 0.999525 0.003718
vn -0.903508 0.000000 0.428572
vn -0.903508 0.000000 0.428572
vn 0.035405 0.999011 0.026892
vn 0.989721 0.000000 0.143014
vn 0.989721 0.000000 0.143014
vn 0.007056 0.997838 0.065340
vn 0.083042 0.000000 0.996546
vn 0.083042 0.000000 0.996546
vn -0.043619 0.997799 0.049951
vn -0.526401 0.000000 0.850237
vn -0.526401 0.000000 0.850237
vn -0.056920 0.998355 -0.006847
vn -0.934721 0.000000 -0.355382
vn -0.934721 -0.000000 -0.355382
vn -0.041118 0.998752 -0.028360
vn -0.362403 0.000000 -0.932022
vn -0.362403 -0.000000 -0.932022
vn 0.027368 0.999597 -0.007578
vn 0.695157 0.000000 -0.718858
vn 0.695157 0.000000 -0.718858
vn 0.014311 0.999845 -0.010299
vn 0.939073 0.000000 -0.343717
vn 0.939073 0.000000 -0.343717
vn 0.001299 0.997876 0.065123
vn 0.539578 0.000000 0.841936
vn 0.539578 0.000000 0.841936
vn 0.020492 0.998143 0.057358
vn -0.015360 0.000000 0.999882
vn -0.015360 0.000000 0.999882
vn -0.010606 0.999724 0.020944
vn -0.966756 0.000000 0.255700
vn -0.966756 0.000000 0.255700
vn 0.001712 0.998720 -0.050550
vn -0.605370 0.000000 -0.795944
vn -0.605370 -0.000000 -0.795944
vn -0.014453 0.998927 -0.044005
vn 0.067958 0.000000 -0.997688
vn 0.067958 0.000000 -0.997688
vn -0.039853 0.999198 -0.003755
vn -0.817989 0.000000 0.575234
vn -0.817989 0.000000 0.575234
vn -0.036139 0.998978 0.027150
vn -0.910537 0.000000 -0.413428
vn -0.910537 -0.000000 -0.413428
vn 0.026584 0.998948 -0.037365
vn -0.258945 0.000000 -0.965892
vn -0.258945 -0.000000 -0.965892
vn 0.003141 0.998791 -0.049051
vn 0.699124 0.000000 -0.715000
vn 0.699124 0.000000 -0.715000
vn 0.009593 0.999943 0.004672
vn 0.908241 0.000000 0.418447
vn 0.908241 0.000000 0.418447
vn -0.001046 0.999878 0.015614
vn 0.073652 0.000000 0.997284
vn 0.073652 0.000000 0.997284
vn 0.035787 0.999007 -0.026552
vn 0.562561 0.000000 -0.826756
vn 0.562561 0.000000 -0.826756
vn 0.047839 0.998685 0.018430
vn 0.937802 0.000000 0.347172
vn 0.937802 0.000000 0.347172
vn -0.021109 0.996172 0.084824
vn 0.002263 0.000000 0.999997
vn 0.002263 0.000000 0.999997
vn -0.047518 0.996995 0.061183
vn -0.882752 0.000000 0.469839
vn -0.882752 0.000000 0.469839
vn -0.026970 0.999319 -0.025186
vn -0.539623 0.000000 -0.841907
vn -0.539623 -0.000000 -0.841907
vn 0.027827 0.997783 0.060447
vn 0.227714 0.000000 0.973728
vn 0.227714 0.000000 0.973728
vn 0.003965 0.998394 0.056517
vn -0.487189 0.000000 0.873297
vn -0.487189 0.000000 0.873297
vn -0.027718 0.998776 -0.040963
vn -0.998689 0.000000 -0.051194
vn -0.998689 -0.000000 -0.051194
vn -0.000206 0.996217 -0.086902
vn -0.207353 0.000000 -0.978266
vn -0.207353 -0.000000 -0.978266
vn 0.055586 0.995436 -0.077566
vn 0.534012 0.000000 -0.845477
vn 0.534012 0.000000 -0.845477
vn 0.074880 0.997019 -0.018587
vn 0.999888 0.000000 -0.014958
vn 0.999888 0.000000 -0.014958
vn -0.005528 0.997135 -0.075444
vn 0.266689 0.000000 -0.963783
vn 0.266689 0.000000 -0.963783
vn 0.049434 0.998356 0.029002
vn 0.999239 0.000000 0.039009
vn 0.999239 0.000000 0.039009
vn 0.052783 0.998401 0.020210
vn 0.517935 0.000000 0.855420
vn 0.517935 0.000000 0.855420
vn -0.045765 0.998531 0.029015
vn -0.392795 0.000000 0.919626
vn -0.392795 0.000000 0.919626
vn -0.059912 0.998202 0.002072
vn -0.976946 0.000000 0.213488
vn -0.976946 0.000000 0.213488
vn -0.031203 0.996834 -0.073128
vn -0.361293 0.000000 -0.932452
vn -0.361293 -0.000000 -0.932452
vn 0.048132 0.997667 0.048419
vn 0.999857 0.000000 -0.016881
vn 0.999857 0.000000 -0.016881
vn -0.008717 0.988935 0.148093
vn 0.292473 0.000000 0.956274
vn 0.292473 0.000000 0.956274
vn -0.097076 0.988999 0.111609
vn -0.715735 0.000000 0.698372
vn -0.715735 0.000000 0.698372
vn -0.097900 0.995195 0.001530
vn -0.689490 0.000000 -0.724296
vn -0.689490 -0.000000 -0.724296
vn -0.001670 0.999236 -0.039058
vn 0.264749 0.000000 -0.964317
vn 0.264749 0.000000 -0.964317
vn -0.047706 0.997769 0.046693
vn -0.358839 0.000000 0.933399
vn -0.358839 0.000000 0.933399
vn -0.094382 0.993751 -0.059585
vn -0.959922 0.000000 -0.280266
vn -0.959922 -0.000000 -0.280266
vn -0.071257 0.993218 -0.091867
vn -0.186528 0.000000 -0.982450
vn -0.186528 -0.000000 -0.982450
vn 0.035884 0.998916 -0.029634
vn 0.801654 0.000000 -0.597789
vn 0.801654 0.000000 -0.597789
vn 0.030954 0.999178 0.026175
vn 0.717318 0.000000 0.696746
vn 0.717318 0.000000 0.696746
vn 0.041509 0.998937 -0.020035
vn 0.528348 0.000000 -0.849028
vn 0.528348 0.000000 -0.849028
vn 0.044799 0.998979 -0.005852
vn 0.983673 0.000000 0.179966
vn 0.983673 0.000000 0.179966
vn 0.026435 0.999260 0.027953
vn 0.393514 0.000000 0.919319
vn 0.393514 0.000000 0.919319
vn 0.002990 0.999548 0.029905
vn -0.351968 0.000000 0.936012
vn -0.351968 0.000000 0.936012
vn -0.029078 0.999460 -0.015326
vn -0.874255 0.000000 0.485467
vn -0.874255 0.000000 0.485467
vn -0.026238 0.998942 -0.037781
vn -0.536237 0.000000 -0.844067
vn -0.536237 -0.000000 -0.844067
vn -0.012239 0.998778 -0.047890
vn -0.100688 0.000000 -0.994918
vn -0.100688 -0.000000 -0.994918
vn -0.026521 0.999454 0.019704
vn -0.823741 0.000000 0.566966
vn -0.823741 0.000000 0.566966
vn -0.022601 0.999677 -0.011655
vn -0.576533 0.000000 -0.817074
vn -0.576533 -0.000000 -0.817074
vn -0.004204 0.999778 -0.020656
vn 0.039501 0.000000 -0.999220
vn 0.039501 0.000000 -0.999220
vn 0.046399 0.998406 0.032122
vn 0.934993 0.000000 -0.354667
vn 0.934993 0.000000 -0.354667
vn 0.043569 0.997569 0.054391
vn 0.726979 0.000000 0.686660
vn 0.726979 0.000000 0.686660
vn 0.018567 0.997605 0.066622
vn -0.166981 0.000000 0.985960
vn -0.166981 0.000000 0.985960
vn 0.006308 0.996567 -0.082555
vn -0.071682 0.000000 -0.997428
vn -0.071682 -0.000000 -0.997428
vn 0.043464 0.997654 -0.052898
vn 0.901988 0.000000 -0.431762
vn 0.901988 0.000000 -0.431762
vn 0.040895 0.998242 0.042911
vn 0.733292 0.000000 0.679914
vn 0.733292 0.000000 0.679914
vn -0.008664 0.997022 0.076625
vn 0.123739 0.000000 0.992315
vn 0.123739 0.000000 0.992315
vn -0.052044 0.997763 0.041951
vn -0.874295 0.000000 0.485396
vn -0.874295 0.000000 0.485396
vn -0.049705 0.997774 -0.044447
vn -0.750945 0.000000 -0.660365
vn -0.750945 -0.000000 -0.660365
vn 0.017906 0.998718 0.047353
vn 0.040693 0.000000 0.999172
vn 0.040693 0.000000 0.999172
vn -0.027763 0.999399 0.020751
vn -0.778503 0.000000 0.627641
vn -0.778503 0.000000 0.627641
vn -0.036840 0.998994 -0.025589
vn -0.995493 0.000000 -0.094840
vn -0.995493 -0.000000 -0.094840
vn -0.017640 0.998171 -0.057815
vn -0.218650 0.000000 -0.975803
vn -0.218650 -0.000000 -0.975803
vn 0.006017 0.998270 -0.058487
vn 0.180062 0.000000 -0.983655
vn 0.180062 0.000000 -0.983655
vn 0.015708 0.998924 -0.043635
vn 0.971576 0.000000 -0.236727
vn 0.971576 0.000000 -0.236727
vn -0.000814 0.998226 0.059539
vn 0.735794 0.000000 0.677206
vn 0.735794 0.000000 0.677206
vn 0.021986 0.999756 -0.002203
vn 0.999613 0.000000 -0.027824
vn 0.999613 0.000000 -0.027824
vn 0.002447 0.999077 0.042881
vn 0.415610 0.000000 0.909543
vn 0.415610 0.000000 0.909543
vn -0.029419 0.998618 0.043545
vn -0.297042 0.000000 0.954865
vn -0.297042 0.000000 0.954865
vn -0.049255 0.998786 0.001170
vn -0.999284 0.000000 -0.037830
vn -0.999284 -0.000000 -0.037830
vn -0.042281 0.998994 -0.014955
vn -0.502279 0.000000 -0.864706
vn -0.502279 -0.000000 -0.864706
vn 0.015434 0.999750 -0.016206
vn 0.534460 0.000000 -0.845194
vn 0.534460 0.000000 -0.845194
vn 0.041246 0.998584 -0.033603
vn -0.091071 0.000000 -0.995844
vn -0.091071 -0.000000 -0.995844
vn 0.010924 0.998613 -0.051501
vn 0.789108 0.000000 -0.614255
vn 0.789108 0.000000 -0.614255
vn 0.024479 0.999522 0.018877
vn 0.994788 0.000000 0.101961
vn 0.994788 0.000000 0.101961
vn 0.029998 0.999503 0.009681
vn 0.406781 0.000000 0.913526
vn 0.406781 0.000000 0.913526
vn -0.048977 0.998734 0.011431
vn -0.477642 0.000000 0.878555
vn -0.477642 0.000000 0.878555
vn -0.034422 0.998828 0.034022
vn -0.949663 0.000000 0.313273
vn -0.949663 0.000000 0.313273
vn -0.030994 0.999435 0.012991
vn -0.737208 0.000000 -0.675666
vn -0.737208 -0.000000 -0.675666
vn 0.003914 0.994894 -0.100848
vn 0.274219 0.000000 -0.961667
vn 0.274219 0.000000 -0.961667
vn 0.024737 0.996318 -0.082090
vn 0.718594 0.000000 -0.695430
vn 0.718594 0.000000 -0.695430
vn 0.030606 0.998354 0.048513
vn 0.819479 0.000000 0.573110
vn 0.819479 0.000000 0.573110
vn 0.026588 0.998234 0.053115
vn 0.215600 0.000000 0.976482
vn 0.215600 0.000000 0.976482
vn -0.078439 0.996459 0.030274
vn -0.488682 0.000000 0.872462
vn -0.488682 0.000000 0.872462
vn -0.088502 0.996052 0.006893
vn -0.971750 0.000000 0.236012
vn -0.971750 0.000000 0.236012
vn -0.061505 0.995161 -0.076633
vn -0.597688 0.000000 -0.801729
vn -0.597688 -0.000000 -0.801729
vn -0.001467 0.999910 -0.013325
vn 0.228103 0.000000 -0.973637
vn 0.228103 0.000000 -0.973637
vn 0.014157 0.999813 0.013189
vn 0.991601 0.000000 -0.129333
vn 0.991601 0.000000 -0.129333
vn -0.007665 0.998555 0.053198
vn 0.212196 0.000000 0.977227
vn 0.212196 0.000000 0.977227
vn -0.005035 0.998516 0.054223
vn -0.659611 0.000000 0.751607
vn -0.659611 0.000000 0.751607
vn -0.005998 0.999918 -0.011317
vn -0.668928 0.000000 -0.743327
vn -0.668928 -0.000000 -0.743327
vn -0.003473 0.997390 -0.072122
vn -0.686721 0.000000 -0.726921
vn -0.686721 -0.000000 -0.726921
vn 0.003333 0.997211 -0.074561
vn 0.140462 0.000000 -0.990086
vn 0.140462 0.000000 -0.990086
vn 0.038703 0.998787 -0.030439
vn 0.984024 0.000000 -0.178034
vn 0.984024 0.000000 -0.178034
vn 0.020838 0.998022 0.059310
vn 0.590722 0.000000 0.806875
vn 0.590722 0.000000 0.806875
vn 0.013134 0.997984 0.062084
vn -0.058774 0.000000 0.998271
vn -0.058774 0.000000 0.998271
vn -0.021573 0.999592 0.018742
vn -0.987275 0.000000 0.159024
vn -0.987275 0.000000 0.159024
vn -0.106527 0.993422 0.042010
vn -0.288695 0.000000 0.957421
vn -0.288695 0.000000 0.957421
vn -0.082751 0.992773 0.086916
vn -0.999223 0.000000 0.039406
vn -0.999223 0.000000 0.039406
vn -0.050766 0.997671 -0.045548
vn -0.681110 0.000000 -0.732181
vn -0.681110 -0.000000 -0.732181
vn 0.051661 0.994014 -0.096269
vn -0.000111 0.000000 -1.000000
vn -0.000111 -0.000000 -1.000000
vn 0.160034 0.987006 -0.014417
vn 0.913266 0.000000 -0.407363
vn 0.913266 0.000000 -0.407363
vn 0.143632 0.978829 -0.145819
vn 0.993813 0.000000 0.111066
vn 0.993813 0.000000 0.111066
vn -0.000552 0.998596 0.052970
vn 0.188541 0.000000 0.982065
vn 0.188541 0.000000 0.982065
vn -0.071421 0.997440 0.003529
vn -0.995799 0.000000 0.091568
vn -0.995799 0.000000 0.091568
vn -0.044459 0.997126 -0.061349
vn -0.385843 0.000000 -0.922565
vn -0.385843 -0.000000 -0.922565
vn 0.014253 0.998740 -0.048120
vn 0.618724 0.000000 -0.785608
vn 0.618724 0.000000 -0.785608
vn 0.023098 0.999196 0.032782
vn 0.861066 0.000000 0.508493
vn 0.861066 0.000000 0.508493
vn -0.026276 0.997633 0.063543
vn -0.169480 0.000000 0.985534
vn -0.169480 0.000000 0.985534
vn 0.055567 0.998451 -0.002773
vn 0.830486 0.000000 0.557039
vn 0.830486 0.000000 0.557039
vn -0.022082 0.997320 0.069748
vn 0.104272 0.000000 0.994549
vn 0.104272 0.000000 0.994549
vn -0.071075 0.996092 0.052428
vn -0.686527 0.000000 0.727104
vn -0.686527 0.000000 0.727104
vn -0.078742 0.996455 0.029630
vn -0.986036 0.000000 0.166532
vn -0.986036 0.000000 0.166532
vn -0.036105 0.996723 -0.072392
vn -0.429697 0.000000 -0.902973
vn -0.429697 -0.000000 -0.902973
vn 0.028646 0.995751 -0.087518
vn 0.143476 0.000000 -0.989654
vn 0.143476 0.000000 -0.989654
vn 0.057262 0.996804 -0.055698
vn 0.861641 0.000000 -0.507518
vn 0.861641 0.000000 -0.507518
vn 0.053243 0.997770 0.040261
vn 0.994369 0.000000 -0.105977
vn 0.994369 0.000000 -0.105977
vn 0.038827 0.997033 0.066468
vn 0.345883 0.000000 0.938278
vn 0.345883 0.000000 0.938278
vn -0.097408 0.993951 0.050723
vn -0.458303 0.000000 0.888796
vn -0.458303 0.000000 0.888796
vn -0.121075 0.992529 -0.015066
vn -0.932837 0.000000 -0.360298
vn -0.932837 -0.000000 -0.360298
vn -0.098772 0.993533 -0.056006
vn -0.331438 0.000000 -0.943477
vn -0.331438 -0.000000 -0.943477
vn 0.023376 0.998831 -0.042300
vn 0.472500 0.000000 -0.881331
vn 0.472500 0.000000 -0.881331
vn -0.044730 0.998031 -0.043968
vn -0.801111 0.000000 -0.598516
vn -0.801111 -0.000000 -0.598516
vn -0.026414 0.998041 -0.056720
vn -0.116373 0.000000 -0.993206
vn -0.116373 -0.000000 -0.993206
vn 0.053319 0.998560 0.005894
vn 0.934718 0.000000 -0.355391
vn 0.934718 0.000000 -0.355391
vn 0.053026 0.998396 0.019855
vn 0.798690 0.000000 0.601742
vn 0.798690 0.000000 0.601742
vn -0.004568 0.998192 0.059940
vn 0.070560 0.000000 0.997508
vn 0.070560 0.000000 0.997508
vn -0.046205 0.998560 0.027256
vn -0.892116 0.000000 0.451806
vn -0.892116 0.000000 0.451806
vn 0.037031 0.998279 0.045478
vn 0.877920 0.000000 0.478808
vn 0.877920 0.000000 0.478808
vn 0.011906 0.998047 0.061321
vn -0.133706 0.000000 0.991021
vn -0.133706 0.000000 0.991021
vn -0.020780 0.999616 0.018319
vn -0.979975 0.000000 0.199122
vn -0.979975 0.000000 0.199122
vn 0.007756 0.998665 -0.051076
vn -0.352148 0.000000 -0.935944
vn -0.352148 -0.000000 -0.935944
vn 0.026641 0.998545 -0.046894
vn 0.691584 0.000000 -0.722296
vn 0.691584 0.000000 -0.722296
vn -0.055001 0.998486 -0.000977
vn -0.703892 0.000000 -0.710307
vn -0.703892 -0.000000 -0.710307
vn 0.017010 0.999395 -0.030335
vn 0.143493 0.000000 -0.989651
vn 0.143493 0.000000 -0.989651
vn 0.032215 0.999332 -0.017283
vn 0.900325 0.000000 -0.435219
vn 0.900325 0.000000 -0.435219
vn 0.035672 0.998710 0.036133
vn 0.965940 0.000000 0.258766
vn 0.965940 0.000000 0.258766
vn 0.049092 0.998596 0.019887
vn 0.211142 0.000000 0.977455
vn 0.211142 0.000000 0.977455
vn -0.036120 0.999338 0.004375
vn -0.515034 0.000000 0.857170
vn -0.515034 0.000000 0.857170
vn -0.048522 0.998564 -0.022696
vn -0.992823 0.000000 0.119597
vn -0.992823 0.000000 0.119597
vn -0.022988 0.999405 -0.025731
vn -0.532439 0.000000 -0.846468
vn -0.532439 -0.000000 -0.846468
vn 0.035994 0.998760 -0.034390
vn 0.372306 0.000000 -0.928110
vn 0.372306 0.000000 -0.928110
vn 0.046494 0.998906 -0.004934
vn 0.920216 0.000000 0.391411
vn 0.920216 0.000000 0.391411
vn 0.007560 0.999135 0.040891
vn 0.203653 0.000000 0.979043
vn 0.203653 0.000000 0.979043
vn -0.029303 0.999469 0.014215
vn -0.863935 0.000000 0.503603
vn -0.863935 0.000000 0.503603
vn -0.067124 0.997183 0.033481
vn -0.265505 0.000000 0.964110
vn -0.265505 0.000000 0.964110
vn -0.136281 0.984389 -0.111381
vn -0.988781 0.000000 -0.149371
vn -0.988781 -0.000000 -0.149371
vn -0.142793 0.985078 -0.096078
vn -0.545608 0.000000 -0.838041
vn -0.545608 -0.000000 -0.838041
vn 0.031559 0.994048 -0.104272
vn 0.336264 0.000000 -0.941768
vn 0.336264 0.000000 -0.941768
vn 0.090045 0.995808 0.016072
vn 0.999847 0.000000 -0.017511
vn 0.999847 0.000000 -0.017511
vn 0.085467 0.995973 0.027085
vn 0.292035 0.000000 0.956408
vn 0.292035 0.000000 0.956408
vn -0.078514 0.995194 -0.058527
vn -0.819412 0.000000 -0.573205
vn -0.819412 -0.000000 -0.573205
vn -0.026351 0.995382 -0.092309
vn -0.012141 0.000000 -0.999926
vn -0.012141 -0.000000 -0.999926
vn 0.002625 0.997150 -0.075404
vn 0.579304 0.000000 -0.815112
vn 0.579304 0.000000 -0.815112
vn 0.021941 0.999465 0.024236
vn 0.943739 0.000000 0.330691
vn 0.943739 0.000000 0.330691
vn 0.026027 0.999510 0.017411
vn 0.346733 0.000000 0.937964
vn 0.346733 0.000000 0.937964
vn -0.084244 0.996244 0.019997
vn -0.455463 0.000000 0.890255
vn -0.455463 0.000000 0.890255
vn -0.089917 0.995887 0.011166
vn -0.971913 0.000000 0.235340
vn -0.971913 0.000000 0.235340
vn 0.025429 0.996282 -0.082317
vn 0.378286 0.000000 -0.925689
vn 0.378286 0.000000 -0.925689
vn 0.062782 0.997478 0.033096
vn 0.957171 0.000000 0.289522
vn 0.957171 0.000000 0.289522
vn 0.043849 0.996944 0.064657
vn 0.338510 0.000000 0.940963
vn 0.338510 0.000000 0.940963
vn -0.034344 0.998081 0.051527
vn -0.588168 0.000000 0.808738
vn -0.588168 0.000000 0.808738
vn -0.051320 0.998682 -0.000916
vn -0.998515 0.000000 -0.054477
vn -0.998515 -0.000000 -0.054477
vn 0.000082 0.996244 -0.086591
vn -0.225598 0.000000 -0.974220
vn -0.225598 -0.000000 -0.974220
vn -0.023537 0.982886 -0.182707
vn -0.429585 0.000000 -0.903026
vn -0.429585 -0.000000 -0.903026
vn 0.052583 0.980151 -0.191153
vn 0.119135 0.000000 -0.992878
vn 0.119135 0.000000 -0.992878
vn 0.162025 0.985695 -0.046409
vn 0.973752 0.000000 -0.227613
vn 0.973752 0.000000 -0.227613
vn 0.143021 0.981257 0.129148
vn 0.792913 0.000000 0.609335
vn 0.792913 0.000000 0.609335
vn 0.106594 0.981782 0.157293
vn 0.088754 0.000000 0.996054
vn 0.088754 0.000000 0.996054
vn -0.018480 0.994929 0.098867
vn -0.668805 0.000000 0.743438
vn -0.668805 0.000000 0.743438
vn -0.068452 0.992883 -0.097454
vn -0.959661 0.000000 -0.281158
vn -0.959661 -0.000000 -0.281158
vn -0.052727 0.998360 -0.022298
vn -0.933700 0.000000 0.358057
vn -0.933700 0.000000 0.358057
vn -0.051464 0.998164 -0.031949
vn -0.625905 0.000000 -0.779899
vn -0.625905 -0.000000 -0.779899
vn -0.002067 0.999135 -0.041521
vn 0.304986 0.000000 -0.952357
vn 0.304986 0.000000 -0.952357
vn 0.017255 0.999819 0.008012
vn 0.994475 0.000000 0.104972
vn 0.994475 0.000000 0.104972
vn 0.008802 0.999787 0.018682
vn 0.101723 0.000000 0.994813
vn 0.101723 0.000000 0.994813
vn -0.040772 0.997834 0.051617
vn -0.417985 0.000000 0.908454
vn -0.417985 0.000000 0.908454
vn -0.062776 0.998022 -0.003416
vn -0.982874 0.000000 -0.184281
vn -0.982874 -0.000000 -0.184281
vn -0.014250 0.994956 -0.099292
vn -0.366171 0.000000 -0.930547
vn -0.366171 -0.000000 -0.930547
vn 0.042259 0.994521 -0.095615
vn 0.412759 0.000000 -0.910840
vn 0.412759 0.000000 -0.910840
vn 0.053159 0.996221 -0.068684
vn 0.999712 0.000000 0.023994
vn 0.999712 0.000000 0.023994
vn -0.008502 0.998519 0.053730
vn 0.356930 0.000000 0.934131
vn 0.356930 0.000000 0.934131
vn -0.056167 0.995541 0.075779
vn -0.816748 0.000000 0.576995
vn -0.816748 0.000000 0.576995
vn -0.057035 0.998178 -0.019673
vn -0.796123 0.000000 -0.605135
vn -0.796123 -0.000000 -0.605135
vn 0.032535 0.995651 -0.087297
vn 0.043810 0.000000 -0.999040
vn 0.043810 0.000000 -0.999040
vn 0.032281 0.995643 -0.087481
vn 0.788835 0.000000 -0.614605
vn 0.788835 0.000000 -0.614605
vn 0.033681 0.993607 0.107755
vn 0.888190 0.000000 0.459475
vn 0.888190 0.000000 0.459475
vn 0.011490 0.992171 0.124356
vn -0.013943 0.000000 0.999903
vn -0.013943 0.000000 0.999903
vn 0.035266 0.999173 0.020230
vn 0.803760 0.000000 -0.594954
vn 0.803760 0.000000 -0.594954
vn 0.035209 0.999199 0.018995
vn 0.836430 0.000000 0.548074
vn 0.836430 0.000000 0.548074
vn 0.013548 0.998940 0.043996
vn 0.261129 0.000000 0.965304
vn 0.261129 0.000000 0.965304
vn 0.007318 0.999062 0.042676
vn -0.454360 0.000000 0.890818
vn -0.454360 0.000000 0.890818
vn -0.021269 0.999509 -0.023009
vn -0.974274 0.000000 -0.225367
vn -0.974274 -0.000000 -0.225367
vn -0.023924 0.999606 -0.014706
vn -0.558147 0.000000 -0.829742
vn -0.558147 -0.000000 -0.829742
vn -0.009468 0.999753 -0.020128
vn -0.063292 0.000000 -0.997995
vn -0.063292 -0.000000 -0.997995
vn -0.000834 0.988099 -0.153817
vn -0.638569 0.000000 -0.769564
vn -0.638569 -0.000000 -0.769564
vn -0.027308 0.988712 -0.147317
vn 0.248497 0.000000 -0.968633
vn 0.248497 0.000000 -0.968633
vn 0.031006 0.999430 -0.013346
vn 0.966451 0.000000 0.256849
vn 0.966451 0.000000 0.256849
vn -0.002185 0.999476 0.032285
vn 0.225469 0.000000 0.974250
vn 0.225469 0.000000 0.974250
vn -0.017941 0.999577 0.022868
vn -0.891551 0.000000 0.452920
vn -0.891551 0.000000 0.452920
vn 0.018838 0.999169 0.036150
vn -0.270198 0.000000 0.962805
vn -0.270198 0.000000 0.962805
vn -0.019275 0.999639 -0.018709
vn -0.972108 0.000000 0.234532
vn -0.972108 0.000000 0.234532
vn -0.020241 0.999683 -0.014973
vn -0.595072 0.000000 -0.803672
vn -0.595072 -0.000000 -0.803672
vn 0.030403 0.999134 -0.028394
vn 0.341533 0.000000 -0.939870
vn 0.341533 0.000000 -0.939870
vn 0.036120 0.999144 -0.020166
vn 0.978262 0.000000 -0.207372
vn 0.978262 0.000000 -0.207372
vn 0.021785 0.999137 0.035368
vn 0.697137 0.000000 0.716938
vn 0.697137 0.000000 0.716938
vn -0.016382 0.999866 -0.000649
vn -0.617408 0.000000 0.786643
vn -0.617408 0.000000 0.786643
vn -0.026800 0.997370 -0.067348
vn -0.871303 0.000000 -0.490745
vn -0.871303 -0.000000 -0.490745
vn -0.054313 0.998198 -0.025493
vn -0.495120 0.000000 -0.868824
vn -0.495120 -0.000000 -0.868824
vn 0.033364 0.999188 -0.022592
vn 0.458824 0.000000 -0.888527
vn 0.458824 0.000000 -0.888527
vn 0.043321 0.999045 -0.005691
vn 0.949525 0.000000 -0.313692
vn 0.949525 0.000000 -0.313692
vn 0.041096 0.999140 0.005479
vn 0.623267 0.000000 0.782009
vn 0.623267 0.000000 0.782009
vn 0.015419 0.999675 0.020306
vn -0.059640 0.000000 0.998220
vn -0.059640 0.000000 0.998220
vn 0.012698 0.999628 -0.024140
vn 0.592168 0.000000 -0.805814
vn 0.592168 0.000000 -0.805814
vn 0.019931 0.999753 -0.009824
vn 0.890757 0.000000 -0.454479
vn 0.890757 0.000000 -0.454479
vn 0.001818 0.998230 0.059448
vn 0.566362 0.000000 0.824156
vn 0.566362 0.000000 0.824156
vn 0.021490 0.998505 0.050253
vn -0.130142 0.000000 0.991495
vn -0.130142 0.000000 0.991495
vn -0.012210 0.999638 0.023956
vn -0.829875 0.000000 0.557949
vn -0.829875 0.000000 0.557949
vn -0.015241 0.999861 -0.006733
vn -0.940409 0.000000 -0.340045
vn -0.940409 -0.000000 -0.340045
vn -0.000730 0.999666 -0.025844
vn -0.384291 0.000000 -0.923212
vn -0.384291 -0.000000 -0.923212
vn 0.025949 0.991217 -0.129674
vn -0.224831 0.000000 -0.974398
vn -0.224831 -0.000000 -0.974398
vn 0.011712 0.990713 -0.135467
vn 0.768294 0.000000 -0.640098
vn 0.768294 0.000000 -0.640098
vn 0.012354 0.995456 0.094420
vn 0.735227 0.000000 0.677821
vn 0.735227 0.000000 0.677821
vn -0.029095 0.993320 0.111664
vn -0.268792 0.000000 0.963198
vn -0.268792 0.000000 0.963198
vn -0.070055 0.996723 0.040437
vn -0.988502 0.000000 0.151209
vn -0.988502 0.000000 0.151209
vn 0.023092 0.999550 -0.019139
vn 0.555114 0.000000 -0.831774
vn 0.555114 0.000000 -0.831774
vn 0.031778 0.999475 0.006336
vn 0.963373 0.000000 0.268164
vn 0.963373 0.000000 0.268164
vn 0.026831 0.999471 0.018358
vn 0.526324 0.000000 0.850284
vn 0.526324 0.000000 0.850284
vn -0.050780 0.998016 0.037230
vn -0.202568 0.000000 0.979268
vn -0.202568 0.000000 0.979268
vn -0.055941 0.997936 0.031538
vn -0.874380 0.000000 0.485241
vn -0.874380 0.000000 0.485241
vn -0.055557 0.998305 0.017354
vn -0.801170 0.000000 -0.598436
vn -0.801170 -0.000000 -0.598436
vn -0.006432 0.999551 -0.029249
vn -0.291502 0.000000 -0.956570
vn -0.291502 -0.000000 -0.956570
vn 0.062551 0.995650 -0.069054
vn 0.979817 0.000000 0.199899
vn 0.979817 0.000000 0.199899
vn -0.010701 0.992459 0.122108
vn 0.521338 0.000000 0.853350
vn 0.521338 0.000000 0.853350
vn -0.034836 0.991063 0.128768
vn -0.126604 0.000000 0.991953
vn -0.126604 0.000000 0.991953
vn -0.013687 0.988547 0.150294
vn -0.743983 0.000000 0.668199
vn -0.743983 0.000000 0.668199
vn -0.012823 0.999508 -0.028617
vn -0.855094 0.000000 -0.518474
vn -0.855094 -0.000000 -0.518474
vn 0.043162 0.995459 -0.084845
vn -0.177889 0.000000 -0.984051
vn -0.177889 -0.000000 -0.984051
vn 0.058389 0.995067 -0.080203
vn 0.620214 0.000000 -0.784432
vn 0.620214 0.000000 -0.784432
f 1//1 2//1 3//1
f 4//2 5//2 6//2
f 7//3 8//3 9//3
f 10//4 11//4 12//4
f 13//5 14//5 15//5
f 16//6 17//6 18//6
f 19//7 20//7 21//7
f 22//8 23//8 24//8
f 25//9 26//9 27//9
f 28//10 29//10 30//10
f 31//11 32//11 33//11
f 34//12 35//12 36//12
f 37//13 38//13 39//13
f 40//14 41//14 42//14
f 43//15 44//15 45//15
f 46//16 47//16 48//16
f 49//17 50//17 51//17
f 52//18 53//18 54//18
f 55//19 56//19 57//19
f 58//20 59//20 60//20
f 61//21 62//21 63//21
f 64//22 65//22 66//22
f 67//23 68//23 69//23
f 70//24 71//24 72//24
f 73//25 74//25 75//25
f 76//26 77//26 78//26
f 79//27 80//27 81//27
f 82//28 83//28 84//28
f 85//29 86//29 87//29
f 88//30 89//30 90//30
f 91//31 92//31 93//31
f 94//32 95//32 96//32
f 97//33 98//33 99//33
f 100//34 101//34 102//34
f 103//35 104//35 105//35
f 106//36 107//36 108//36
f 109//37 110//37 111//37
f 112//38 113//38 114//38
f 115//39 116//39 117//39
f 118//40 119//40 120//40
f 121//41 122//41 123//41
f 124//42 125//42 126//42
f 127//43 128//43 129//43
f 130//44 131//44 132//44
f 133//45 134//45 135//45
f 136//46 137//46 138//46
f 139//47 140//47 141//47
f 142//48 143//48 144//48
f 145//49 146//49 147//49
f 148//50 149//50 150//50
f 151//51 152//51 153//51
f 154//52 155//52 156//52
f 157//53 158//53 159//53
f 160//54 161//54 162//54
f 163//55 164//55 165//55
f 166//56 167//56 168//56
f 169//57 170//57 171//57
f 172//58 173//58 174//58
f 175//59 176//59 177//59
f 178//60 179//60 180//60
f 181//61 182//61 183//61
f 184//62 185//62 186//62
f 187//63 188//63 189//63
f 190//64 191//64 192//64
f 193//65 194//65 195//65
f 196//66 197//66 198//66
f 199//67 200//67 201//67
f 202//68 203//68 204//68
f 205//69 206//69 207//69
f 208//70 209//70 210//70
f 211//71 212//71 213//71
f 214//72 215//72 216//72
f 217//73 218//73 219//73
f 220//74 221//74 222//74
f 223//75 224//75 225//75
f 226//76 227//76 228//76
f 229//77 230//77 231//77
f 232//78 233//78 234//78
f 235//79 236//79 237//79
f 238//80 239//80 240//80
f 241//81 242//81 243//81
f 244//82 245//82 246//82
f 247//83 248//83 249//83
f 250//84 251//84 252//84
f 253//85 254//85 255//85
f 256//86 257//86 258//86
f 259//87 260//87 261//87
f 262//88 263//88 264//88
f 265//89 266//89 267//89
f 268//90 269//90 270//90
f 271//91 272//91 273//91
f 274//92 275//92 276//92
f 277//93 278//93 279//93
f 280//94 281//94 282//94
f 283//95 284//95 285//95
f 286//96 287//96 288//96
f 289//97 290//97 291//97
f 292//98 293//98 294//98
f 295//99 296//99 297//99
f 298//100 299//100 300//100
f 301//101 302//101 303//101
f 304//102 305//102 306//102
f 307//103 308//103 309//103
f 310//104 311//104 312//104
f 313//105 314//105 315//105
f 316//106 317//106 318//106
f 319//107 320//107 321//107
f 322//108 323//108 324//108
f 325//109 326//109 327//109
f 328//110 329//110 330//110
f 331//111 332//111 333//111
f 334//112 335//112 336//112
f 337//113 338//113 339//113
f 340//114 341//114 342//114
f 343//115 344//115 345//115
f 346//116 347//116 348//116
f 349//117 350//117 351//117
f 352//118 353//118 354//118
f 355//119 356//119 357//119
f 358//120 359//120 360//120
f 361//121 362//121 363//121
f 364//122 365//122 366//122
f 367//123 368//123 369//123
f 370//124 371//124 372//124
f 373//125 374//125 375//125
f 376//126 377//126 378//126
f 379//127 380//127 381//127
f 382//128 383//128 384//128
f 385//129 386//129 387//129
f 388//130 389//130 390//130
f 391//131 392//131 393//131
f 394//132 395//132 396//132
f 397//133 398//133 399//133
f 400//134 401//134 402//134
f 403//135 404//135 405//135
f 406//136 407//136 408//136
f 409//137 410//137 411//137
f 412//138 413//138 414//138
f 415//139 416//139 417//139
f 418//140 419//140 420//140
f 421//141 422//141 423//141
f 424//142 425//142 426//142
f 427//143 428//143 429//143
f 430//144 431//144 432//144
f 433//145 434//145 435//145
f 436//146 437//146 438//146
f 439//147 440//147 441//147
f 442//148 443//148 444//148
f 445//149 446//149 447//149
f 448//150 449//150 450//150
f 451//151 452//151 453//151
f 454//152 455//152 456//152
f 457//153 458//153 459//153
f 460//154 461//154 462//154
f 463//155 464//155 465//155
f 466//156 467//156 468//156
f 469//157 470//157 471//157
f 472//158 473//158 474//158
f 475//159 476//159 477//159
f 478//160 479//160 480//160
f 481//161 482//161 483//161
f 484//162 485//162 486//162
f 487//163 488//163 489//163
f 490//164 491//164 492//164
f 493//165 494//165 495//165
f 496//166 497//166 498//166
f 499//167 500//167 501//167
f 502//168 503//168 504//168
f 505//169 506//169 507//169
f 508//170 509//170 510//170
f 511//171 512//171 513//171
f 514//172 515//172 516//172
f 517//173 518//173 519//173
f 520//174 521//174 522//174
f 523//175 524//175 525//175
f 526//176 527//176 528//176
f 529//177 530//177 531//177
f 532//178 533//178 534//178
f 535//179 536//179 537//179
f 538//180 539//180 540//180
f 541//181 542//181 543//181
f 544//182 545//182 546//182
f 547//183 548//183 549//183
f 550//184 551//184 552//184
f 553//185 554//185 555//185
f 556//186 557//186 558//186
f 559//187 560//187 561//187
f 562//188 563//188 564//188
f 565//189 566//189 567//189
f 568//190 569//190 570//190
f 571//191 572//191 573//191
f 574//192 575//192 576//192
f 577//193 578//193 579//193
f 580//194 581//194 582//194
f 583//195 584//195 585//195
f 586//196 587//196 588//196
f 589//197 590//197 591//197
f 592//198 593//198 594//198
f 595//199 596//199 597//199
f 598//200 599//200 600//200
f 601//201 602//201 603//201
f 604//202 605//202 606//202
f 607//203 608//203 609//203
f 610//204 611//204 612//204
f 613//205 614//205 615//205
f 616//206 617//206 618//206
f 619//207 620//207 621//207
f 622//208 623//208 624//208
f 625//209 626//209 627//209
f 628//210 629//210 630//210
f 631//211 632//211 633//211
f 634//212 635//212 636//212
f 637//213 638//213 639//213
f 640//214 641//214 642//214
f 643//215 644//215 645//215
f 646//216 647//216 648//216
f 649//217 650//217 651//217
f 652//218 653//218 654//218
f 655//219 656//219 657//219
f 658//220 659//220 660//220
f 661//221 662//221 663//221
f 664//222 665//222 666//222
f 667//223 668//223 669//223
f 670//224 671//224 672//224
f 673//225 674//225 675//225
f 676//226 677//226 678//226
f 679//227 680//227 681//227
f 682//228 683//228 684//228
f 685//229 686//229 687//229
f 688//230 689//230 690//230
f 691//231 692//231 693//231
f 694//232 695//232 696//232
f 697//233 698//233 699//233
f 700//234 701//234 702//234
f 703//235 704//235 705//235
f 706//236 707//236 708//236
f 709//237 710//237 711//237
f 712//238 713//238 714//238
f 715//239 716//239 717//239
f 718//240 719//240 720//240
f 721//241 722//241 723//241
f 724//242 725//242 726//242
f 727//243 728//243 729//243
f 730//244 731//244 732//244
f 733//245 734//245 735//245
f 736//246 737//246 738//246
f 739//247 740//247 741//247
f 742//248 743//248 744//248
f 745//249 746//249 747//249
f 748//250 749//250 750//250
f 751//251 752//251 753//251
f 754//252 755//252 756//252
f 757//253 758//253 759//253
f 760//254 761//254 762//254
f 763//255 764//255 765//255
f 766//256 767//256 768//256
f 769//257 770//257 771//257
f 772//258 773//258 774//258
f 775//259 776//259 777//259
f 778//260 779//260 780//260
f 781//261 782//261 783//261
f 784//262 785//262 786//262
f 787//263 788//263 789//263
f 790//264 791//264 792//264
f 793//265 794//265 795//265
f 796//266 797//266 798//266
f 799//267 800//267 801//267
f 802//268 803//268 804//268
f 805//269 806//269 807//269
f 808//270 809//270 810//270
f 811//271 812//271 813//271
f 814//272 815//272 816//272
f 817//273 818//273 819//273
f 820//274 821//274 822//274
f 823//275 824//275 825//275
f 826//276 827//276 828//276
f 829//277 830//277 831//277
f 832//278 833//278 834//278
f 835//279 836//279 837//279
f 838//280 839//280 840//280
f 841//281 842//281 843//281
f 844//282 845//282 846//282
f 847//283 848//283 849//283
f 850//284 851//284 852//284
f 853//285 854//285 855//285
f 856//286 857//286 858//286
f 859//287 860//287 861//287
f 862//288 863//288 864//288
f 865//289 866//289 867//289
f 868//290 869//290 870//290
f 871//291 872//291 873//291
f 874//292 875//292 876//292
f 877//293 878//293 879//293
f 880//294 881//294 882//294
f 883//295 884//295 885//295
f 886//296 887//296 888//296
f 889//297 890//297 891//297
f 892//298 893//298 894//298
f 895//299 896//299 897//299
f 898//300 899//300 900//300
f 901//301 902//301 903//301
f 904//302 905//302 906//302
f 907//303 908//303 909//303
f 910//304 911//304 912//304
f 913//305 914//305 915//305
f 916//306 917//306 918//306
f 919//307 920//307 921//307
f 922//308 923//308 924//308
f 925//309 926//309 927//309
f 928//310 929//310 930//310
f 931//311 932//311 933//311
f 934//312 935//312 936//312
f 937//313 938//313 939//313
f 940//314 941//314 942//314
f 943//315 944//315 945//315
f 946//316 947//316 948//316
f 949//317 950//317 951//317
f 952//318 953//318 954//318
f 955//319 956//319 957//319
f 958//320 959//320 960//320
f 961//321 962//321 963//321
f 964//322 965//322 966//322
f 967//323 968//323 969//323
f 970//324 971//324 972//324
f 973//325 974//325 975//325
f 976//326 977//326 978//326
f 979//327 980//327 981//327
f 982//328 983//328 984//328
f 985//329 986//329 987//329
f 988//330 989//330 990//330
f 991//331 992//331 993//331
f 994//332 995//332 996//332
f 997//333 998//333 999//333
f 1000//334 1001//334 1002//334
f 1003//335 1004//335 1005//335
f 1006//336 1007//336 1008//336
f 1009//337 1010//337 1011//337
f 1012//338 1013//338 1014//338
f 1015//339 1016//339 1017//339
f 1018//340 1019//340 1020//340
f 1021//341 1022//341 1023//341
f 1024//342 1025//342 1026//342
f 1027//343 1028//343 1029//343
f 1030//344 1031//344 1032//344
f 1033//345 1034//345 1035//345
f 1036//346 1037//346 1038//346
f 1039//347 1040//347 1041//347
f 1042//348 1043//348 1044//348
f 1045//349 1046//349 1047//349
f 1048//350 1049//350 1050//350
f 1051//351 1052//351 1053//351
f 1054//352 1055//352 1056//352
f 1057//353 1058//353 1059//353
f 1060//354 1061//354 1062//354
f 1063//355 1064//355 1065//355
f 1066//356 1067//356 1068//356
f 1069//357 1070//357 1071//357
f 1072//358 1073//358 1074//358
f 1075//359 1076//359 1077//359
f 1078//360 1079//360 1080//360
f 1081//361 1082//361 1083//361
f 1084//362 1085//362 1086//362
f 1087//363 1088//363 1089//363
f 1090//364 1091//364 1092//364
f 1093//365 1094//365 1095//365
f 1096//366 1097//366 1098//366
f 1099//367 1100//367 1101//367
f 1102//368 1103//368 1104//368
f 1105//369 1106//369 1107//369
f 1108//370 1109//370 1110//370
f 1111//371 1112//371 1113//371
f 1114//372 1115//372 1116//372
f 1117//373 1118//373 1119//373
f 1120//374 1121//374 1122//374
f 1123//375 1124//375 1125//375
f 1126//376 1127//376 1128//376
f 1129//377 1130//377 1131//377
f 1132//378 1133//378 1134//378
f 1135//379 1136//379 1137//379
f 1138//380 1139//380 1140//380
f 1141//381 1142//381 1143//381
f 1144//382 1145//382 1146//382
f 1147//383 1148//383 1149//383
f 1150//384 1151//384 1152//384
f 1153//385 1154//385 1155//385
f 1156//386 1157//386 1158//386
f 1159//387 1160//387 1161//387
f 1162//388 1163//388 1164//388
f 1165//389 1166//389 1167//389
f 1168//390 1169//390 1170//390
f 1171//391 1172//391 1173//391
f 1174//392 1175//392 1176//392
f 1177//393 1178//393 1179//393
f 1180//394 1181//394 1182//394
f 1183//395 1184//395 1185//395
f 1186//396 1187//396 1188//396
f 1189//397 1190//397 1191//397
f 1192//398 1193//398 1194//398
f 1195//399 1196//399 1197//399
f 1198//400 1199//400 1200//400
f 1201//401 1202//401 1203//401
f 1204//402 1205//402 1206//402
f 1207//403 1208//403 1209//403
f 1210//404 1211//404 1212//404
f 1213//405 1214//405 1215//405
f 1216//406 1217//406 1218//406
f 1219//407 1220//407 1221//407
f 1222//408 1223//408 1224//408
f 1225//409 1226//409 1227//409
f 1228//410 1229//410 1230//410
f 1231//411 1232//411 1233//411
f 1234//412 1235//412 1236//412
f 1237//413 1238//413 1239//413
f 1240//414 1241//414 1242//414
f 1243//415 1244//415 1245//415
f 1246//416 1247//416 1248//416
f 1249//417 1250//417 1251//417
f 1252//418 1253//418 1254//418
f 1255//419 1256//419 1257//419
f 1258//420 1259//420 1260//420
f 1261//421 1262//421 1263//421
f 1264//422 1265//422 1266//422
f 1267//423 1268//423 1269//423
f 1270//424 1271//424 1272//424
f 1273//425 1274//425 1275//425
f 1276//426 1277//426 1278//426
f 1279//427 1280//427 1281//427
f 1282//428 1283//428 1284//428
f 1285//429 1286//429 1287//429
f 1288//430 1289//430 1290//430
f 1291//431 1292//431 1293//431
f 1294//432 1295//432 1296//432
f 1297//433 1298//433 1299//433
f 1300//434 1301//434 1302//434
f 1303//435 1304//435 1305//435
f 1306//436 1307//436 1308//436
f 1309//437 1310//437 1311//437
f 1312//438 1313//438 1314//438
f 1315//439 1316//439 1317//439
f 1318//440 1319//440 1320//440
f 1321//441 1322//441 1323//441
f 1324//442 1325//442 1326//442
f 1327//443 1328//443 1329//443
f 1330//444 1331//444 1332//444
f 1333//445 1334//445 1335//445
f 1336//446 1337//446 1338//446
f 1339//447 1340//447 1341//447
f 1342//448 1343//448 1344//448
f 1345//449 1346//449 1347//449
f 1348//450 1349//450 1350//450
f 1351//451 1352//451 1353//451
f 1354//452 1355//452 1356//452
f 1357//453 1358//453 1359//453
f 1360//454 1361//454 1362//454
f 1363//455 1364//455 1365//455
f 1366//456 1367//456 1368//456
f 1369//457 1370//457 1371//457
f 1372//458 1373//458 1374//458
f 1375//459 1376//459 1377//459
f 1378//460 1379//460 1380//460
f 1381//461 1382//461 1383//461
f 1384//462 1385//462 1386//462
f 1387//463 1388//463 1389//463
f 1390//464 1391//464 1392//464
f 1393//465 1394//465 1395//465
f 1396//466 1397//466 1398//466
f 1399//467 1400//467 1401//467
f 1402//468 1403//468 1404//468
f 1405//469 1406//469 1407//469
f 1408//470 1409//470 1410//470
f 1411//471 1412//471 1413//471
f 1414//472 1415//472 1416//472
f 1417//473 1418//473 1419//473
f 1420//474 1421//474 1422//474
f 1423//475 1424//475 1425//475
f 1426//476 1427//476 1428//476
f 1429//477 1430//477 1431//477
f 1432//478 1433//478 1434//478
f 1435//479 1436//479 1437//479
f 1438//480 1439//480 1440//480
f 1441//481 1442//481 1443//481
f 1444//482 1445//482 1446//482
f 1447//483 1448//483 1449//483
f 1450//484 1451//484 1452//484
f 1453//485 1454//485 1455//485
f 1456//486 1457//486 1458//486
f 1459//487 1460//487 1461//487
f 1462//488 1463//488 1464//488
f 1465//489 1466//489 1467//489
f 1468//490 1469//490 1470//490
f 1471//491 1472//491 1473//491
f 1474//492 1475//492 1476//492
f 1477//493 1478//493 1479//493
f 1480//494 1481//494 1482//494
f 1483//495 1484//495 1485//495
f 1486//496 1487//496 1488//496
f 1489//497 1490//497 1491//497
f 1492//498 1493//498 1494//498
f 1495//499 1496//499 1497//499
f 1498//500 1499//500 1500//500
f 1501//501 1502//501 1503//501
f 1504//502 1505//502 1506//502
f 1507//503 1508//503 1509//503
f 1510//504 1511//504 1512//504
f 1513//505 1514//505 1515//505
f 1516//506 1517//506 1518//506
f 1519//507 1520//507 1521//507
f 1522//508 1523//508 1524//508
f 1525//509 1526//509 1527//509
f 1528//510 1529//510 1530//510
f 1531//511 1532//511 1533//511
f 1534//512 1535//512 1536//512
f 1537//513 1538//513 1539//513
f 1540//514 1541//514 1542//514
f 1543//515 1544//515 1545//515
f 1546//516 1547//516 1548//516
f 1549//517 1550//517 1551//517
f 1552//518 1553//518 1554//518
f 1555//519 1556//519 1557//519
f 1558//520 1559//520 1560//520
f 1561//521 1562//521 1563//521
f 1564//522 1565//522 1566//522
f 1567//523 1568//523 1569//523
f 1570//524 1571//524 1572//524
f 1573//525 1574//525 1575//525
f 1576//526 1577//526 1578//526
f 1579//527 1580//527 1581//527
f 1582//528 1583//528 1584//528
f 1585//529 1586//529 1587//529
f 1588//530 1589//530 1590//530
f 1591//531 1592//531 1593//531
f 1594//532 1595//532 1596//532
f 1597//533 1598//533 1599//533
f 1600//534 1601//534 1602//534
f 1603//535 1604//535 1605//535
f 1606//536 1607//536 1608//536
f 1609//537 1610//537 1611//537
f 1612//538 1613//538 1614//538
f 1615//539 1616//539 1617//539
f 1618//540 1619//540 1620//540
f 1621//541 1622//541 1623//541
f 1624//542 1625//542 1626//542
f 1627//543 1628//543 1629//543
f 1630//544 1631//544 1632//544
f 1633//545 1634//545 1635//545
f 1636//546 1637//546 1638//546
f 1639//547 1640//547 1641//547
f 1642//548 1643//548 1644//548
f 1645//549 1646//549 1647//549
f 1648//550 1649//550 1650//550
f 1651//551 1652//551 1653//551
f 1654//552 1655//552 1656//552
f 1657//553 1658//553 1659//553
f 1660//554 1661//554 1662//554
f 1663//555 1664//555 1665//555
f 1666//556 1667//556 1668//556
f 1669//557 1670//557 1671//557
f 1672//558 1673//558 1674//558
f 1675//559 1676//559 1677//559
f 1678//560 1679//560 1680//560
f 1681//561 1682//561 1683//561
f 1684//562 1685//562 1686//562
f 1687//563 1688//563 1689//563
f 1690//564 1691//564 1692//564
f 1693//565 1694//565 1695//565
f 1696//566 1697//566 1698//566
f 1699//567 1700//567 1701//567
f 1702//568 1703//568 1704//568
f 1705//569 1706//569 1707//569
f 1708//570 1709//570 1710//570
f 1711//571 1712//571 1713//571
f 1714//572 1715//572 1716//572
f 1717//573 1718//573 1719//573
f 1720//574 1721//574 1722//574
f 1723//575 1724//575 1725//575
f 1726//576 1727//576 1728//576
f 1729//577 1730//577 1731//577
f 1732//578 1733//578 1734//578
f 1735//579 1736//579 1737//579
f 1738//580 1739//580 1740//580
f 1741//581 1742//581 1743//581
f 1744//582 1745//582 1746//582
f 1747//583 1748//583 1749//583
f 1750//584 1751//584 1752//584
f 1753//585 1754//585 1755//585
f 1756//586 1757//586 1758//586
f 1759//587 1760//587 1761//587
f 1762//588 1763//588 1764//588
f 1765//589 1766//589 1767//589
f 1768//590 1769//590 1770//590
f 1771//591 1772//591 1773//591
f 1774//592 1775//592 1776//592
f 1777//593 1778//593 1779//593
f 1780//594 1781//594 1782//594
f 1783//595 1784//595 1785//595
f 1786//596 1787//596 1788//596
f 1789//597 1790//597 1791//597
f 1792//598 1793//598 1794//598
f 1795//599 1796//599 1797//599
f 1798//600 1799//600 1800//600
f 1801//601 1802//601 1803//601
f 1804//602 1805//602 1806//602
f 1807//603 1808//603 1809//603
f 1810//604 1811//604 1812//604
f 1813//605 1814//605 1815//605
f 1816//606 1817//606 1818//606
f 1819//607 1820//607 1821//607
f 1822//608 1823//608 1824//608
f 1825//609 1826//609 1827//609
f 1828//610 1829//610 1830//610
f 1831//611 1832//611 1833//611
f 1834//612 1835//612 1836//612
f 1837//613 1838//613 1839//613
f 1840//614 1841//614 1842//614
f 1843//615 1844//615 1845//615
f 1846//616 1847//616 1848//616
f 1849//617 1850//617 1851//617
f 1852//618 1853//618 1854//618
f 1855//619 1856//619 1857//619
f 1858//620 1859//620 1860//620
f 1861//621 1862//621 1863//621
f 1864//622 1865//622 1866//622
f 1867//623 1868//623 1869//623
f 1870//624 1871//624 1872//624
f 1873//625 1874//625 1875//625
f 1876//626 1877//626 1878//626
f 1879//627 1880//627 1881//627
f 1882//628 1883//628 1884//628
f 1885//629 1886//629 1887//629
f 1888//630 1889//630 1890//630
f 1891//631 1892//631 1893//631
f 1894//632 1895//632 1896//632
f 1897//633 1898//633 1899//633
f 1900//634 1901//634 1902//634
f 1903//635 1904//635 1905//635
f 1906//636 1907//636 1908//636
f 1909//637 1910//637 1911//637
f 1912//638 1913//638 1914//638
f 1915//639 1916//639 1917//639
f 1918//640 1919//640 1920//640
f 1921//641 1922//641 1923//641
f 1924//642 1925//642 1926//642
f 1927//643 1928//643 1929//643
f 1930//644 1931//644 1932//644
f 1933//645 1934//645 1935//645
f 1936//646 1937//646 1938//646
f 1939//647 1940//647 1941//647
f 1942//648 1943//648 1944//648
f 1945//649 1946//649 1947//649
f 1948//650 1949//650 1950//650
f 1951//651 1952//651 1953//651
f 1954//652 1955//652 1956//652
f 1957//653 1958//653 1959//653
f 1960//654 1961//654 1962//654
f 1963//655 1964//655 1965//655
f 1966//656 1967//656 1968//656
f 1969//657 1970//657 1971//657
f 1972//658 1973//658 1974//658
f 1975//659 1976//659 1977//659
f 1978//660 1979//660 1980//660
f 1981//661 1982//661 1983//661
f 1984//662 1985//662 1986//662
f 1987//663 1988//663 1989//663
f 1990//664 1991//664 1992//664
f 1993//665 1994//665 1995//665
f 1996//666 1997//666 1998//666
f 1999//667 2000//667 2001//667
f 2002//668 2003//668 2004//668
f 2005//669 2006//669 2007//669
f 2008//670 2009//670 2010//670
f 2011//671 2012//671 2013//671
f 2014//672 2015//672 2016//672
f 2017//673 2018//673 2019//673
f 2020//674 2021//674 2022//674
f 2023//675 2024//675 2025//675
f 2026//676 2027//676 2028//676
f 2029//677 2030//677 2031//677
f 2032//678 2033//678 2034//678
f 2035//679 2036//679 2037//679
f 2038//680 2039//680 2040//680
f 2041//681 2042//681 2043//681
f 2044//682 2045//682 2046//682
f 2047//683 2048//683 2049//683
f 2050//684 2051//684 2052//684
f 2053//685 2054//685 2055//685
f 2056//686 2057//686 2058//686
f 2059//687 2060//687 2061//687
f 2062//688 2063//688 2064//688
f 2065//689 2066//689 2067//689
f 2068//690 2069//690 2070//690
f 2071//691 2072//691 2073//691
f 2074//692 2075//692 2076//692
f 2077//693 2078//693 2079//693
f 2080//694 2081//694 2082//694
f 2083//695 2084//695 2085//695
f 2086//696 2087//696 2088//696
f 2089//697 2090//697 2091//697
f 2092//698 2093//698 2094//698
f 2095//699 2096//699 2097//699
f 2098//700 2099//700 2100//700
f 2101//701 2102//701 2103//701
f 2104//702 2105//702 2106//702
f 2107//703 2108//703 2109//703
f 2110//704 2111//704 2112//704
f 2113//705 2114//705 2115//705
f 2116//706 2117//706 2118//706
f 2119//707 2120//707 2121//707
f 2122//708 2123//708 2124//708
f 2125//709 2126//709 2127//709
f 2128//710 2129//710 2130//710
f 2131//711 2132//711 2133//711
f 2134//712 2135//712 2136//712
f 2137//713 2138//713 2139//713
f 2140//714 2141//714 2142//714
f 2143//715 2144//715 2145//715
f 2146//716 2147//716 2148//716
f 2149//717 2150//717 2151//717
f 2152//718 2153//718 2154//718
f 2155//719 2156//719 2157//719
f 2158//720 2159//720 2160//720
f 2161//721 2162//721 2163//721
f 2164//722 2165//722 2166//722
f 2167//723 2168//723 2169//723
f 2170//724 2171//724 2172//724
f 2173//725 2174//725 2175//725
f 2176//726 2177//726 2178//726
f 2179//727 2180//727 2181//727
f 2182//728 2183//728 2184//728
f 2185//729 2186//729 2187//729
f 2188//730 2189//730 2190//730
f 2191//731 2192//731 2193//731
f 2194//732 2195//732 2196//732
f 2197//733 2198//733 2199//733
f 2200//734 2201//734 2202//734
f 2203//735 2204//735 2205//735
f 2206//736 2207//736 2208//736
f 2209//737 2210//737 2211//737
f 2212//738 2213//738 2214//738
f 2215//739 2216//739 2217//739
f 2218//740 2219//740 2220//740
f 2221//741 2222//741 2223//741
f 2224//742 2225//742 2226//742
f 2227//743 2228//743 2229//743
f 2230//744 2231//744 2232//744
f 2233//745 2234//745 2235//745
f 2236//746 2237//746 2238//746
f 2239//747 2240//747 2241//747
f 2242//748 2243//748 2244//748
f 2245//749 2246//749 2247//749
f 2248//750 2249//750 2250//750
f 2251//751 2252//751 2253//751
f 2254//752 2255//752 2256//752
f 2257//753 2258//753 2259//753
f 2260//754 2261//754 2262//754
f 2263//755 2264//755 2265//755
f 2266//756 2267//756 2268//756
f 2269//757 2270//757 2271//757
f 2272//758 2273//758 2274//758
f 2275//759 2276//759 2277//759
f 2278//760 2279//760 2280//760
f 2281//761 2282//761 2283//761
f 2284//762 2285//762 2286//762
f 2287//763 2288//763 2289//763
f 2290//764 2291//764 2292//764
f 2293//765 2294//765 2295//765
f 2296//766 2297//766 2298//766
f 2299//767 2300//767 2301//767
f 2302//768 2303//768 2304//768
f 2305//769 2306//769 2307//769
f 2308//770 2309//770 2310//770
f 2311//771 2312//771 2313//771
f 2314//772 2315//772 2316//772
f 2317//773 2318//773 2319//773
f 2320//774 2321//774 2322//774
f 2323//775 2324//775 2325//775
f 2326//776 2327//776 2328//776
f 2329//777 2330//777 2331//777
f 2332//778 2333//778 2334//778
f 2335//779 2336//779 2337//779
f 2338//780 2339//780 2340//780
f 2341//781 2342//781 2343//781
f 2344//782 2345//782 2346//782
f 2347//783 2348//783 2349//783
f 2350//784 2351//784 2352//784
f 2353//785 2354//785 2355//785
f 2356//786 2357//786 2358//786
f 2359//787 2360//787 2361//787
f 2362//788 2363//788 2364//788
f 2365//789 2366//789 2367//789
f 2368//790 2369//790 2370//790
f 2371//791 2372//791 2373//791
f 2374//792 2375//792 2376//792
f 2377//793 2378//793 2379//793
f 2380//794 2381//794 2382//794
f 2383//795 2384//795 2385//795
f 2386//796 2387//796 2388//796
f 2389//797 2390//797 2391//797
f 2392//798 2393//798 2394//798
f 2395//799 2396//799 2397//799
f 2398//800 2399//800 2400//800
f 2401//801 2402//801 2403//801
f 2404//802 2405//802 2406//802
f 2407//803 2408//803 2409//803
f 2410//804 2411//804 2412//804
f 2413//805 2414//805 2415//805
f 2416//806 2417//806 2418//806
f 2419//807 2420//807 2421//807
f 2422//808 2423//808 2424//808
f 2425//809 2426//809 2427//809
f 2428//810 2429//810 2430//810
f 2431//811 2432//811 2433//811
f 2434//812 2435//812 2436//812
f 2437//813 2438//813 2439//813
f 2440//814 2441//814 2442//814
f 2443//815 2444//815 2445//815
f 2446//816 2447//816 2448//816
f 2449//817 2450//817 2451//817
f 2452//818 2453//818 2454//818
f 2455//819 2456//819 2457//819
f 2458//820 2459//820 2460//820
f 2461//821 2462//821 2463//821
f 2464//822 2465//822 2466//822
f 2467//823 2468//823 2469//823
f 2470//824 2471//824 2472//824
f 2473//825 2474//825 2475//825
f 2476//826 2477//826 2478//826
f 2479//827 2480//827 2481//827
f 2482//828 2483//828 2484//828
f 2485//829 2486//829 2487//829
f 2488//830 2489//830 2490//830
f 2491//831 2492//831 2493//831
f 2494//832 2495//832 2496//832
f 2497//833 2498//833 2499//833
f 2500//834 2501//834 2502//834
f 2503//835 2504//835 2505//835
f 2506//836 2507//836 2508//836
f 2509//837 2510//837 2511//837
f 2512//838 2513//838 2514//838
f 2515//839 2516//839 2517//839
f 2518//840 2519//840 2520//840
f 2521//841 2522//841 2523//841
f 2524//842 2525//842 2526//842
f 2527//843 2528//843 2529//843
f 2530//844 2531//844 2532//844
f 2533//845 2534//845 2535//845
f 2536//846 2537//846 2538//846
f 2539//847 2540//847 2541//847
f 2542//848 2543//848 2544//848
f 2545//849 2546//849 2547//849
f 2548//850 2549//850 2550//850
f 2551//851 2552//851 2553//851
f 2554//852 2555//852 2556//852
f 2557//853 2558//853 2559//853
f 2560//854 2561//854 2562//854
f 2563//855 2564//855 2565//855
f 2566//856 2567//856 2568//856
f 2569//857 2570//857 2571//857
f 2572//858 2573//858 2574//858
f 2575//859 2576//859 2577//859
f 2578//860 2579//860 2580//860
f 2581//861 2582//861 2583//861
f 2584//862 2585//862 2586//862
f 2587//863 2588//863 2589//863
f 2590//864 2591//864 2592//864
f 2593//865 2594//865 2595//865
f 2596//866 2597//866 2598//866
f 2599//867 2600//867 2601//867
f 2602//868 2603//868 2604//868
f 2605//869 2606//869 2607//869
f 2608//870 2609//870 2610//870
f 2611//871 2612//871 2613//871
f 2614//872 2615//872 2616//872
f 2617//873 2618//873 2619//873
f 2620//874 2621//874 2622//874
f 2623//875 2624//875 2625//875
f 2626//876 2627//876 2628//876
f 2629//877 2630//877 2631//877
f 2632//878 2633//878 2634//878
f 2635//879 2636//879 2637//879
f 2638//880 2639//880 2640//880
f 2641//881 2642//881 2643//881
f 2644//882 2645//882 2646//882
f 2647//883 2648//883 2649//883
f 2650//884 2651//884 2652//884
f 2653//885 2654//885 2655//885
f 2656//886 2657//886 2658//886
f 2659//887 2660//887 2661//887
f 2662//888 2663//888 2664//888
f 2665//889 2666//889 2667//889
f 2668//890 2669//890 2670//890
f 2671//891 2672//891 2673//891
f 2674//892 2675//892 2676//892
f 2677//893 2678//893 2679//893
f 2680//894 2681//894 2682//894
f 2683//895 2684//895 2685//895
f 2686//896 2687//896 2688//896
f 2689//897 2690//897 2691//897
f 2692//898 2693//898 2694//898
f 2695//899 2696//899 2697//899
f 2698//900 2699//900 2700//900
f 2701//901 2702//901 2703//901
f 2704//902 2705//902 2706//902
f 2707//903 2708//903 2709//903
f 2710//904 2711//904 2712//904
f 2713//905 2714//905 2715//905
f 2716//906 2717//906 2718//906
f 2719//907 2720//907 2721//907
f 2722//908 2723//908 2724//908
f 2725//909 2726//909 2727//909
f 2728//910 2729//910 2730//910
f 2731//911 2732//911 2733//911
f 2734//912 2735//912 2736//912
f 2737//913 2738//913 2739//913
f 2740//914 2741//914 2742//914
f 2743//915 2744//915 2745//915
f 2746//916 2747//916 2748//916
f 2749//917 2750//917 2751//917
f 2752//918 2753//918 2754//918
f 2755//919 2756//919 2757//919
f 2758//920 2759//920 2760//920
f 2761//921 2762//921 2763//921
f 2764//922 2765//922 2766//922
f 2767//923 2768//923 2769//923
f 2770//924 2771//924 2772//924
f 2773//925 2774//925 2775//925
f 2776//926 2777//926 2778//926
f 2779//927 2780//927 2781//927
f 2782//928 2783//928 2784//928
f 2785//929 2786//929 2787//929
f 2788//930 2789//930 2790//930
f 2791//931 2792//931 2793//931
f 2794//932 2795//932 2796//932
f 2797//933 2798//933 2799//933
f 2800//934 2801//934 2802//934
f 2803//935 2804//935 2805//935
f 2806//936 2807//936 2808//936
f 2809//937 2810//937 2811//937
f 2812//938 2813//938 2814//938
f 2815//939 2816//939 2817//939
f 2818//940 2819//940 2820//940
f 2821//941 2822//941 2823//941
f 2824//942 2825//942 2826//942
f 2827//943 2828//943 2829//943
f 2830//944 2831//944 2832//944
f 2833//945 2834//945 2835//945
f 2836//946 2837//946 2838//946
f 2839//947 2840//947 2841//947
f 2842//948 2843//948 2844//948
f 2845//949 2846//949 2847//949
f 2848//950 2849//950 2850//950
f 2851//951 2852//951 2853//951
f 2854//952 2855//952 2856//952
f 2857//953 2858//953 2859//953
f 2860//954 2861//954 2862//954
f 2863//955 2864//955 2865//955
f 2866//956 2867//956 2868//956
f 2869//957 2870//957 2871//957
f 2872//958 2873//958 2874//958
f 2875//959 2876//959 2877//959
f 2878//960 2879//960 2880//960
f 2881//961 2882//961 2883//961
f 2884//962 2885//962 2886//962
f 2887//963 2888//963 2889//963
f 2890//964 2891//964 2892//964
f 2893//965 2894//965 2895//965
f 2896//966 2897//966 2898//966
f 2899//967 2900//967 2901//967
f 2902//968 2903//968 2904//968
f 2905//969 2906//969 2907//969
f 2908//970 2909//970 2910//970
f 2911//971 2912//971 2913//971
f 2914//972 2915//972 2916//972
f 2917//973 2918//973 2919//973
f 2920//974 2921//974 2922//974
f 2923//975 2924//975 2925//975
f 2926//976 2927//976 2928//976
f 2929//977 2930//977 2931//977
f 2932//978 2933//978 2934//978
f 2935//979 2936//979 2937//979
f 2938//980 2939//980 2940//980
f 2941//981 2942//981 2943//981
f 2944//982 2945//982 2946//982
f 2947//983 2948//983 2949//983
f 2950//984 2951//984 2952//984
f 2953//985 2954//985 2955//985
f 2956//986 2957//986 2958//986
f 2959//987 2960//987 2961//987
f 2962//988 2963//988 2964//988
f 2965//989 2966//989 2967//989
f 2968//990 2969//990 2970//990
f 2971//991 2972//991 2973//991
f 2974//992 2975//992 2976//992
f 2977//993 2978//993 2979//993
f 2980//994 2981//994 2982//994
f 2983//995 2984//995 2985//995
f 2986//996 2987//996 2988//996
f 2989//997 2990//997 2991//997
f 2992//998 2993//998 2994//998
f 2995//999 2996//999 2997//999
f 2998//1000 2999//1000 3000//1000
f 3001//1001 3002//1001 3003//1001
f 3004//1002 3005//1002 3006//1002
f 3007//1003 3008//1003 3009//1003
f 3010//1004 3011//1004 3012//1004
f 3013//1005 3014//1005 3015//1005
f 3016//1006 3017//1006 3018//1006
f 3019//1007 3020//1007 3021//1007
f 3022//1008 3023//1008 3024//1008
f 3025//1009 3026//1009 3027//1009
f 3028//1010 3029//1010 3030//1010
f 3031//1011 3032//1011 3033//1011
f 3034//1012 3035//1012 3036//1012
f 3037//1013 3038//1013 3039//1013
f 3040//1014 3041//1014 3042//1014
f 3043//1015 3044//1015 3045//1015
f 3046//1016 3047//1016 3048//1016
f 3049//1017 3050//1017 3051//1017
f 3052//1018 3053//1018 3054//1018
f 3055//1019 3056//1019 3057//1019
f 3058//1020 3059//1020 3060//1020
f 3061//1021 3062//1021 3063//1021
f 3064//1022 3065//1022 3066//1022
f 3067//1023 3068//1023 3069//1023
f 3070//1024 3071//1024 3072//1024
f 3073//1025 3074//1025 3075//1025
f 3076//1026 3077//1026 3078//1026
f 3079//1027 3080//1027 3081//1027
f 3082//1028 3083//1028 3084//1028
f 3085//1029 3086//1029 3087//1029
f 3088//1030 3089//1030 3090//1030
f 3091//1031 3092//1031 3093//1031
f 3094//1032 3095//1032 3096//1032
f 3097//1033 3098//1033 3099//1033
f 3100//1034 3101//1034 3102//1034
f 3103//1035 3104//1035 3105//1035
f 3106//1036 3107//1036 3108//1036
f 3109//1037 3110//1037 3111//1037
f 3112//1038 3113//1038 3114//1038
f 3115//1039 3116//1039 3117//1039
f 3118//1040 3119//1040 3120//1040
f 3121//1041 3122//1041 3123//1041
f 3124//1042 3125//1042 3126//1042
f 3127//1043 3128//1043 3129//1043
f 3130//1044 3131//1044 3132//1044
f 3133//1045 3134//1045 3135//1045
f 3136//1046 3137//1046 3138//1046
f 3139//1047 3140//1047 3141//1047
f 3142//1048 3143//1048 3144//1048
f 3145//1049 3146//1049 3147//1049
f 3148//1050 3149//1050 3150//1050
f 3151//1051 3152//1051 3153//1051
f 3154//1052 3155//1052 3156//1052
f 3157//1053 3158//1053 3159//1053
f 3160//1054 3161//1054 3162//1054
f 3163//1055 3164//1055 3165//1055
f 3166//1056 3167//1056 3168//1056
f 3169//1057 3170//1057 3171//1057
f 3172//1058 3173//1058 3174//1058
f 3175//1059 3176//1059 3177//1059
f 3178//1060 3179//1060 3180//1060
f 3181//1061 3182//1061 3183//1061
f 3184//1062 3185//1062 3186//1062
f 3187//1063 3188//1063 3189//1063
f 3190//1064 3191//1064 3192//1064
f 3193//1065 3194//1065 3195//1065
f 3196//1066 3197//1066 3198//1066
f 3199//1067 3200//1067 3201//1067
f 3202//1068 3203//1068 3204//1068
f 3205//1069 3206//1069 3207//1069
f 3208//1070 3209//1070 3210//1070
f 3211//1071 3212//1071 3213//1071
f 3214//1072 3215//1072 3216//1072
f 3217//1073 3218//1073 3219//1073
f 3220//1074 3221//1074 3222//1074
f 3223//1075 3224//1075 3225//1075
f 3226//1076 3227//1076 3228//1076
f 3229//1077 3230//1077 3231//1077
f 3232//1078 3233//1078 3234//1078
f 3235//1079 3236//1079 3237//1079
f 3238//1080 3239//1080 3240//1080
f 3241//1081 3242//1081 3243//1081
f 3244//1082 3245//1082 3246//1082
f 3247//1083 3248//1083 3249//1083
f 3250//1084 3251//1084 3252//1084
f 3253//1085 3254//1085 3255//1085
f 3256//1086 3257//1086 3258//1086
f 3259//1087 3260//1087 3261//1087
f 3262//1088 3263//1088 3264//1088
f 3265//1089 3266//1089 3267//1089
f 3268//1090 3269//1090 3270//1090
f 3271//1091 3272//1091 3273//1091
f 3274//1092 3275//1092 3276//1092
f 3277//1093 3278//1093 3279//1093
f 3280//1094 3281//1094 3282//1094
f 3283//1095 3284//1095 3285//1095
f 3286//1096 3287//1096 3288//1096
f 3289//1097 3290//1097 3291//1097
f 3292//1098 3293//1098 3294//1098
f 3295//1099 3296//1099 3297//1099
f 3298//1100 3299//1100 3300//1100
f 3301//1101 3302//1101 3303//1101
f 3304//1102 3305//1102 3306//1102
f 3307//1103 3308//1103 3309//1103
f 3310//1104 3311//1104 3312//1104
f 3313//1105 3314//1105 3315//1105
f 3316//1106 3317//1106 3318//1106
f 3319//1107 3320//1107 3321//1107
f 3322//1108 3323//1108 3324//1108
f 3325//1109 3326//1109 3327//1109
f 3328//1110 3329//1110 3330//1110
f 3331//1111 3332//1111 3333//1111
f 3334//1112 3335//1112 3336//1112
f 3337//1113 3338//1113 3339//1113
f 3340//1114 3341//1114 3342//1114
f 3343//1115 3344//1115 3345//1115
f 3346//1116 3347//1116 3348//1116
f 3349//1117 3350//1117 3351//1117
f 3352//1118 3353//1118 3354//1118
f 3355//1119 3356//1119 3357//1119
f 3358//1120 3359//1120 3360//1120
f 3361//1121 3362//1121 3363//1121
f 3364//1122 3365//1122 3366//1122
f 3367//1123 3368//1123 3369//1123
f 3370//1124 3371//1124 3372//1124
f 3373//1125 3374//1125 3375//1125
f 3376//1126 3377//1126 3378//1126
f 3379//1127 3380//1127 3381//1127
f 3382//1128 3383//1128 3384//1128
f 3385//1129 3386//1129 3387//1129
f 3388//1130 3389//1130 3390//1130
f 3391//1131 3392//1131 3393//1131
f 3394//1132 3395//1132 3396//1132
f 3397//1133 3398//1133 3399//1133
f 3400//1134 3401//1134 3402//1134
f 3403//1135 3404//1135 3405//1135
f 3406//1136 3407//1136 3408//1136
f 3409//1137 3410//1137 3411//1137
f 3412//1138 3413//1138 3414//1138
f 3415//1139 3416//1139 3417//1139
f 3418//1140 3419//1140 3420//1140
f 3421//1141 3422//1141 3423//1141
f 3424//1142 3425//1142 3426//1142
f 3427//1143 3428//1143 3429//1143
f 3430//1144 3431//1144 3432//1144
f 3433//1145 3434//1145 3435//1145
f 3436//1146 3437//1146 3438//1146
f 3439//1147 3440//1147 3441//1147
f 3442//1148 3443//1148 3444//1148
f 3445//1149 3446//1149 3447//1149
f 3448//1150 3449//1150 3450//1150
f 3451//1151 3452//1151 3453//1151
f 3454//1152 3455//1152 3456//1152
f 3457//1153 3458//1153 3459//1153
f 3460//1154 3461//1154 3462//1154
f 3463//1155 3464//1155 3465//1155
f 3466//1156 3467//1156 3468//1156
f 3469//1157 3470//1157 3471//1157
f 3472//1158 3473//1158 3474//1158
f 3475//1159 3476//1159 3477//1159
f 3478//1160 3479//1160 3480//1160
f 3481//1161 3482//1161 3483//1161
f 3484//1162 3485//1162 3486//1162
f 3487//1163 3488//1163 3489//1163
f 3490//1164 3491//1164 3492//1164
f 3493//1165 3494//1165 3495//1165
f 3496//1166 3497//1166 3498//1166
f 3499//1167 3500//1167 3501//1167
f 3502//1168 3503//1168 3504//1168
f 3505//1169 3506//1169 3507//1169
f 3508//1170 3509//1170 3510//1170
f 3511//1171 3512//1171 3513//1171
f 3514//1172 3515//1172 3516//1172
f 3517//1173 3518//1173 3519//1173
f 3520//1174 3521//1174 3522//1174
f 3523//1175 3524//1175 3525//1175
f 3526//1176 3527//1176 3528//1176
f 3529//1177 3530//1177 3531//1177
f 3532//1178 3533//1178 3534//1178
f 3535//1179 3536//1179 3537//1179
f 3538//1180 3539//1180 3540//1180
f 3541//1181 3542//1181 3543//1181
f 3544//1182 3545//1182 3546//1182
f 3547//1183 3548//1183 3549//1183
f 3550//1184 3551//1184 3552//1184
f 3553//1185 3554//1185 3555//1185
f 3556//1186 3557//1186 3558//1186
f 3559//1187 3560//1187 3561//1187
f 3562//1188 3563//1188 3564//1188
f 3565//1189 3566//1189 3567//1189
f 3568//1190 3569//1190 3570//1190
f 3571//1191 3572//1191 3573//1191
f 3574//1192 3575//1192 3576//1192
f 3577//1193 3578//1193 3579//1193
f 3580//1194 3581//1194 3582//1194
f 3583//1195 3584//1195 3585//1195
f 3586//1196 3587//1196 3588//1196
f 3589//1197 3590//1197 3591//1197
f 3592//1198 3593//1198 3594//1198
f 3595//1199 3596//1199 3597//1199
f 3598//1200 3599//1200 3600//1200
f 3601//1201 3602//1201 3603//1201
f 3604//1202 3605//1202 3606//1202
f 3607//1203 3608//1203 3609//1203
f 3610//1204 3611//1204 3612//1204
f 3613//1205 3614//1205 3615//1205
f 3616//1206 3617//1206 3618//1206
f 3619//1207 3620//1207 3621//1207
f 3622//1208 3623//1208 3624//1208
f 3625//1209 3626//1209 3627//1209
f 3628//1210 3629//1210 3630//1210
f 3631//1211 3632//1211 3633//1211
f 3634//1212 3635//1212 3636//1212
f 3637//1213 3638//1213 3639//1213
f 3640//1214 3641//1214 3642//1214
f 3643//1215 3644//1215 3645//1215
f 3646//1216 3647//1216 3648//1216
f 3649//1217 3650//1217 3651//1217
f 3652//1218 3653//1218 3654//1218
f 3655//1219 3656//1219 3657//1219
f 3658//1220 3659//1220 3660//1220
f 3661//1221 3662//1221 3663//1221
f 3664//1222 3665//1222 3666//1222
f 3667//1223 3668//1223 3669//1223
f 3670//1224 3671//1224 3672//1224
f 3673//1225 3674//1225 3675//1225
f 3676//1226 3677//1226 3678//1226
f 3679//1227 3680//1227 3681//1227
f 3682//1228 3683//1228 3684//1228
f 3685//1229 3686//1229 3687//1229
f 3688//1230 3689//1230 3690//1230
f 3691//1231 3692//1231 3693//1231
f 3694//1232 3695//1232 3696//1232
f 3697//1233 3698//1233 3699//1233
f 3700//1234 3701//1234 3702//1234
f 3703//1235 3704//1235 3705//1235
f 3706//1236 3707//1236 3708//1236
f 3709//1237 3710//1237 3711//1237
f 3712//1238 3713//1238 3714//1238
f 3715//1239 3716//1239 3717//1239
f 3718//1240 3719//1240 3720//1240
f 3721//1241 3722//1241 3723//1241
f 3724//1242 3725//1242 3726//1242
f 3727//1243 3728//1243 3729//1243
f 3730//1244 3731//1244 3732//1244
f 3733//1245 3734//1245 3735//1245
f 3736//1246 3737//1246 3738//1246
f 3739//1247 3740//1247 3741//1247
f 3742//1248 3743//1248 3744//1248
f 3745//1249 3746//1249 3747//1249
f 3748//1250 3749//1250 3750//1250
f 3751//1251 3752//1251 3753//1251
f 3754//1252 3755//1252 3756//1252
f 3757//1253 3758//1253 3759//1253
f 3760//1254 3761//1254 3762//1254
f 3763//1255 3764//1255 3765//1255
f 3766//1256 3767//1256 3768//1256
f 3769//1257 3770//1257 3771//1257
f 3772//1258 3773//1258 3774//1258
f 3775//1259 3776//1259 3777//1259
f 3778//1260 3779//1260 3780//1260
f 3781//1261 3782//1261 3783//1261
f 3784//1262 3785//1262 3786//1262
f 3787//1263 3788//1263 3789//1263
f 3790//1264 3791//1264 3792//1264
f 3793//1265 3794//1265 3795//1265
f 3796//1266 3797//1266 3798//1266
f 3799//1267 3800//1267 3801//1267
f 3802//1268 3803//1268 3804//1268
f 3805//1269 3806//1269 3807//1269
f 3808//1270 3809//1270 3810//1270
f 3811//1271 3812//1271 3813//1271
f 3814//1272 3815//1272 3816//1272
f 3817//1273 3818//1273 3819//1273
f 3820//1274 3821//1274 3822//1274
f 3823//1275 3824//1275 3825//1275
f 3826//1276 3827//1276 3828//1276
f 3829//1277 3830//1277 3831//1277
f 3832//1278 3833//1278 3834//1278
f 3835//1279 3836//1279 3837//1279
f 3838//1280 3839//1280 3840//1280
f 3841//1281 3842//1281 3843//1281
f 3844//1282 3845//1282 3846//1282
f 3847//1283 3848//1283 3849//1283
f 3850//1284 3851//1284 3852//1284
f 3853//1285 3854//1285 3855//1285
f 3856//1286 3857//1286 3858//1286
f 3859//1287 3860//1287 3861//1287
f 3862//1288 3863//1288 3864//1288
f 3865//1289 3866//1289 3867//1289
f 3868//1290 3869//1290 3870//1290
f 3871//1291 3872//1291 3873//1291
f 3874//1292 3875//1292 3876//1292
f 3877//1293 3878//1293 3879//1293
f 3880//1294 3881//1294 3882//1294
f 3883//1295 3884//1295 3885//1295
f 3886//1296 3887//1296 3888//1296
f 3889//1297 3890//1297 3891//1297
f 3892//1298 3893//1298 3894//1298
f 3895//1299 3896//1299 3897//1299
f 3898//1300 3899//1300 3900//1300
f 3901//1301 3902//1301 3903//1301
f 3904//1302 3905//1302 3906//1302
f 3907//1303 3908//1303 3909//1303
f 3910//1304 3911//1304 3912//1304
f 3913//1305 3914//1305 3915//1305
f 3916//1306 3917//1306 3918//1306
f 3919//1307 3920//1307 3921//1307
f 3922//1308 3923//1308 3924//1308
f 3925//1309 3926//1309 3927//1309
f 3928//1310 3929//1310 3930//1310
f 3931//1311 3932//1311 3933//1311
f 3934//1312 3935//1312 3936//1312
f 3937//1313 3938//1313 3939//1313
f 3940//1314 3941//1314 3942//1314
f 3943//1315 3944//1315 3945//1315
f 3946//1316 3947//1316 3948//1316
f 3949//1317 3950//1317 3951//1317
f 3952//1318 3953//1318 3954//1318
f 3955//1319 3956//1319 3957//1319
f 3958//1320 3959//1320 3960//1320
f 3961//1321 3962//1321 3963//1321
f 3964//1322 3965//1322 3966//1322
f 3967//1323 3968//1323 3969//1323
f 3970//1324 3971//1324 3972//1324
f 3973//1325 3974//1325 3975//1325
f 3976//1326 3977//1326 3978//1326
f 3979//1327 3980//1327 3981//1327
f 3982//1328 3983//1328 3984//1328
f 3985//1329 3986//1329 3987//1329
f 3988//1330 3989//1330 3990//1330
f 3991//1331 3992//1331 3993//1331
f 3994//1332 3995//1332 3996//1332
f 3997//1333 3998//1333 3999//1333
f 4000//1334 4001//1334 4002//1334
f 4003//1335 4004//1335 4005//1335
f 4006//1336 4007//1336 4008//1336
f 4009//1337 4010//1337 4011//1337
f 4012//1338 4013//1338 4014//1338
f 4015//1339 4016//1339 4017//1339
f 4018//1340 4019//1340 4020//1340
f 4021//1341 4022//1341 4023//1341
f 4024//1342 4025//1342 4026//1342
f 4027//1343 4028//1343 4029//1343
f 4030//1344 4031//1344 4032//1344
f 4033//1345 4034//1345 4035//1345
f 4036//1346 4037//1346 4038//1346
f 4039//1347 4040//1347 4041//1347
f 4042//1348 4043//1348 4044//1348
f 4045//1349 4046//1349 4047//1349
f 4048//1350 4049//1350 4050//1350
f 4051//1351 4052//1351 4053//1351
f 4054//1352 4055//1352 4056//1352
f 4057//1353 4058//1353 4059//1353
f 4060//1354 4061//1354 4062//1354
f 4063//1355 4064//1355 4065//1355
f 4066//1356 4067//1356 4068//1356
f 4069//1357 4070//1357 4071//1357
f 4072//1358 4073//1358 4074//1358
f 4075//1359 4076//1359 4077//1359
f 4078//1360 4079//1360 4080//1360
f 4081//1361 4082//1361 4083//1361
f 4084//1362 4085//1362 4086//1362
f 4087//1363 4088//1363 4089//1363
f 4090//1364 4091//1364 4092//1364
f 4093//1365 4094//1365 4095//1365
f 4096//1366 4097//1366 4098//1366
f 4099//1367 4100//1367 4101//1367
f 4102//1368 4103//1368 4104//1368
f 4105//1369 4106//1369 4107//1369
f 4108//1370 4109//1370 4110//1370
f 4111//1371 4112//1371 4113//1371
f 4114//1372 4115//1372 4116//1372
f 4117//1373 4118//1373 4119//1373
f 4120//1374 4121//1374 4122//1374
f 4123//1375 4124//1375 4125//1375
f 4126//1376 4127//1376 4128//1376
f 4129//1377 4130//1377 4131//1377
f 4132//1378 4133//1378 4134//1378
f 4135//1379 4136//1379 4137//1379
f 4138//1380 4139//1380 4140//1380
f 4141//1381 4142//1381 4143//1381
f 4144//1382 4145//1382 4146//1382
f 4147//1383 4148//1383 4149//1383
f 4150//1384 4151//1384 4152//1384
f 4153//1385 4154//1385 4155//1385
f 4156//1386 4157//1386 4158//1386
f 4159//1387 4160//1387 4161//1387
f 4162//1388 4163//1388 4164//1388
f 4165//1389 4166//1389 4167//1389
f 4168//1390 4169//1390 4170//1390
f 4171//1391 4172//1391 4173//1391
f 4174//1392 4175//1392 4176//1392
f 4177//1393 4178//1393 4179//1393
f 4180//1394 4181//1394 4182//1394
f 4183//1395 4184//1395 4185//1395
f 4186//1396 4187//1396 4188//1396
f 4189//1397 4190//1397 4191//1397
f 4192//1398 4193//1398 4194//1398
f 4195//1399 4196//1399 4197//1399
f 4198//1400 4199//1400 4200//1400
f 4201//1401 4202//1401 4203//1401
f 4204//1402 4205//1402 4206//1402
f 4207//1403 4208//1403 4209//1403
f 4210//1404 4211//1404 4212//1404
f 4213//1405 4214//1405 4215//1405
f 4216//1406 4217//1406 4218//1406
f 4219//1407 4220//1407 4221//1407
f 4222//1408 4223//1408 4224//1408
f 4225//1409 4226//1409 4227//1409
f 4228//1410 4229//1410 4230//1410
f 4231//1411 4232//1411 4233//1411
f 4234//1412 4235//1412 4236//1412
f 4237//1413 4238//1413 4239//1413
f 4240//1414 4241//1414 4242//1414
f 4243//1415 4244//1415 4245//1415
f 4246//1416 4247//1416 4248//1416
f 4249//1417 4250//1417 4251//1417
f 4252//1418 4253//1418 4254//1418
f 4255//1419 4256//1419 4257//1419
f 4258//1420 4259//1420 4260//1420
f 4261//1421 4262//1421 4263//1421
f 4264//1422 4265//1422 4266//1422
f 4267//1423 4268//1423 4269//1423
f 4270//1424 4271//1424 4272//1424
f 4273//1425 4274//1425 4275//1425
f 4276//1426 4277//1426 4278//1426
f 4279//1427 4280//1427 4281//1427
f 4282//1428 4283//1428 4284//1428
f 4285//1429 4286//1429 4287//1429
f 4288//1430 4289//1430 4290//1430
f 4291//1431 4292//1431 4293//1431
f 4294//1432 4295//1432 4296//1432
f 4297//1433 4298//1433 4299//1433
f 4300//1434 4301//1434 4302//1434
f 4303//1435 4304//1435 4305//1435
f 4306//1436 4307//1436 4308//1436
f 4309//1437 4310//1437 4311//1437
f 4312//1438 4313//1438 4314//1438
f 4315//1439 4316//1439 4317//1439
f 4318//1440 4319//1440 4320//1440
f 4321//1441 4322//1441 4323//1441
f 4324//1442 4325//1442 4326//1442
f 4327//1443 4328//1443 4329//1443
f 4330//1444 4331//1444 4332//1444
f 4333//1445 4334//1445 4335//1445
f 4336//1446 4337//1446 4338//1446
f 4339//1447 4340//1447 4341//1447
f 4342//1448 4343//1448 4344//1448
f 4345//1449 4346//1449 4347//1449
f 4348//1450 4349//1450 4350//1450
f 4351//1451 4352//1451 4353//1451
f 4354//1452 4355//1452 4356//1452
f 4357//1453 4358//1453 4359//1453
f 4360//1454 4361//1454 4362//1454
f 4363//1455 4364//1455 4365//1455
f 4366//1456 4367//1456 4368//1456
f 4369//1457 4370//1457 4371//1457
f 4372//1458 4373//1458 4374//1458
f 4375//1459 4376//1459 4377//1459
f 4378//1460 4379//1460 4380//1460
f 4381//1461 4382//1461 4383//1461
f 4384//1462 4385//1462 4386//1462
f 4387//1463 4388//1463 4389//1463
f 4390//1464 4391//1464 4392//1464
f 4393//1465 4394//1465 4395//1465
f 4396//1466 4397//1466 4398//1466
f 4399//1467 4400//1467 4401//1467
f 4402//1468 4403//1468 4404//1468
f 4405//1469 4406//1469 4407//1469
f 4408//1470 4409//1470 4410//1470
f 4411//1471 4412//1471 4413//1471
f 4414//1472 4415//1472 4416//1472
f 4417//1473 4418//1473 4419//1473
f 4420//1474 4421//1474 4422//1474
f 4423//1475 4424//1475 4425//1475
f 4426//1476 4427//1476 4428//1476
f 4429//1477 4430//1477 4431//1477
f 4432//1478 4433//1478 4434//1478
f 4435//1479 4436//1479 4437//1479
f 4438//1480 4439//1480 4440//1480
f 4441//1481 4442//1481 4443//1481
f 4444//1482 4445//1482 4446//1482
f 4447//1483 4448//1483 4449//1483
f 4450//1484 4451//1484 4452//1484
f 4453//1485 4454//1485 4455//1485
f 4456//1486 4457//1486 4458//1486
f 4459//1487 4460//1487 4461//1487
f 4462//1488 4463//1488 4464//1488
f 4465//1489 4466//1489 4467//1489
f 4468//1490 4469//1490 4470//1490
f 4471//1491 4472//1491 4473//1491
f 4474//1492 4475//1492 4476//1492
f 4477//1493 4478//1493 4479//1493
f 4480//1494 4481//1494 4482//1494
f 4483//1495 4484//1495 4485//1495
f 4486//1496 4487//1496 4488//1496
f 4489//1497 4490//1497 4491//1497
f 4492//1498 4493//1498 4494//1498
f 4495//1499 4496//1499 4497//1499
f 4498//1500 4499//1500 4500//1500
f 4501//1501 4502//1501 4503//1501
f 4504//1502 4505//1502 4506//1502
f 4507//1503 4508//1503 4509//1503
f 4510//1504 4511//1504 4512//1504
f 4513//1505 4514//1505 4515//1505
f 4516//1506 4517//1506 4518//1506
f 4519//1507 4520//1507 4521//1507
f 4522//1508 4523//1508 4524//1508
f 4525//1509 4526//1509 4527//1509
f 4528//1510 4529//1510 4530//1510
f 4531//1511 4532//1511 4533//1511
f 4534//1512 4535//1512 4536//1512
f 4537//1513 4538//1513 4539//1513
f 4540//1514 4541//1514 4542//1514
f 4543//1515 4544//1515 4545//1515
f 4546//1516 4547//1516 4548//1516
f 4549//1517 4550//1517 4551//1517
f 4552//1518 4553//1518 4554//1518
f 4555//1519 4556//1519 4557//1519
f 4558//1520 4559//1520 4560//1520
f 4561//1521 4562//1521 4563//1521
f 4564//1522 4565//1522 4566//1522
f 4567//1523 4568//1523 4569//1523
f 4570//1524 4571//1524 4572//1524
f 4573//1525 4574//1525 4575//1525
f 4576//1526 4577//1526 4578//1526
f 4579//1527 4580//1527 4581//1527
f 4582//1528 4583//1528 4584//1528
f 4585//1529 4586//1529 4587//1529
f 4588//1530 4589//1530 4590//1530
f 4591//1531 4592//1531 4593//1531
f 4594//1532 4595//1532 4596//1532
f 4597//1533 4598//1533 4599//1533
f 4600//1534 4601//1534 4602//1534
f 4603//1535 4604//1535 4605//1535
f 4606//1536 4607//1536 4608//1536
f 4609//1537 4610//1537 4611//1537
f 4612//1538 4613//1538 4614//1538
f 4615//1539 4616//1539 4617//1539
f 4618//1540 4619//1540 4620//1540
f 4621//1541 4622//1541 4623//1541
f 4624//1542 4625//1542 4626//1542
f 4627//1543 4628//1543 4629//1543
f 4630//1544 4631//1544 4632//1544
f 4633//1545 4634//1545 4635//1545
f 4636//1546 4637//1546 4638//1546
f 4639//1547 4640//1547 4641//1547
f 4642//1548 4643//1548 4644//1548
f 4645//1549 4646//1549 4647//1549
f 4648//1550 4649//1550 4650//1550
f 4651//1551 4652//1551 4653//1551
f 4654//1552 4655//1552 4656//1552
f 4657//1553 4658//1553 4659//1553
f 4660//1554 4661//1554 4662//1554
f 4663//1555 4664//1555 4665//1555
f 4666//1556 4667//1556 4668//1556
f 4669//1557 4670//1557 4671//1557
f 4672//1558 4673//1558 4674//1558
f 4675//1559 4676//1559 4677//1559
f 4678//1560 4679//1560 4680//1560
f 4681//1561 4682//1561 4683//1561
f 4684//1562 4685//1562 4686//1562
f 4687//1563 4688//1563 4689//1563
f 4690//1564 4691//1564 4692//1564
f 4693//1565 4694//1565 4695//1565
f 4696//1566 4697//1566 4698//1566
f 4699//1567 4700//1567 4701//1567
f 4702//1568 4703//1568 4704//1568
f 4705//1569 4706//1569 4707//1569
f 4708//1570 4709//1570 4710//1570
f 4711//1571 4712//1571 4713//1571
f 4714//1572 4715//1572 4716//1572
f 4717//1573 4718//1573 4719//1573
f 4720//1574 4721//1574 4722//1574
f 4723//1575 4724//1575 4725//1575
f 4726//1576 4727//1576 4728//1576
f 4729//1577 4730//1577 4731//1577
f 4732//1578 4733//1578 4734//1578
f 4735//1579 4736//1579 4737//1579
f 4738//1580 4739//1580 4740//1580
f 4741//1581 4742//1581 4743//1581
f 4744//1582 4745//1582 4746//1582
f 4747//1583 4748//1583 4749//1583
f 4750//1584 4751//1584 4752//1584
f 4753//1585 4754//1585 4755//1585
f 4756//1586 4757//1586 4758//1586
f 4759//1587 4760//1587 4761//1587
f 4762//1588 4763//1588 4764//1588
f 4765//1589 4766//1589 4767//1589
f 4768//1590 4769//1590 4770//1590
f 4771//1591 4772//1591 4773//1591
f 4774//1592 4775//1592 4776//1592
f 4777//1593 4778//1593 4779//1593
f 4780//1594 4781//1594 4782//1594
f 4783//1595 4784//1595 4785//1595
f 4786//1596 4787//1596 4788//1596
f 4789//1597 4790//1597 4791//1597
f 4792//1598 4793//1598 4794//1598
f 4795//1599 4796//1599 4797//1599
f 4798//1600 4799//1600 4800//1600
f 4801//1601 4802//1601 4803//1601
f 4804//1602 4805//1602 4806//1602
f 4807//1603 4808//1603 4809//1603
f 4810//1604 4811//1604 4812//1604
f 4813//1605 4814//1605 4815//1605
f 4816//1606 4817//1606 4818//1606
f 4819//1607 4820//1607 4821//1607
f 4822//1608 4823//1608 4824//1608
f 4825//1609 4826//1609 4827//1609
f 4828//1610 4829//1610 4830//1610
f 4831//1611 4832//1611 4833//1611
f 4834//1612 4835//1612 4836//1612
f 4837//1613 4838//1613 4839//1613
f 4840//1614 4841//1614 4842//1614
f 4843//1615 4844//1615 4845//1615
f 4846//1616 4847//1616 4848//1616
f 4849//1617 4850//1617 4851//1617
f 4852//1618 4853//1618 4854//1618
f 4855//1619 4856//1619 4857//1619
f 4858//1620 4859//1620 4860//1620
f 4861//1621 4862//1621 4863//1621
f 4864//1622 4865//1622 4866//1622
f 4867//1623 4868//1623 4869//1623
f 4870//1624 4871//1624 4872//1624
f 4873//1625 4874//1625 4875//1625
f 4876//1626 4877//1626 4878//1626
f 4879//1627 4880//1627 4881//1627
f 4882//1628 4883//1628 4884//1628
f 4885//1629 4886//1629 4887//1629
f 4888//1630 4889//1630 4890//1630
f 4891//1631 4892//1631 4893//1631
f 4894//1632 4895//1632 4896//1632
f 4897//1633 4898//1633 4899//1633
f 4900//1634 4901//1634 4902//1634
f 4903//1635 4904//1635 4905//1635
f 4906//1636 4907//1636 4908//1636
f 4909//1637 4910//1637 4911//1637
f 4912//1638 4913//1638 4914//1638
f 4915//1639 4916//1639 4917//1639
f 4918//1640 4919//1640 4920//1640
f 4921//1641 4922//1641 4923//1641
f 4924//1642 4925//1642 4926//1642
f 4927//1643 4928//1643 4929//1643
f 4930//1644 4931//1644 4932//1644
f 4933//1645 4934//1645 4935//1645
f 4936//1646 4937//1646 4938//1646
f 4939//1647 4940//1647 4941//1647
f 4942//1648 4943//1648 4944//1648
f 4945//1649 4946//1649 4947//1649
f 4948//1650 4949//1650 4950//1650
f 4951//1651 4952//1651 4953//1651
f 4954//1652 4955//1652 4956//1652
f 4957//1653 4958//1653 4959//1653
f 4960//1654 4961//1654 4962//1654
f 4963//1655 4964//1655 4965//1655
f 4966//1656 4967//1656 4968//1656
f 4969//1657 4970//1657 4971//1657
f 4972//1658 4973//1658 4974//1658
f 4975//1659 4976//1659 4977//1659
f 4978//1660 4979//1660 4980//1660
f 4981//1661 4982//1661 4983//1661
f 4984//1662 4985//1662 4986//1662
f 4987//1663 4988//1663 4989//1663
f 4990//1664 4991//1664 4992//1664
f 4993//1665 4994//1665 4995//1665
f 4996//1666 4997//1666 4998//1666
f 4999//1667 5000//1667 5001//1667
f 5002//1668 5003//1668 5004//1668
f 5005//1669 5006//1669 5007//1669
f 5008//1670 5009//1670 5010//1670
f 5011//1671 5012//1671 5013//1671
f 5014//1672 5015//1672 5016//1672
f 5017//1673 5018//1673 5019//1673
f 5020//1674 5021//1674 5022//1674
f 5023//1675 5024//1675 5025//1675
f 5026//1676 5027//1676 5028//1676
f 5029//1677 5030//1677 5031//1677
f 5032//1678 5033//1678 5034//1678
f 5035//1679 5036//1679 5037//1679
f 5038//1680 5039//1680 5040//1680
f 5041//1681 5042//1681 5043//1681
f 5044//1682 5045//1682 5046//1682
f 5047//1683 5048//1683 5049//1683
f 5050//1684 5051//1684 5052//1684
f 5053//1685 5054//1685 5055//1685
f 5056//1686 5057//1686 5058//1686
f 5059//1687 5060//1687 5061//1687
f 5062//1688 5063//1688 5064//1688
f 5065//1689 5066//1689 5067//1689
f 5068//1690 5069//1690 5070//1690
f 5071//1691 5072//1691 5073//1691
f 5074//1692 5075//1692 5076//1692
f 5077//1693 5078//1693 5079//1693
f 5080//1694 5081//1694 5082//1694
f 5083//1695 5084//1695 5085//1695
f 5086//1696 5087//1696 5088//1696
f 5089//1697 5090//1697 5091//1697
f 5092//1698 5093//1698 5094//1698
f 5095//1699 5096//1699 5097//1699
f 5098//1700 5099//1700 5100//1700
f 5101//1701 5102//1701 5103//1701
f 5104//1702 5105//1702 5106//1702
f 5107//1703 5108//1703 5109//1703
f 5110//1704 5111//1704 5112//1704
f 5113//1705 5114//1705 5115//1705
f 5116//1706 5117//1706 5118//1706
f 5119//1707 5120//1707 5121//1707
f 5122//1708 5123//1708 5124//1708
f 5125//1709 5126//1709 5127//1709
f 5128//1710 5129//1710 5130//1710
f 5131//1711 5132//1711 5133//1711
f 5134//1712 5135//1712 5136//1712
f 5137//1713 5138//1713 5139//1713
f 5140//1714 5141//1714 5142//1714
f 5143//1715 5144//1715 5145//1715
f 5146//1716 5147//1716 5148//1716
f 5149//1717 5150//1717 5151//1717
f 5152//1718 5153//1718 5154//1718
f 5155//1719 5156//1719 5157//1719
f 5158//1720 5159//1720 5160//1720
f 5161//1721 5162//1721 5163//1721
f 5164//1722 5165//1722 5166//1722
f 5167//1723 5168//1723 5169//1723
f 5170//1724 5171//1724 5172//1724
f 5173//1725 5174//1725 5175//1725
f 5176//1726 5177//1726 5178//1726
f 5179//1727 5180//1727 5181//1727
f 5182//1728 5183//1728 5184//1728
f 5185//1729 5186//1729 5187//1729
f 5188//1730 5189//1730 5190//1730
f 5191//1731 5192//1731 5193//1731
f 5194//1732 5195//1732 5196//1732
f 5197//1733 5198//1733 5199//1733
f 5200//1734 5201//1734 5202//1734
f 5203//1735 5204//1735 5205//1735
f 5206//1736 5207//1736 5208//1736
f 5209//1737 5210//1737 5211//1737
f 5212//1738 5213//1738 5214//1738
f 5215//1739 5216//1739 5217//1739
f 5218//1740 5219//1740 5220//1740
f 5221//1741 5222//1741 5223//1741
f 5224//1742 5225//1742 5226//1742
f 5227//1743 5228//1743 5229//1743
f 5230//1744 5231//1744 5232//1744
f 5233//1745 5234//1745 5235//1745
f 5236//1746 5237//1746 5238//1746
f 5239//1747 5240//1747 5241//1747
f 5242//1748 5243//1748 5244//1748
f 5245//1749 5246//1749 5247//1749
f 5248//1750 5249//1750 5250//1750
f 5251//1751 5252//1751 5253//1751
f 5254//1752 5255//1752 5256//1752
f 5257//1753 5258//1753 5259//1753
f 5260//1754 5261//1754 5262//1754
f 5263//1755 5264//1755 5265//1755
f 5266//1756 5267//1756 5268//1756
f 5269//1757 5270//1757 5271//1757
f 5272//1758 5273//1758 5274//1758
f 5275//1759 5276//1759 5277//1759
f 5278//1760 5279//1760 5280//1760
f 5281//1761 5282//1761 5283//1761
f 5284//1762 5285//1762 5286//1762
f 5287//1763 5288//1763 5289//1763
f 5290//1764 5291//1764 5292//1764
f 5293//1765 5294//1765 5295//1765
f 5296//1766 5297//1766 5298//1766
f 5299//1767 5300//1767 5301//1767
f 5302//1768 5303//1768 5304//1768
f 5305//1769 5306//1769 5307//1769
f 5308//1770 5309//1770 5310//1770
f 5311//1771 5312//1771 5313//1771
f 5314//1772 5315//1772 5316//1772
f 5317//1773 5318//1773 5319//1773
f 5320//1774 5321//1774 5322//1774
f 5323//1775 5324//1775 5325//1775
f 5326//1776 5327//1776 5328//1776
f 5329//1777 5330//1777 5331//1777
f 5332//1778 5333//1778 5334//1778
f 5335//1779 5336//1779 5337//1779
f 5338//1780 5339//1780 5340//1780
f 5341//1781 5342//1781 5343//1781
f 5344//1782 5345//1782 5346//1782
f 5347//1783 5348//1783 5349//1783
f 5350//1784 5351//1784 5352//1784
f 5353//1785 5354//1785 5355//1785
f 5356//1786 5357//1786 5358//1786
f 5359//1787 5360//1787 5361//1787
f 5362//1788 5363//1788 5364//1788
f 5365//1789 5366//1789 5367//1789
f 5368//1790 5369//1790 5370//1790
f 5371//1791 5372//1791 5373//1791
f 5374//1792 5375//1792 5376//1792
f 5377//1793 5378//1793 5379//1793
f 5380//1794 5381//1794 5382//1794
f 5383//1795 5384//1795 5385//1795
f 5386//1796 5387//1796 5388//1796
f 5389//1797 5390//1797 5391//1797
f 5392//1798 5393//1798 5394//1798
f 5395//1799 5396//1799 5397//1799
f 5398//1800 5399//1800 5400//1800
f 5401//1801 5402//1801 5403//1801
f 5404//1802 5405//1802 5406//1802
f 5407//1803 5408//1803 5409//1803
f 5410//1804 5411//1804 5412//1804
f 5413//1805 5414//1805 5415//1805
f 5416//1806 5417//1806 5418//1806
f 5419//1807 5420//1807 5421//1807
f 5422//1808 5423//1808 5424//1808
f 5425//1809 5426//1809 5427//1809
f 5428//1810 5429//1810 5430//1810
f 5431//1811 5432//1811 5433//1811
f 5434//1812 5435//1812 5436//1812
f 5437//1813 5438//1813 5439//1813
f 5440//1814 5441//1814 5442//1814
f 5443//1815 5444//1815 5445//1815
f 5446//1816 5447//1816 5448//1816
f 5449//1817 5450//1817 5451//1817
f 5452//1818 5453//1818 5454//1818
f 5455//1819 5456//1819 5457//1819
f 5458//1820 5459//1820 5460//1820
f 5461//1821 5462//1821 5463//1821
f 5464//1822 5465//1822 5466//1822
f 5467//1823 5468//1823 5469//1823
f 5470//1824 5471//1824 5472//1824
f 5473//1825 5474//1825 5475//1825
f 5476//1826 5477//1826 5478//1826
f 5479//1827 5480//1827 5481//1827
f 5482//1828 5483//1828 5484//1828
f 5485//1829 5486//1829 5487//1829
f 5488//1830 5489//1830 5490//1830
f 5491//1831 5492//1831 5493//1831
f 5494//1832 5495//1832 5496//1832
f 5497//1833 5498//1833 5499//1833
f 5500//1834 5501//1834 5502//1834
f 5503//1835 5504//1835 5505//1835
f 5506//1836 5507//1836 5508//1836
f 5509//1837 5510//1837 5511//1837
f 5512//1838 5513//1838 5514//1838
f 5515//1839 5516//1839 5517//1839
f 5518//1840 5519//1840 5520//1840
f 5521//1841 5522//1841 5523//1841
f 5524//1842 5525//1842 5526//1842
f 5527//1843 5528//1843 5529//1843
f 5530//1844 5531//1844 5532//1844
f 5533//1845 5534//1845 5535//1845
f 5536//1846 5537//1846 5538//1846
f 5539//1847 5540//1847 5541//1847
f 5542//1848 5543//1848 5544//1848
f 5545//1849 5546//1849 5547//1849
f 5548//1850 5549//1850 5550//1850
f 5551//1851 5552//1851 5553//1851
f 5554//1852 5555//1852 5556//1852
f 5557//1853 5558//1853 5559//1853
f 5560//1854 5561//1854 5562//1854
f 5563//1855 5564//1855 5565//1855
f 5566//1856 5567//1856 5568//1856
